Layers,Mixes_per_Layer,Run,Target_Index,Entropy
3,3,0,0,10.042839202130327
3,3,1,0,9.938228115029384
3,3,2,0,9.93356714430012
3,3,3,0,9.936266924059549
3,3,4,0,9.960215569977347
3,3,5,0,9.96306904919611
3,3,6,0,9.933136754685076
3,3,7,0,9.94401659184049
3,3,8,0,10.027638758855606
3,3,9,0,9.938812156374958
3,3,10,0,10.031000788699291
3,3,11,0,10.01069761639894
3,3,12,0,9.88201414187012
3,3,13,0,9.983345847594334
3,3,14,0,9.956716019912346
3,3,0,1,9.968366767474244
3,3,1,1,9.976582167288985
3,3,2,1,9.909448327848873
3,3,3,1,9.880695748761779
3,3,4,1,9.966167125425581
3,3,5,1,10.013579921492559
3,3,6,1,9.975834171104514
3,3,7,1,9.907225477231592
3,3,8,1,10.092821086806222
3,3,9,1,9.908124204695154
3,3,10,1,9.972679237952828
3,3,11,1,9.898450083038677
3,3,12,1,9.949717869212753
3,3,13,1,10.029848558694514
3,3,14,1,9.967588355012333
3,3,0,2,9.97244011176014
3,3,1,2,9.923800832898836
3,3,2,2,9.962291661544981
3,3,3,2,9.922540115034764
3,3,4,2,10.016649107617013
3,3,5,2,9.971968855648436
3,3,6,2,10.019854622370888
3,3,7,2,10.00753208698846
3,3,8,2,9.944739067641308
3,3,9,2,9.814793690522995
3,3,10,2,9.948403497165286
3,3,11,2,9.895204654142132
3,3,12,2,9.930579687719876
3,3,13,2,10.032826617568132
3,3,14,2,10.029923102907743
3,3,0,3,9.957998898864135
3,3,1,3,9.918423614029823
3,3,2,3,9.910491985786043
3,3,3,3,10.066706376691961
3,3,4,3,10.00815924288389
3,3,5,3,9.967948402893962
3,3,6,3,10.05061603673382
3,3,7,3,9.94105583392341
3,3,8,3,10.019964419845524
3,3,9,3,9.910677649325512
3,3,10,3,9.945532193823496
3,3,11,3,9.955757522387495
3,3,12,3,10.079818921998005
3,3,13,3,10.02655904620885
3,3,14,3,9.952808138575492
3,3,0,4,9.89926539779465
3,3,1,4,9.97011807718487
3,3,2,4,10.000388574324985
3,3,3,4,10.043938124723677
3,3,4,4,10.029444969569845
3,3,5,4,9.977749753295981
3,3,6,4,10.008172910038203
3,3,7,4,9.864733539423728
3,3,8,4,9.994318832177564
3,3,9,4,9.879910069394697
3,3,10,4,9.980433304745866
3,3,11,4,9.883293379838562
3,3,12,4,9.972691883014265
3,3,13,4,9.98202859916346
3,3,14,4,9.944842677970115
3,3,0,5,9.984129472672016
3,3,1,5,10.009178742444027
3,3,2,5,9.983450748609943
3,3,3,5,9.973923254264125
3,3,4,5,10.06697157814447
3,3,5,5,9.998592688181638
3,3,6,5,10.047608498289343
3,3,7,5,9.826565966258517
3,3,8,5,9.985483774568648
3,3,9,5,9.891327379198223
3,3,10,5,9.940521004645051
3,3,11,5,9.926338753719078
3,3,12,5,10.06831006984279
3,3,13,5,9.975647448990252
3,3,14,5,9.946655409390567
3,3,0,6,9.942522863534395
3,3,1,6,10.010616055332932
3,3,2,6,10.016826097088073
3,3,3,6,9.988763186978046
3,3,4,6,9.9407820960163
3,3,5,6,9.945085674152082
3,3,6,6,9.990873977818863
3,3,7,6,9.841611605566849
3,3,8,6,9.9766830166275
3,3,9,6,9.955092592879462
3,3,10,6,9.949618697224606
3,3,11,6,9.942876200394872
3,3,12,6,10.072316076619868
3,3,13,6,9.967015173746876
3,3,14,6,9.978694352322854
3,3,0,7,9.960031252150587
3,3,1,7,10.008579257581241
3,3,2,7,10.039104614822747
3,3,3,7,9.895279188695566
3,3,4,7,10.008100630838635
3,3,5,7,10.047078498145055
3,3,6,7,10.031021442794438
3,3,7,7,9.897640180053594
3,3,8,7,9.909584195903719
3,3,9,7,10.038045844888499
3,3,10,7,9.965692221584309
3,3,11,7,9.88288909193657
3,3,12,7,10.063803388692905
3,3,13,7,9.947529414105306
3,3,14,7,9.942896661881502
3,3,0,8,10.033334926786884
3,3,1,8,9.981892495514405
3,3,2,8,10.023297839608576
3,3,3,8,9.964800326637814
3,3,4,8,9.882047095373334
3,3,5,8,9.954277392770566
3,3,6,8,9.947208428363014
3,3,7,8,9.997882805349935
3,3,8,8,9.9098845889235
3,3,9,8,9.932877970515355
3,3,10,8,9.997243650439975
3,3,11,8,9.899457266940109
3,3,12,8,10.039865307979303
3,3,13,8,9.95682395626692
3,3,14,8,9.993615901433003
3,3,0,9,10.010977591713901
3,3,1,9,9.983975568531818
3,3,2,9,10.0546910950597
3,3,3,9,9.894535143036478
3,3,4,9,10.011235711069762
3,3,5,9,9.972672287814571
3,3,6,9,9.967880467114776
3,3,7,9,9.976577248298408
3,3,8,9,9.898275209835232
3,3,9,9,9.963354886820309
3,3,10,9,9.940742263349513
3,3,11,9,9.916486958935876
3,3,12,9,9.969758597849932
3,3,13,9,9.880082954539043
3,3,14,9,9.965417928347616
3,3,0,10,10.04293088598242
3,3,1,10,9.979928263991143
3,3,2,10,10.011709364164165
3,3,3,10,9.891225252481894
3,3,4,10,9.893698381144622
3,3,5,10,9.96751351441826
3,3,6,10,9.990408537495606
3,3,7,10,10.00284995753035
3,3,8,10,9.88698678261606
3,3,9,10,10.010370686914706
3,3,10,10,9.998039783003462
3,3,11,10,9.9591280070843
3,3,12,10,9.983744463788208
3,3,13,10,9.891706792150075
3,3,14,10,9.95430140973873
3,3,0,11,10.074134115912727
3,3,1,11,10.035884200676907
3,3,2,11,9.994959489120939
3,3,3,11,9.967779650834695
3,3,4,11,10.044986537949985
3,3,5,11,10.019289873768265
3,3,6,11,9.95788212866382
3,3,7,11,10.084338688102175
3,3,8,11,9.935492640251457
3,3,9,11,10.107697225693583
3,3,10,11,10.004699080918263
3,3,11,11,9.994812917893501
3,3,12,11,10.029470223416105
3,3,13,11,9.844852132969411
3,3,14,11,9.960988213583091
3,3,0,12,10.030333659883976
3,3,1,12,9.982875552052198
3,3,2,12,9.972194907787838
3,3,3,12,9.973696793381285
3,3,4,12,10.00794951282361
3,3,5,12,10.004459560673542
3,3,6,12,10.00298777963076
3,3,7,12,10.060660889827036
3,3,8,12,9.976984663484084
3,3,9,12,10.04326048819442
3,3,10,12,9.957563184516623
3,3,11,12,9.885824139937311
3,3,12,12,10.012733775173988
3,3,13,12,9.904317263809684
3,3,14,12,9.949073395552197
3,3,0,13,9.942950749730572
3,3,1,13,9.999468816192866
3,3,2,13,9.910339666100988
3,3,3,13,9.98600927914719
3,3,4,13,9.999309706101922
3,3,5,13,9.917323349354861
3,3,6,13,10.018610228374575
3,3,7,13,10.0355780851709
3,3,8,13,9.993289717374086
3,3,9,13,10.032831662706386
3,3,10,13,9.959527639964746
3,3,11,13,9.913146104745861
3,3,12,13,10.074502497824376
3,3,13,13,10.002457790056052
3,3,14,13,10.008760672219283
3,3,0,14,9.958841410647773
3,3,1,14,9.943081987185806
3,3,2,14,9.98083525215283
3,3,3,14,9.939013482323196
3,3,4,14,10.04294821616383
3,3,5,14,10.005656654070979
3,3,6,14,10.019802368436258
3,3,7,14,10.066005188326951
3,3,8,14,9.986673887318611
3,3,9,14,10.058140683967212
3,3,10,14,9.955312874338544
3,3,11,14,9.953531189879017
3,3,12,14,10.049671408953463
3,3,13,14,9.994561239083621
3,3,14,14,9.984838432642638
3,3,0,15,9.883125979985167
3,3,1,15,9.862586193331204
3,3,2,15,9.945262096232945
3,3,3,15,10.035254643505079
3,3,4,15,9.921531408986727
3,3,5,15,9.945306867539237
3,3,6,15,10.043275635207682
3,3,7,15,10.03502054271331
3,3,8,15,9.94396875104363
3,3,9,15,9.968670539793635
3,3,10,15,9.935345919500758
3,3,11,15,9.921830890931108
3,3,12,15,10.00262873655128
3,3,13,15,9.974560454842965
3,3,14,15,9.994451928425141
3,3,0,16,9.837636800787793
3,3,1,16,9.729335546230022
3,3,2,16,9.9383142809429
3,3,3,16,9.896483546020454
3,3,4,16,9.928997370453818
3,3,5,16,9.991170647855801
3,3,6,16,10.055229245054672
3,3,7,16,10.033310102601753
3,3,8,16,9.985441462622001
3,3,9,16,9.873987370897895
3,3,10,16,9.946254988691601
3,3,11,16,9.916559862734623
3,3,12,16,9.95834281479397
3,3,13,16,9.95205169653301
3,3,14,16,9.990904299139451
3,3,0,17,9.884106050051921
3,3,1,17,9.46765461223602
3,3,2,17,9.951595341470235
3,3,3,17,9.789920403926708
3,3,4,17,9.848622408975757
3,3,5,17,9.890587186718795
3,3,6,17,9.917314712500767
3,3,7,17,9.969506386683912
3,3,8,17,9.933747360499527
3,3,9,17,9.941837994916499
3,3,10,17,9.944558711642646
3,3,11,17,9.880888536834115
3,3,12,17,9.889168749510608
3,3,13,17,9.886749287901116
3,3,14,17,9.910072201547933
3,3,0,18,9.787734138930901
3,3,1,18,8.90845679016551
3,3,2,18,9.876508446922047
3,3,3,18,9.571082706920143
3,3,4,18,9.724557876253076
3,3,5,18,9.803817035230045
3,3,6,18,9.79437686851383
3,3,7,18,9.833242589728297
3,3,8,18,9.941233500810144
3,3,9,18,9.86072189164196
3,3,10,18,9.881711709789633
3,3,11,18,9.796413135961126
3,3,12,18,9.894246681273366
3,3,13,18,9.818029026235408
3,3,14,18,9.781127298820767
3,3,0,19,9.654770663953148
3,3,1,19,7.780877975881475
3,3,2,19,9.799884990352327
3,3,3,19,9.131152901376309
3,3,4,19,9.412616908354222
3,3,5,19,9.537321220897399
3,3,6,19,9.529097243951385
3,3,7,19,9.643211869552937
3,3,8,19,9.77259523676178
3,3,9,19,9.685526342406094
3,3,10,19,9.779008318360814
3,3,11,19,9.546004169671688
3,3,12,19,9.861100663080741
3,3,13,19,9.580871179015443
3,3,14,19,9.560926963173376
3,3,0,20,9.330919388802782
3,3,1,20,5.57169790255894
3,3,2,20,9.48931651779606
3,3,3,20,7.852278726551304
3,3,4,20,8.674900887646213
3,3,5,20,9.080891718439796
3,3,6,20,8.86663013500022
3,3,7,20,9.151729571255387
3,3,8,20,9.618475080719875
3,3,9,20,9.413520183583486
3,3,10,20,9.684863651971938
3,3,11,20,9.064878105854643
3,3,12,20,9.642110274441169
3,3,13,20,9.104921916969388
3,3,14,20,9.110355958469377
3,3,0,21,8.694581336434613
3,3,1,21,2.676608729976263
3,3,2,21,8.831800311224193
3,3,3,21,5.8125653600124565
3,3,4,21,7.336519425144522
3,3,5,21,8.146967502106973
3,3,6,21,7.7027192600461785
3,3,7,21,8.292687237282651
3,3,8,21,9.188021269268447
3,3,9,21,8.805308124365249
3,3,10,21,9.330573298404065
3,3,11,21,8.047046401934388
3,3,12,21,9.171712666911745
3,3,13,21,8.071593118994915
3,3,14,21,7.8166653923708775
3,3,0,22,7.1126139269794075
3,3,1,22,0.1662045674470086
3,3,2,22,7.282859760241556
3,3,3,22,3.0334809443928705
3,3,4,22,5.478702267246595
3,3,5,22,6.47948517289151
3,3,6,22,5.333369890320951
3,3,7,22,6.327304122175692
3,3,8,22,8.264546470639381
3,3,9,22,7.485049472142843
3,3,10,22,8.520380887462006
3,3,11,22,6.063397979730669
3,3,12,22,8.34738939284747
3,3,13,22,6.21702371549998
3,3,14,22,5.531681336871132
3,4,0,0,9.928508201752521
3,4,1,0,9.962558573300742
3,4,2,0,9.913512929137793
3,4,3,0,10.05370538377257
3,4,4,0,9.913913522030597
3,4,5,0,10.077205958408374
3,4,6,0,9.911359946881808
3,4,7,0,10.006579919721535
3,4,8,0,9.970396666821841
3,4,9,0,9.85030980956901
3,4,10,0,10.004607677781195
3,4,11,0,9.955227686760722
3,4,12,0,9.860125062408075
3,4,13,0,9.997892183059763
3,4,14,0,9.92006554722243
3,4,0,1,9.830017062294496
3,4,1,1,9.951362824070113
3,4,2,1,10.035497829020938
3,4,3,1,10.00527189208363
3,4,4,1,9.923941258369416
3,4,5,1,9.988805539908865
3,4,6,1,9.961466183799335
3,4,7,1,10.01676132608412
3,4,8,1,10.058603373246857
3,4,9,1,9.853008461839437
3,4,10,1,10.011193032691816
3,4,11,1,10.01496966574167
3,4,12,1,9.888654703485553
3,4,13,1,9.873594135389975
3,4,14,1,9.88841971970951
3,4,0,2,10.044233568792103
3,4,1,2,9.95607394550812
3,4,2,2,9.97714026189737
3,4,3,2,10.0864802320348
3,4,4,2,9.895965083869267
3,4,5,2,10.023200047590171
3,4,6,2,9.87273857309489
3,4,7,2,9.983988401556127
3,4,8,2,10.125067178619437
3,4,9,2,9.87587605491724
3,4,10,2,9.935713368787058
3,4,11,2,9.969554917032863
3,4,12,2,9.862682836510722
3,4,13,2,9.934034957977172
3,4,14,2,9.875549188955366
3,4,0,3,10.00671834624355
3,4,1,3,9.949247638440653
3,4,2,3,9.911161269130272
3,4,3,3,10.072569785191535
3,4,4,3,9.894315186403727
3,4,5,3,10.026053435372884
3,4,6,3,9.897647457895983
3,4,7,3,9.977461781456888
3,4,8,3,10.046422773402012
3,4,9,3,9.858856515886854
3,4,10,3,9.994718417138133
3,4,11,3,9.988292778929507
3,4,12,3,9.939588130209428
3,4,13,3,9.873581497764162
3,4,14,3,9.847066803252604
3,4,0,4,10.037058217538975
3,4,1,4,9.83519316824736
3,4,2,4,9.966930899221643
3,4,3,4,10.122150794607219
3,4,4,4,9.85856923424738
3,4,5,4,10.01117731467536
3,4,6,4,9.868110308483109
3,4,7,4,10.013974459721268
3,4,8,4,10.044224947520615
3,4,9,4,9.848974277030814
3,4,10,4,10.030824419710028
3,4,11,4,9.98841291079391
3,4,12,4,9.980907623021883
3,4,13,4,9.878825311168978
3,4,14,4,9.869665851970268
3,4,0,5,10.069051606173549
3,4,1,5,9.932643527293925
3,4,2,5,9.89699216618361
3,4,3,5,10.063216629074356
3,4,4,5,9.91976275085221
3,4,5,5,10.039182401787853
3,4,6,5,9.924880211294722
3,4,7,5,9.99279147014738
3,4,8,5,10.153076257483436
3,4,9,5,9.921840683188666
3,4,10,5,10.000270535917549
3,4,11,5,9.989903409915524
3,4,12,5,10.013756199263414
3,4,13,5,9.915201304196874
3,4,14,5,9.902240227550504
3,4,0,6,10.096102456391092
3,4,1,6,9.847031045391207
3,4,2,6,9.910479756607257
3,4,3,6,10.0994888650785
3,4,4,6,10.03914345036582
3,4,5,6,10.027323460947958
3,4,6,6,9.996455434527908
3,4,7,6,9.936254025871449
3,4,8,6,10.087762805693423
3,4,9,6,9.955878639481547
3,4,10,6,9.977870246259751
3,4,11,6,9.994425038949446
3,4,12,6,10.030894809963506
3,4,13,6,9.948535827613048
3,4,14,6,9.990538413011558
3,4,0,7,10.103292467934756
3,4,1,7,9.87045417391216
3,4,2,7,10.005261782418357
3,4,3,7,10.068724843914637
3,4,4,7,10.036497780954361
3,4,5,7,10.033555622927182
3,4,6,7,9.94065264776382
3,4,7,7,9.913226575257674
3,4,8,7,10.036823250272578
3,4,9,7,9.940985720269566
3,4,10,7,10.012094231642843
3,4,11,7,9.952760964063271
3,4,12,7,9.984277913571079
3,4,13,7,9.928132975408435
3,4,14,7,9.99870524393886
3,4,0,8,10.06673296047738
3,4,1,8,9.87468583878633
3,4,2,8,10.016544693553437
3,4,3,8,10.016701291807594
3,4,4,8,10.032970333010656
3,4,5,8,10.116170091235022
3,4,6,8,9.911879841795768
3,4,7,8,9.978657784895761
3,4,8,8,10.000262996781089
3,4,9,8,10.010519710855071
3,4,10,8,9.976448076683205
3,4,11,8,9.990180653498307
3,4,12,8,9.973638866030264
3,4,13,8,9.908858496454172
3,4,14,8,9.89300876425169
3,4,0,9,9.990366969960542
3,4,1,9,9.929438999071898
3,4,2,9,10.012227485601569
3,4,3,9,9.964778002421182
3,4,4,9,10.104778391328864
3,4,5,9,10.035091209757557
3,4,6,9,9.974215286958007
3,4,7,9,9.99548056041424
3,4,8,9,10.020195741450841
3,4,9,9,10.055926615269748
3,4,10,9,9.991258777130875
3,4,11,9,9.98108110665349
3,4,12,9,9.980693422641986
3,4,13,9,9.979089648005047
3,4,14,9,9.95816485862072
3,4,0,10,10.05038510213179
3,4,1,10,9.960586514041536
3,4,2,10,10.09329921223575
3,4,3,10,9.96193551587036
3,4,4,10,10.06319119045399
3,4,5,10,10.01866264252959
3,4,6,10,9.923652353540929
3,4,7,10,9.955484167031901
3,4,8,10,9.972825570555159
3,4,9,10,9.919589107484848
3,4,10,10,9.971512509126848
3,4,11,10,10.019206955068963
3,4,12,10,10.055386205107272
3,4,13,10,10.050499335453301
3,4,14,10,10.056978663821017
3,4,0,11,10.1658777470524
3,4,1,11,9.957791592665979
3,4,2,11,10.031569257992977
3,4,3,11,10.115202960622037
3,4,4,11,10.071163920503839
3,4,5,11,10.05795201358665
3,4,6,11,9.909292373756383
3,4,7,11,9.963101492826478
3,4,8,11,9.893930832313568
3,4,9,11,9.92252628823158
3,4,10,11,10.007419116911983
3,4,11,11,10.05082886037805
3,4,12,11,10.021293761871894
3,4,13,11,9.94370714680969
3,4,14,11,9.949165058597277
3,4,0,12,9.916627855137703
3,4,1,12,10.004382613617478
3,4,2,12,9.96549096232164
3,4,3,12,9.974062602878162
3,4,4,12,10.039379930913725
3,4,5,12,10.038260070568215
3,4,6,12,9.903861042932924
3,4,7,12,9.957614553538978
3,4,8,12,9.925019193277071
3,4,9,12,9.930833408004492
3,4,10,12,10.014079856958036
3,4,11,12,9.997645102868606
3,4,12,12,9.963189122916724
3,4,13,12,9.907342331103198
3,4,14,12,9.981793861927013
3,4,0,13,10.029205872170396
3,4,1,13,9.953040451495017
3,4,2,13,10.026178197191385
3,4,3,13,9.983503240511562
3,4,4,13,10.031612707911927
3,4,5,13,9.945489227693658
3,4,6,13,9.96557063826158
3,4,7,13,9.91108392706625
3,4,8,13,10.027705697249283
3,4,9,13,9.95707833956239
3,4,10,13,10.041129300895118
3,4,11,13,10.036025348691815
3,4,12,13,10.021870137858391
3,4,13,13,9.908160780391157
3,4,14,13,9.91006154932397
3,4,0,14,10.029607992952473
3,4,1,14,9.949636800105997
3,4,2,14,10.024497192590603
3,4,3,14,9.98563496650862
3,4,4,14,10.034475926505358
3,4,5,14,10.01052863119769
3,4,6,14,9.997287329964038
3,4,7,14,9.96418165149353
3,4,8,14,9.923709040497581
3,4,9,14,9.980963966923115
3,4,10,14,10.02766648821734
3,4,11,14,9.956848666022879
3,4,12,14,9.92122001739162
3,4,13,14,9.887818304963904
3,4,14,14,9.90728146346873
3,4,0,15,9.9363364467846
3,4,1,15,9.955408229016667
3,4,2,15,9.950857327377753
3,4,3,15,9.983115679351462
3,4,4,15,9.95138682111628
3,4,5,15,10.030929331833137
3,4,6,15,9.97029094212128
3,4,7,15,9.956881625961456
3,4,8,15,9.925701477522061
3,4,9,15,9.979821795853091
3,4,10,15,9.934553859769991
3,4,11,15,9.911184710826502
3,4,12,15,9.96003200077378
3,4,13,15,9.97122419980291
3,4,14,15,9.847372997589142
3,4,0,16,9.98725873119601
3,4,1,16,9.938752252154583
3,4,2,16,9.937882706397858
3,4,3,16,9.865436248933513
3,4,4,16,9.945144098831616
3,4,5,16,9.928347481962728
3,4,6,16,9.910976045912388
3,4,7,16,9.753216488297147
3,4,8,16,9.843433823354163
3,4,9,16,10.043828215540634
3,4,10,16,9.925940807462219
3,4,11,16,9.843588141816266
3,4,12,16,9.925852193192515
3,4,13,16,9.828365993077004
3,4,14,16,9.978097790272113
3,4,0,17,9.899857592126743
3,4,1,17,9.887879876366524
3,4,2,17,9.834010318774538
3,4,3,17,9.917702746602258
3,4,4,17,9.866240860701437
3,4,5,17,9.91109702997757
3,4,6,17,9.94830176357267
3,4,7,17,9.36832209785111
3,4,8,17,9.934586019010892
3,4,9,17,9.995870466286428
3,4,10,17,9.91469274188171
3,4,11,17,9.558830016878279
3,4,12,17,9.950720968368383
3,4,13,17,9.78536494681833
3,4,14,17,9.846077939634238
3,4,0,18,9.67516163951188
3,4,1,18,9.828892730891651
3,4,2,18,9.847862036890675
3,4,3,18,9.830553690092549
3,4,4,18,9.812546595545443
3,4,5,18,9.778917140994682
3,4,6,18,9.813489469047603
3,4,7,18,8.508327428290242
3,4,8,18,9.862756553857777
3,4,9,18,9.873773443404847
3,4,10,18,9.891576174526977
3,4,11,18,8.924387948595168
3,4,12,18,9.897100640919186
3,4,13,18,9.583813392364865
3,4,14,18,9.893127184637631
3,4,0,19,9.263657834262805
3,4,1,19,9.655379093406532
3,4,2,19,9.734231479495909
3,4,3,19,9.675209953729208
3,4,4,19,9.61581150225507
3,4,5,19,9.434251279344409
3,4,6,19,9.722488831886785
3,4,7,19,6.649101827334693
3,4,8,19,9.786564850464696
3,4,9,19,9.489729796562408
3,4,10,19,9.7771589168194
3,4,11,19,7.729451725851791
3,4,12,19,9.803081584626153
3,4,13,19,9.197235604906952
3,4,14,19,9.70101077120783
3,4,0,20,8.143565729133357
3,4,1,20,9.407913147979402
3,4,2,20,9.48073628984272
3,4,3,20,9.358680693026217
3,4,4,20,9.144558186179449
3,4,5,20,8.734279264254084
3,4,6,20,9.177802613014865
3,4,7,20,3.8280930396398682
3,4,8,20,9.599690081110285
3,4,9,20,8.941714488560823
3,4,10,20,9.474764498773473
3,4,11,20,5.5771232886471225
3,4,12,20,9.47538898979176
3,4,13,20,8.350763540725866
3,4,14,20,9.583081684347274
3,4,0,21,6.684273080459626
3,4,1,21,8.871051271479665
3,4,2,21,8.832765206547817
3,4,3,21,8.584222612074388
3,4,4,21,7.996186186946538
3,4,5,21,7.216788886290707
3,4,6,21,8.270194427133955
3,4,7,21,1.3384930354578686
3,4,8,21,9.074740667852188
3,4,9,21,7.336375739723297
3,4,10,21,8.788350833948364
3,4,11,21,3.0837586055497384
3,4,12,21,8.967444627348163
3,4,13,21,6.824312016977988
3,4,14,21,9.027227493905587
3,4,0,22,3.4344356227522326
3,4,1,22,7.42252117523044
3,4,2,22,7.923667840598932
3,4,3,22,6.865439597196122
3,4,4,22,6.468887914464822
3,4,5,22,5.191603685934375
3,4,6,22,6.490275783088461
3,4,7,22,0.0
3,4,8,22,7.9871759669300655
3,4,9,22,5.170190566600805
3,4,10,22,7.308759321178476
3,4,11,22,0.40090113904360697
3,4,12,22,7.618576919407043
3,4,13,22,4.313844281847952
3,4,14,22,8.091975023954683
3,5,0,0,9.916791162956441
3,5,1,0,10.023917681073279
3,5,2,0,9.991064183582987
3,5,3,0,9.997184997198096
3,5,4,0,10.009547780724386
3,5,5,0,9.949657114930522
3,5,6,0,9.814748438574757
3,5,7,0,10.082003915766135
3,5,8,0,9.900527605860638
3,5,9,0,9.87447057780808
3,5,10,0,9.840739150057118
3,5,11,0,9.906985671698063
3,5,12,0,9.863093910826365
3,5,13,0,9.93990956296531
3,5,14,0,9.88004958086099
3,5,0,1,9.889656891305453
3,5,1,1,9.972425047985219
3,5,2,1,9.967256048024772
3,5,3,1,10.085794932766092
3,5,4,1,9.990394621823704
3,5,5,1,9.927926831388083
3,5,6,1,9.947897046343197
3,5,7,1,9.980100331526769
3,5,8,1,9.87808492291641
3,5,9,1,10.043360798352378
3,5,10,1,9.84526123994233
3,5,11,1,9.981972860845117
3,5,12,1,9.880213475385618
3,5,13,1,9.949246608623895
3,5,14,1,9.869728480609885
3,5,0,2,9.841364887345788
3,5,1,2,10.012713959408694
3,5,2,2,9.997995626221224
3,5,3,2,9.987056500863671
3,5,4,2,9.910088886379267
3,5,5,2,10.01749543942844
3,5,6,2,9.931269900959595
3,5,7,2,10.041717719999172
3,5,8,2,9.826460554412947
3,5,9,2,10.087892490531063
3,5,10,2,9.894919157119027
3,5,11,2,9.957391705543515
3,5,12,2,9.956788298450025
3,5,13,2,9.921366761567045
3,5,14,2,9.852223855991062
3,5,0,3,9.949798343226323
3,5,1,3,9.993649637901283
3,5,2,3,9.890598991001117
3,5,3,3,9.98322938802523
3,5,4,3,10.004778304666576
3,5,5,3,9.909994181061725
3,5,6,3,10.074406567651543
3,5,7,3,10.004195943603206
3,5,8,3,10.058402652233163
3,5,9,3,10.026150012369015
3,5,10,3,9.952773358798142
3,5,11,3,10.035702406564807
3,5,12,3,9.821433167796553
3,5,13,3,9.993498192074417
3,5,14,3,9.848001768302712
3,5,0,4,9.968822485038597
3,5,1,4,9.978120753557759
3,5,2,4,9.943116627111818
3,5,3,4,10.018802935675373
3,5,4,4,9.971098333221773
3,5,5,4,9.990462237107144
3,5,6,4,9.932814044470154
3,5,7,4,9.960655883597795
3,5,8,4,9.896630876081403
3,5,9,4,10.005981158042344
3,5,10,4,9.931127401402543
3,5,11,4,9.916197173018855
3,5,12,4,9.875898433772697
3,5,13,4,9.979937828381352
3,5,14,4,9.936273289500493
3,5,0,5,10.036948172108165
3,5,1,5,10.032701937595288
3,5,2,5,10.082926706118085
3,5,3,5,9.965582705174477
3,5,4,5,10.053969907572487
3,5,5,5,10.018473050469723
3,5,6,5,9.96058556187338
3,5,7,5,9.954051974914554
3,5,8,5,9.97707766709679
3,5,9,5,10.076569725783518
3,5,10,5,9.997229870850528
3,5,11,5,10.04426163279262
3,5,12,5,9.920711775558223
3,5,13,5,9.967657902733846
3,5,14,5,9.9243818142199
3,5,0,6,9.959266838197854
3,5,1,6,9.869215499964454
3,5,2,6,9.948740109719724
3,5,3,6,9.965475376327072
3,5,4,6,10.009746160789685
3,5,5,6,10.079025000735387
3,5,6,6,10.073336588407377
3,5,7,6,9.972648148411634
3,5,8,6,10.040629063602195
3,5,9,6,9.94817271432778
3,5,10,6,9.820760469767277
3,5,11,6,9.920647399088455
3,5,12,6,9.95349925157436
3,5,13,6,9.888318249790355
3,5,14,6,9.93973005872107
3,5,0,7,10.008203530038708
3,5,1,7,9.808056790172852
3,5,2,7,10.007948415518205
3,5,3,7,9.958328647335485
3,5,4,7,10.063961050299776
3,5,5,7,9.943060300661442
3,5,6,7,9.924148309641012
3,5,7,7,9.918204570961514
3,5,8,7,9.984705983705982
3,5,9,7,9.986510397903812
3,5,10,7,9.912816277060411
3,5,11,7,9.95021886878252
3,5,12,7,9.98791772560919
3,5,13,7,9.976975457622336
3,5,14,7,9.967442303660116
3,5,0,8,10.07110627034676
3,5,1,8,9.88000302628705
3,5,2,8,9.97390150483432
3,5,3,8,9.944793789769445
3,5,4,8,10.020151924492989
3,5,5,8,10.100362119132546
3,5,6,8,9.972203924315535
3,5,7,8,10.038862645955982
3,5,8,8,10.023036074038975
3,5,9,8,9.99412285497702
3,5,10,8,9.86555754537039
3,5,11,8,9.963272450502425
3,5,12,8,10.022580388993712
3,5,13,8,10.042335682941635
3,5,14,8,9.867211389665892
3,5,0,9,9.924236380358956
3,5,1,9,9.843265206166787
3,5,2,9,9.96882704496908
3,5,3,9,9.945235606921266
3,5,4,9,10.018280417386315
3,5,5,9,10.075012309704105
3,5,6,9,9.91547203503266
3,5,7,9,10.034276188246103
3,5,8,9,10.102560742045036
3,5,9,9,9.89173651355373
3,5,10,9,9.861558782561376
3,5,11,9,9.954770778329785
3,5,12,9,10.088276978088176
3,5,13,9,9.929111856528802
3,5,14,9,9.955167006651171
3,5,0,10,10.031529889307405
3,5,1,10,9.872431184271164
3,5,2,10,9.976872827095335
3,5,3,10,10.051286156249791
3,5,4,10,10.01543795361644
3,5,5,10,10.113644667259843
3,5,6,10,10.025457450004714
3,5,7,10,9.905844195670191
3,5,8,10,10.072355586677178
3,5,9,10,9.935279106484016
3,5,10,10,9.97197050867991
3,5,11,10,10.039467569496141
3,5,12,10,10.033955873878735
3,5,13,10,9.944377530634288
3,5,14,10,9.944506084106088
3,5,0,11,9.952357618322772
3,5,1,11,9.86478675629356
3,5,2,11,9.865068084208264
3,5,3,11,9.966237268403228
3,5,4,11,10.070455288886127
3,5,5,11,10.086127720824729
3,5,6,11,9.925613487480625
3,5,7,11,9.973523769767578
3,5,8,11,10.056692721479743
3,5,9,11,10.011812668975406
3,5,10,11,9.993801232325753
3,5,11,11,9.966859926655292
3,5,12,11,10.00485521442228
3,5,13,11,9.999155084810232
3,5,14,11,9.949348363920892
3,5,0,12,10.092100081392992
3,5,1,12,9.967019030122385
3,5,2,12,9.872153786080101
3,5,3,12,9.84185135098985
3,5,4,12,10.029482582077726
3,5,5,12,10.023859470806297
3,5,6,12,10.0138225053008
3,5,7,12,9.915040040749089
3,5,8,12,9.930276489501056
3,5,9,12,10.042774936563426
3,5,10,12,9.994128632700964
3,5,11,12,9.886615999580945
3,5,12,12,10.014077262873894
3,5,13,12,9.958560896991749
3,5,14,12,9.951532283278226
3,5,0,13,9.93967027253832
3,5,1,13,9.942176274916068
3,5,2,13,9.871097486373326
3,5,3,13,9.877073544527265
3,5,4,13,9.978458703909709
3,5,5,13,10.05548767796168
3,5,6,13,10.005629821812981
3,5,7,13,10.028242216405658
3,5,8,13,9.95363133203174
3,5,9,13,9.923104989042418
3,5,10,13,10.002691171049069
3,5,11,13,9.985426004906907
3,5,12,13,10.002121950265211
3,5,13,13,9.935936756813732
3,5,14,13,9.957740798730887
3,5,0,14,9.999677963355094
3,5,1,14,9.932678041088412
3,5,2,14,9.822182155146274
3,5,3,14,9.930925529815456
3,5,4,14,9.880594366844084
3,5,5,14,10.068432602131562
3,5,6,14,9.939181142892966
3,5,7,14,9.879268763865133
3,5,8,14,9.83642428388901
3,5,9,14,10.003055406261389
3,5,10,14,9.939651544117948
3,5,11,14,10.007611698878707
3,5,12,14,10.002722358848354
3,5,13,14,9.944908920027746
3,5,14,14,9.925078966314917
3,5,0,15,9.956733864838645
3,5,1,15,10.008963632110342
3,5,2,15,9.834083683551583
3,5,3,15,9.943272495759702
3,5,4,15,9.927190383524248
3,5,5,15,10.0318390264606
3,5,6,15,9.9414810688996
3,5,7,15,9.923053441318142
3,5,8,15,9.84771672781184
3,5,9,15,10.003588574323711
3,5,10,15,9.915127806177615
3,5,11,15,9.988552915296298
3,5,12,15,10.035387579995104
3,5,13,15,10.004103999330859
3,5,14,15,9.952852443803856
3,5,0,16,10.029608426898744
3,5,1,16,9.947648751606787
3,5,2,16,9.813253135150552
3,5,3,16,9.852716825463325
3,5,4,16,9.895350110666369
3,5,5,16,9.903417328083913
3,5,6,16,9.969053094078738
3,5,7,16,9.95328663432815
3,5,8,16,9.70829301934032
3,5,9,16,10.005564598820781
3,5,10,16,9.972517784500194
3,5,11,16,9.97738429721568
3,5,12,16,9.958216968486644
3,5,13,16,10.000739702202226
3,5,14,16,9.895094039678968
3,5,0,17,9.87757331036978
3,5,1,17,9.87461923263582
3,5,2,17,9.770548398682356
3,5,3,17,9.861539075681044
3,5,4,17,9.82440785680983
3,5,5,17,9.778884866826703
3,5,6,17,9.890393838226052
3,5,7,17,9.917736364219834
3,5,8,17,9.412496722479387
3,5,9,17,9.909898750634671
3,5,10,17,9.951235404280789
3,5,11,17,9.909281481906028
3,5,12,17,9.963450937938262
3,5,13,17,9.875944090955203
3,5,14,17,9.836894926844852
3,5,0,18,9.818808278058272
3,5,1,18,9.803160950229683
3,5,2,18,9.692130318781166
3,5,3,18,9.74844372892545
3,5,4,18,9.66383022453323
3,5,5,18,9.571629412994547
3,5,6,18,9.803138881839757
3,5,7,18,9.929484791123116
3,5,8,18,8.718011815367493
3,5,9,18,9.82958365363701
3,5,10,18,9.885692729011861
3,5,11,18,9.85278999213002
3,5,12,18,9.87112321487183
3,5,13,18,9.85197532009366
3,5,14,18,9.731861309050345
3,5,0,19,9.734345600875981
3,5,1,19,9.488704786835656
3,5,2,19,9.422712163912351
3,5,3,19,9.433211016103591
3,5,4,19,9.316647731978666
3,5,5,19,8.987786418742981
3,5,6,19,9.55488797424514
3,5,7,19,9.824721087160334
3,5,8,19,7.332551991323686
3,5,9,19,9.611078488758642
3,5,10,19,9.809817021885742
3,5,11,19,9.693738867341459
3,5,12,19,9.675513598257805
3,5,13,19,9.624191048395216
3,5,14,19,9.420818162828771
3,5,0,20,9.361874001555444
3,5,1,20,9.031469930807484
3,5,2,20,8.879623019002702
3,5,3,20,8.682821204174427
3,5,4,20,8.656390667064233
3,5,5,20,7.887060063617432
3,5,6,20,8.912378207766858
3,5,7,20,9.488903736311899
3,5,8,20,5.2807979919678845
3,5,9,20,9.141797371297221
3,5,10,20,9.496574678700124
3,5,11,20,9.512393372679123
3,5,12,20,9.281287463641625
3,5,13,20,9.273827200108524
3,5,14,20,8.927141336846768
3,5,0,21,8.682860953996109
3,5,1,21,8.206182667927742
3,5,2,21,7.687269751167338
3,5,3,21,7.517809190153639
3,5,4,21,7.060298446518179
3,5,5,21,6.33874395949639
3,5,6,21,7.825384858091059
3,5,7,21,8.881904733672247
3,5,8,21,1.7702997652544648
3,5,9,21,8.126987522783358
3,5,10,21,8.880987103246074
3,5,11,21,9.007405968692709
3,5,12,21,8.603687153874445
3,5,13,21,8.20001433397608
3,5,14,21,7.532702223765721
3,5,0,22,7.141294678671293
3,5,1,22,6.39035258631089
3,5,2,22,5.963031830673084
3,5,3,22,5.135822954331695
3,5,4,22,5.111500467304655
3,5,5,22,3.085413276019887
3,5,6,22,5.675057694292688
3,5,7,22,7.559579032431854
3,5,8,22,0.012815476421100404
3,5,9,22,6.460339528506929
3,5,10,22,7.524098838315138
3,5,11,22,7.736141446643215
3,5,12,22,7.132188008362067
3,5,13,22,6.651876851934201
3,5,14,22,5.297546575200183
3,6,0,0,9.991743794727258
3,6,1,0,10.014195603905506
3,6,2,0,10.05326984902489
3,6,3,0,9.964459085715948
3,6,4,0,9.877877683605597
3,6,5,0,9.877662045105044
3,6,6,0,9.879241234512733
3,6,7,0,10.023537319808897
3,6,8,0,9.952966802920107
3,6,9,0,9.970937982834078
3,6,10,0,9.933201927646824
3,6,11,0,9.93090149494343
3,6,12,0,9.935223478917596
3,6,13,0,9.911431018802414
3,6,14,0,9.954783993843435
3,6,0,1,9.973200369356128
3,6,1,1,9.947133890945025
3,6,2,1,10.06748897507034
3,6,3,1,10.015620409581203
3,6,4,1,9.930043151637708
3,6,5,1,9.888141455796623
3,6,6,1,9.973505730301548
3,6,7,1,9.930145263321222
3,6,8,1,9.961201709093437
3,6,9,1,9.951645837848346
3,6,10,1,10.006445164756222
3,6,11,1,9.889095152054761
3,6,12,1,9.753520180606397
3,6,13,1,9.75818130511529
3,6,14,1,10.036840642948247
3,6,0,2,9.954780898603387
3,6,1,2,9.945307563247804
3,6,2,2,10.003736087686105
3,6,3,2,9.952451114613739
3,6,4,2,9.930505611005254
3,6,5,2,9.866454824951289
3,6,6,2,9.957216298039363
3,6,7,2,9.895238868009313
3,6,8,2,10.025081717931826
3,6,9,2,9.821650572741888
3,6,10,2,10.045826053842607
3,6,11,2,9.86855595645087
3,6,12,2,9.923844517334246
3,6,13,2,9.958292033081321
3,6,14,2,10.140382706665312
3,6,0,3,10.013320102704833
3,6,1,3,9.95794169903232
3,6,2,3,10.030601895937174
3,6,3,3,9.893540582086558
3,6,4,3,9.972221761212468
3,6,5,3,9.964381705865259
3,6,6,3,9.988218036922776
3,6,7,3,9.875921419065127
3,6,8,3,9.901611670845394
3,6,9,3,9.865960121972801
3,6,10,3,10.066163197095289
3,6,11,3,9.875574139050396
3,6,12,3,9.83721183756356
3,6,13,3,9.915120972661514
3,6,14,3,10.039006934529407
3,6,0,4,9.937302328119015
3,6,1,4,9.951329867757337
3,6,2,4,10.127898392336851
3,6,3,4,10.076792178122504
3,6,4,4,9.92791905462861
3,6,5,4,9.886917313982188
3,6,6,4,9.995126732656908
3,6,7,4,9.958895312359873
3,6,8,4,10.007452474739223
3,6,9,4,9.971613013713585
3,6,10,4,10.032485295273265
3,6,11,4,9.85562434887007
3,6,12,4,9.97483037775317
3,6,13,4,10.003402162172666
3,6,14,4,10.042937180972293
3,6,0,5,10.038797733427053
3,6,1,5,10.012314417188712
3,6,2,5,10.093843237918477
3,6,3,5,9.932415717863774
3,6,4,5,9.93974447752761
3,6,5,5,10.087224071660817
3,6,6,5,9.936388015767026
3,6,7,5,9.961227221976342
3,6,8,5,10.025913349081067
3,6,9,5,9.902847630346304
3,6,10,5,9.979535906902388
3,6,11,5,9.895763835310012
3,6,12,5,9.99758080940071
3,6,13,5,9.844849389360672
3,6,14,5,9.936657678679914
3,6,0,6,9.994671917264037
3,6,1,6,9.962113749175979
3,6,2,6,9.986278081985025
3,6,3,6,10.030786823972127
3,6,4,6,9.957986920833827
3,6,5,6,9.858635370115515
3,6,6,6,9.883639036323911
3,6,7,6,10.025428887474359
3,6,8,6,10.030460408198577
3,6,9,6,9.947422637380713
3,6,10,6,9.984653232043764
3,6,11,6,9.903095716735429
3,6,12,6,10.049891984412971
3,6,13,6,9.928701937471542
3,6,14,6,9.921608669031787
3,6,0,7,10.022900748414521
3,6,1,7,10.021292283436106
3,6,2,7,10.07126760714314
3,6,3,7,10.020848972523876
3,6,4,7,9.805767026552697
3,6,5,7,10.032335734592555
3,6,6,7,9.980378586177315
3,6,7,7,9.906424532112704
3,6,8,7,9.849220168112586
3,6,9,7,10.040085406561346
3,6,10,7,9.897110193505261
3,6,11,7,9.989595819597554
3,6,12,7,9.900184122483687
3,6,13,7,9.864145035837073
3,6,14,7,9.955383317065483
3,6,0,8,10.08637850501859
3,6,1,8,10.055449528931105
3,6,2,8,9.951266435141488
3,6,3,8,9.981536861351053
3,6,4,8,9.715562702861156
3,6,5,8,9.899598769512748
3,6,6,8,9.932185535803258
3,6,7,8,9.951668684714233
3,6,8,8,9.898071719239685
3,6,9,8,9.963591479502774
3,6,10,8,9.953166619874036
3,6,11,8,9.901389725008716
3,6,12,8,9.965117992576186
3,6,13,8,9.944567169966497
3,6,14,8,10.029499712914538
3,6,0,9,10.104480614273903
3,6,1,9,9.939007679495678
3,6,2,9,9.936848253734542
3,6,3,9,9.997761666801422
3,6,4,9,9.8035303458629
3,6,5,9,10.037648748844832
3,6,6,9,10.026272827461144
3,6,7,9,9.941460170944826
3,6,8,9,9.960082349791493
3,6,9,9,9.892978872662386
3,6,10,9,9.968105890195917
3,6,11,9,9.803266786933413
3,6,12,9,9.718243277549643
3,6,13,9,9.984867463678587
3,6,14,9,10.030509420717282
3,6,0,10,10.115300968699698
3,6,1,10,9.983187541319024
3,6,2,10,9.918197368934637
3,6,3,10,10.004948966910206
3,6,4,10,9.82979719897565
3,6,5,10,10.043152150720081
3,6,6,10,9.877113123310453
3,6,7,10,9.96220489239615
3,6,8,10,10.017038992797975
3,6,9,10,9.881159916067602
3,6,10,10,9.854163684723373
3,6,11,10,9.894376982028636
3,6,12,10,9.89413833174174
3,6,13,10,9.914930960431235
3,6,14,10,9.873320268771188
3,6,0,11,10.151338063559454
3,6,1,11,10.028902769787408
3,6,2,11,9.893428328005589
3,6,3,11,10.091766964059847
3,6,4,11,9.915717763946569
3,6,5,11,10.038959161148957
3,6,6,11,10.037700836347852
3,6,7,11,9.909533271556432
3,6,8,11,10.039547338724656
3,6,9,11,9.90626950524389
3,6,10,11,9.880885583832466
3,6,11,11,9.813057538709886
3,6,12,11,9.98735956069081
3,6,13,11,9.964657391035528
3,6,14,11,9.92658288936721
3,6,0,12,10.112206387110293
3,6,1,12,10.02973690333508
3,6,2,12,9.958183082093615
3,6,3,12,9.962168692180006
3,6,4,12,9.955779014599633
3,6,5,12,9.99369312644969
3,6,6,12,9.839613421247327
3,6,7,12,10.042464536909918
3,6,8,12,10.026987706177295
3,6,9,12,9.867038085475691
3,6,10,12,9.947641193279527
3,6,11,12,9.870465970672523
3,6,12,12,9.950904007383278
3,6,13,12,9.953131264335864
3,6,14,12,9.948554925991662
3,6,0,13,10.08900848992823
3,6,1,13,9.950301003517332
3,6,2,13,10.002697266901956
3,6,3,13,9.934416503967478
3,6,4,13,9.99079188739395
3,6,5,13,9.814864215160226
3,6,6,13,9.971690041001873
3,6,7,13,10.088650728604593
3,6,8,13,9.992238430289415
3,6,9,13,9.857619686992654
3,6,10,13,9.829084868775075
3,6,11,13,9.923195028790051
3,6,12,13,9.94642947877207
3,6,13,13,9.9299850336939
3,6,14,13,9.954076841929963
3,6,0,14,9.960258008054643
3,6,1,14,9.910566760795858
3,6,2,14,10.060880623853121
3,6,3,14,9.964157396634413
3,6,4,14,9.942861946692087
3,6,5,14,9.998416467614112
3,6,6,14,9.980203142209737
3,6,7,14,10.073614472370238
3,6,8,14,10.004047568945344
3,6,9,14,9.924136868169624
3,6,10,14,9.933159567845912
3,6,11,14,9.854923505975295
3,6,12,14,9.974662580395275
3,6,13,14,10.010581169108061
3,6,14,14,9.930690163558292
3,6,0,15,10.037889914624555
3,6,1,15,9.836033656582714
3,6,2,15,9.988552507549445
3,6,3,15,9.91536587962612
3,6,4,15,9.974817128610031
3,6,5,15,9.894368145217936
3,6,6,15,9.941318582674239
3,6,7,15,10.05224531830854
3,6,8,15,10.041913615711717
3,6,9,15,9.980116586485803
3,6,10,15,9.820427829313735
3,6,11,15,10.008523126726503
3,6,12,15,10.060544318790118
3,6,13,15,9.95423606502834
3,6,14,15,9.762383729383076
3,6,0,16,10.012777223687667
3,6,1,16,9.725289886647678
3,6,2,16,9.927474444906093
3,6,3,16,9.95220366286843
3,6,4,16,9.897960041459129
3,6,5,16,9.83324095398699
3,6,6,16,9.785778433338285
3,6,7,16,10.056965596294393
3,6,8,16,9.9097530830378
3,6,9,16,9.879295662909946
3,6,10,16,9.745664449532667
3,6,11,16,9.965747605853243
3,6,12,16,9.971717050695023
3,6,13,16,9.939731558071013
3,6,14,16,9.863401115967678
3,6,0,17,9.999884684785837
3,6,1,17,9.357123263395467
3,6,2,17,10.01637420031327
3,6,3,17,9.879406169217653
3,6,4,17,9.726366874838158
3,6,5,17,9.840964137330005
3,6,6,17,9.56767385955156
3,6,7,17,9.927995091158063
3,6,8,17,9.981860331793241
3,6,9,17,9.784662322925643
3,6,10,17,9.495540763131718
3,6,11,17,9.946436619192927
3,6,12,17,9.946806865915526
3,6,13,17,9.879120485401655
3,6,14,17,10.031188479718352
3,6,0,18,9.894738175895966
3,6,1,18,8.699565457184484
3,6,2,18,9.988722494282573
3,6,3,18,9.822809504914629
3,6,4,18,9.355709429993016
3,6,5,18,9.762036386086313
3,6,6,18,9.108634767840318
3,6,7,18,9.780980442091675
3,6,8,18,9.870427295764127
3,6,9,18,9.449722657622823
3,6,10,18,9.090505285832386
3,6,11,18,9.831500694869666
3,6,12,18,9.755322250950549
3,6,13,18,9.693687692008668
3,6,14,18,9.889644201202124
3,6,0,19,9.906394062029493
3,6,1,19,7.2222550063453514
3,6,2,19,9.93492152400673
3,6,3,19,9.669662688996546
3,6,4,19,8.645930314362975
3,6,5,19,9.647056062279509
3,6,6,19,8.232176235195071
3,6,7,19,9.55375778974276
3,6,8,19,9.638344471851482
3,6,9,19,9.048526144777318
3,6,10,19,8.246682441047378
3,6,11,19,9.576652872917572
3,6,12,19,9.514727282483637
3,6,13,19,9.146489465212658
3,6,14,19,9.774615093936298
3,6,0,20,9.702934366035239
3,6,1,20,4.956637610179958
3,6,2,20,9.821248940229827
3,6,3,20,9.26035950685305
3,6,4,20,7.3538116702323055
3,6,5,20,9.342735219788073
3,6,6,20,6.64031618298852
3,6,7,20,8.97258147617952
3,6,8,20,9.243774205690631
3,6,9,20,7.144474757228702
3,6,10,20,6.2007110028914685
3,6,11,20,9.141881056300528
3,6,12,20,8.928879766009155
3,6,13,20,8.2900367217262
3,6,14,20,9.564156185126977
3,6,0,21,9.234110305876674
3,6,1,21,1.576301873699205
3,6,2,21,9.467822608223814
3,6,3,21,8.350013707830717
3,6,4,21,4.264492707491727
3,6,5,21,8.549708719945764
3,6,6,21,3.5565248048107523
3,6,7,21,8.10967514333378
3,6,8,21,8.407328956363258
3,6,9,21,4.908336278391187
3,6,10,21,3.426834292348148
3,6,11,21,8.178564648718076
3,6,12,21,7.776748501040775
3,6,13,21,6.669305895381878
3,6,14,21,8.934232285674613
3,6,0,22,7.948331435574364
3,6,1,22,0.012323293114983522
3,6,2,22,8.72872057350623
3,6,3,22,6.765770889221519
3,6,4,22,1.4794039736380213
3,6,5,22,6.7229422251532585
3,6,6,22,1.0806590932152795
3,6,7,22,6.369773825929714
3,6,8,22,7.080820857366472
3,6,9,22,2.0467336739592508
3,6,10,22,0.6465544892525218
3,6,11,22,6.361923206722861
3,6,12,22,4.909329337905416
3,6,13,22,4.250357833000142
3,6,14,22,7.8663283114596
3,7,0,0,9.97672892717063
3,7,1,0,9.793162076087178
3,7,2,0,9.890425296496277
3,7,3,0,9.935254905789563
3,7,4,0,9.944136747106814
3,7,5,0,9.918459871166927
3,7,6,0,9.935942086632528
3,7,7,0,9.921472760304738
3,7,8,0,9.976624597666627
3,7,9,0,9.91440451594324
3,7,10,0,9.864955063465821
3,7,11,0,10.004520911467266
3,7,12,0,10.005206990733646
3,7,13,0,9.790610357957476
3,7,14,0,10.011259970816024
3,7,0,1,9.900247206160937
3,7,1,1,9.920314907474424
3,7,2,1,10.022101429272366
3,7,3,1,9.951498450859152
3,7,4,1,9.9288135403138
3,7,5,1,9.79112354920934
3,7,6,1,10.025939174915187
3,7,7,1,10.004001680592289
3,7,8,1,9.91283593630538
3,7,9,1,9.932996948403666
3,7,10,1,9.927986292319776
3,7,11,1,10.105036154656489
3,7,12,1,9.976282722243369
3,7,13,1,9.814911198145184
3,7,14,1,10.113625027427535
3,7,0,2,10.012641906163767
3,7,1,2,9.932141045977858
3,7,2,2,9.913270492329248
3,7,3,2,9.91818965401502
3,7,4,2,9.947065339635905
3,7,5,2,10.058614849362762
3,7,6,2,9.876346763735516
3,7,7,2,9.934406561949354
3,7,8,2,9.930994317517376
3,7,9,2,10.0033596755092
3,7,10,2,9.841933308986029
3,7,11,2,10.080559883785138
3,7,12,2,9.935039886210403
3,7,13,2,10.037094945595646
3,7,14,2,9.993035983794845
3,7,0,3,10.096379820151263
3,7,1,3,9.955248862291638
3,7,2,3,9.87407628488034
3,7,3,3,9.966669351904068
3,7,4,3,9.950616888058224
3,7,5,3,9.780274617288313
3,7,6,3,9.995243342044656
3,7,7,3,9.961506320881224
3,7,8,3,9.936980549295766
3,7,9,3,9.944926998809859
3,7,10,3,9.80116480483614
3,7,11,3,9.991487104135347
3,7,12,3,9.877240980057392
3,7,13,3,9.846092976013402
3,7,14,3,10.069393173479991
3,7,0,4,10.00903317616286
3,7,1,4,9.967421372173511
3,7,2,4,9.953379178028497
3,7,3,4,9.83162578341058
3,7,4,4,10.034478869006943
3,7,5,4,10.025913773555354
3,7,6,4,10.000681839038787
3,7,7,4,9.94381018628006
3,7,8,4,10.056576781809307
3,7,9,4,9.929127988830112
3,7,10,4,9.888880340630756
3,7,11,4,9.95471618203995
3,7,12,4,9.964779580159636
3,7,13,4,10.035815100931766
3,7,14,4,10.016597234321939
3,7,0,5,9.894566012513561
3,7,1,5,9.964906045022598
3,7,2,5,9.89880181312762
3,7,3,5,9.944949731416202
3,7,4,5,10.005893559285246
3,7,5,5,9.995112469766847
3,7,6,5,9.902813648928193
3,7,7,5,10.029379260243806
3,7,8,5,10.040665418719126
3,7,9,5,10.096766650076637
3,7,10,5,10.014488552052121
3,7,11,5,9.915584735790905
3,7,12,5,9.949184422113568
3,7,13,5,9.9538893716317
3,7,14,5,10.072337113975827
3,7,0,6,10.063804351770735
3,7,1,6,9.98528116806338
3,7,2,6,9.919872199702928
3,7,3,6,9.95171149756489
3,7,4,6,10.03054989228174
3,7,5,6,10.053262587342925
3,7,6,6,10.02507445346264
3,7,7,6,9.951755341428468
3,7,8,6,9.936476398026198
3,7,9,6,10.013745381138412
3,7,10,6,10.099133377639644
3,7,11,6,10.010123351603562
3,7,12,6,9.954045996327572
3,7,13,6,9.94495202170593
3,7,14,6,10.002645178813788
3,7,0,7,9.922923337263907
3,7,1,7,9.889673927507161
3,7,2,7,9.907643035796323
3,7,3,7,9.91034239168002
3,7,4,7,9.956914161582917
3,7,5,7,10.019467311755962
3,7,6,7,10.096260456290567
3,7,7,7,9.913028827942222
3,7,8,7,9.948214284192607
3,7,9,7,9.958062188915846
3,7,10,7,9.90824041821669
3,7,11,7,9.993790184888745
3,7,12,7,9.980663206584127
3,7,13,7,9.967093042729672
3,7,14,7,9.85688218459684
3,7,0,8,9.906521194691857
3,7,1,8,9.965580223790358
3,7,2,8,9.89638175397416
3,7,3,8,9.983375678065128
3,7,4,8,10.052484223889062
3,7,5,8,10.035359670520934
3,7,6,8,9.879861959193969
3,7,7,8,9.870532255557777
3,7,8,8,9.928409201034393
3,7,9,8,9.94373616442976
3,7,10,8,9.888055519517126
3,7,11,8,9.878169574912357
3,7,12,8,9.953915034296399
3,7,13,8,9.955399436981358
3,7,14,8,9.903548673478422
3,7,0,9,9.862180886907169
3,7,1,9,10.021039919361161
3,7,2,9,9.893226356529734
3,7,3,9,9.933740095214015
3,7,4,9,9.89639350195263
3,7,5,9,10.057683666018237
3,7,6,9,9.931059898580893
3,7,7,9,9.941309907285651
3,7,8,9,10.03434461817529
3,7,9,9,9.940402475643705
3,7,10,9,9.90168806257811
3,7,11,9,9.981560808940442
3,7,12,9,10.151042008588488
3,7,13,9,10.050637791898623
3,7,14,9,9.885921477309145
3,7,0,10,9.941355610587582
3,7,1,10,9.847959177306574
3,7,2,10,9.941785265423938
3,7,3,10,9.890533406788613
3,7,4,10,9.84339231145882
3,7,5,10,10.090791310709244
3,7,6,10,10.005056063174594
3,7,7,10,10.048921251735328
3,7,8,10,9.995823307703185
3,7,9,10,9.98648694951789
3,7,10,10,9.938176709478883
3,7,11,10,9.963831744572929
3,7,12,10,9.995176931604508
3,7,13,10,9.928242246238648
3,7,14,10,9.900812298849448
3,7,0,11,9.969765966167076
3,7,1,11,10.003383502289065
3,7,2,11,9.87542815688828
3,7,3,11,9.92879872489983
3,7,4,11,9.843630869851395
3,7,5,11,10.012697035688507
3,7,6,11,10.011794236176195
3,7,7,11,9.937370124642872
3,7,8,11,9.925535984930244
3,7,9,11,9.950167314851694
3,7,10,11,9.82746510043282
3,7,11,11,9.835791167424023
3,7,12,11,9.977823466335789
3,7,13,11,9.985543331554988
3,7,14,11,9.857611695471798
3,7,0,12,9.994103967925946
3,7,1,12,9.948329128871471
3,7,2,12,9.87539108780959
3,7,3,12,9.979394137186121
3,7,4,12,9.904791092367883
3,7,5,12,10.11642695858725
3,7,6,12,10.024983067544824
3,7,7,12,10.050525397209679
3,7,8,12,9.860526980361508
3,7,9,12,9.929429413390153
3,7,10,12,9.829272371049553
3,7,11,12,9.86669528284056
3,7,12,12,9.892604332981389
3,7,13,12,10.054851412854509
3,7,14,12,9.725876616721198
3,7,0,13,9.888680039565967
3,7,1,13,9.946212520944291
3,7,2,13,9.95593781583036
3,7,3,13,9.910435412101048
3,7,4,13,10.00035973381994
3,7,5,13,9.970277479045002
3,7,6,13,10.057288377718713
3,7,7,13,10.011671014899665
3,7,8,13,9.867934715617073
3,7,9,13,10.002582367695
3,7,10,13,9.885669523615466
3,7,11,13,9.940213864558949
3,7,12,13,10.041223569161593
3,7,13,13,9.96374435903069
3,7,14,13,9.780782355769425
3,7,0,14,9.951307556517998
3,7,1,14,9.903404247392693
3,7,2,14,10.032404938884245
3,7,3,14,10.039133140692753
3,7,4,14,9.994725171518759
3,7,5,14,9.980382824655479
3,7,6,14,9.92836126242034
3,7,7,14,10.027612799183585
3,7,8,14,9.848880429951794
3,7,9,14,9.883961288084944
3,7,10,14,9.98840373717696
3,7,11,14,9.986028563260794
3,7,12,14,9.91838901482765
3,7,13,14,9.926930498182129
3,7,14,14,9.986029188023997
3,7,0,15,9.940792899568825
3,7,1,15,9.886641653508203
3,7,2,15,10.039038771766391
3,7,3,15,9.922266063714755
3,7,4,15,9.899640237419645
3,7,5,15,9.920365890119593
3,7,6,15,9.993067061104675
3,7,7,15,9.94670694315755
3,7,8,15,9.974345489640951
3,7,9,15,9.896962464153127
3,7,10,15,10.006649990169974
3,7,11,15,9.968160836515013
3,7,12,15,10.016064243951872
3,7,13,15,9.879649289066686
3,7,14,15,9.994376069004558
3,7,0,16,9.87523325450617
3,7,1,16,9.795096726168275
3,7,2,16,9.858530998490986
3,7,3,16,9.902045263415445
3,7,4,16,9.978719583330543
3,7,5,16,9.802671125408056
3,7,6,16,10.007997178975325
3,7,7,16,9.982036965549653
3,7,8,16,9.911781202587958
3,7,9,16,9.876408604531468
3,7,10,16,10.051239702040748
3,7,11,16,9.853959762606944
3,7,12,16,9.98274774480508
3,7,13,16,9.880052928389972
3,7,14,16,10.060071043136256
3,7,0,17,9.701202748512774
3,7,1,17,9.833560612895273
3,7,2,17,9.820989453147192
3,7,3,17,9.90685037197376
3,7,4,17,9.880349737313649
3,7,5,17,9.61264759180547
3,7,6,17,9.97059886824209
3,7,7,17,9.850567154500213
3,7,8,17,9.799348657811603
3,7,9,17,9.857378169702452
3,7,10,17,10.07935690680419
3,7,11,17,9.773262091426876
3,7,12,17,9.869026626461192
3,7,13,17,9.810476690329416
3,7,14,17,9.999907657227634
3,7,0,18,9.42287737839088
3,7,1,18,9.89518233116399
3,7,2,18,9.801117603765313
3,7,3,18,9.821932149332968
3,7,4,18,9.754670833656771
3,7,5,18,9.247910000195777
3,7,6,18,9.911664438713448
3,7,7,18,9.727842577442555
3,7,8,18,9.687115602764289
3,7,9,18,9.709799615163796
3,7,10,18,9.958795968616286
3,7,11,18,9.434061377820674
3,7,12,18,9.792000740947511
3,7,13,18,9.765790460705766
3,7,14,18,9.907186914187797
3,7,0,19,8.548148319113073
3,7,1,19,9.839282873600638
3,7,2,19,9.624221540505841
3,7,3,19,9.62737159317634
3,7,4,19,9.423099028226936
3,7,5,19,8.46844387987601
3,7,6,19,9.706594954672804
3,7,7,19,9.48663341674425
3,7,8,19,9.130233943133296
3,7,9,19,9.43508657434017
3,7,10,19,9.718720463594352
3,7,11,19,8.801184724512828
3,7,12,19,9.525034029221956
3,7,13,19,9.494406360804195
3,7,14,19,9.6515818607182
3,7,0,20,7.517582175672416
3,7,1,20,9.503496649933943
3,7,2,20,9.16667771173354
3,7,3,20,9.13351617017498
3,7,4,20,8.560102471142162
3,7,5,20,7.0645716436935935
3,7,6,20,9.25164323801658
3,7,7,20,8.91690051840535
3,7,8,20,8.413413132399663
3,7,9,20,8.652256411756431
3,7,10,20,9.290839775721563
3,7,11,20,7.684360047534312
3,7,12,20,8.845508975590525
3,7,13,20,8.987744469740507
3,7,14,20,9.204552314263065
3,7,0,21,4.1597599251073225
3,7,1,21,8.951183031513077
3,7,2,21,8.285717127134614
3,7,3,21,8.266383176839435
3,7,4,21,7.286463310691826
3,7,5,21,4.905738450689589
3,7,6,21,8.464346215948131
3,7,7,21,8.03442146500742
3,7,8,21,6.5667104297797385
3,7,9,21,7.2120944797409585
3,7,10,21,8.343007903182743
3,7,11,21,5.565920442069105
3,7,12,21,7.827383157025072
3,7,13,21,8.058083346719297
3,7,14,21,8.601771841976044
3,7,0,22,1.9596012206337206
3,7,1,22,7.060012475969599
3,7,2,22,6.356165366674761
3,7,3,22,6.503753350782983
3,7,4,22,3.3328605434391814
3,7,5,22,1.6336406101042857
3,7,6,22,6.714769022234813
3,7,7,22,5.589395935560216
3,7,8,22,3.725426279542518
3,7,9,22,4.822996812486927
3,7,10,22,6.90145073350894
3,7,11,22,2.3046661552501675
3,7,12,22,5.814023535847068
3,7,13,22,5.764101446549131
3,7,14,22,6.6893625679004
3,8,0,0,9.797931685533989
3,8,1,0,9.851364681345627
3,8,2,0,9.847558945947837
3,8,3,0,9.963018618213681
3,8,4,0,9.961251292896588
3,8,5,0,10.042155606497742
3,8,6,0,9.995068080313354
3,8,7,0,10.04600591021647
3,8,8,0,9.983254497944724
3,8,9,0,10.021474069249575
3,8,10,0,9.8946712767687
3,8,11,0,9.975775653327046
3,8,12,0,9.981840208740975
3,8,13,0,10.042910327680765
3,8,14,0,9.928053803800141
3,8,0,1,10.017496742236633
3,8,1,1,9.854116362156008
3,8,2,1,9.863187155981436
3,8,3,1,9.851575192538595
3,8,4,1,10.040570608406858
3,8,5,1,10.122384531361163
3,8,6,1,10.036991892935765
3,8,7,1,9.921260990924765
3,8,8,1,10.011094923125103
3,8,9,1,9.933746615634671
3,8,10,1,9.919475905948884
3,8,11,1,10.102905086989937
3,8,12,1,9.96811596827948
3,8,13,1,10.090533970975468
3,8,14,1,9.700914676455929
3,8,0,2,9.973554255032735
3,8,1,2,9.957135638362624
3,8,2,2,9.769453760580065
3,8,3,2,9.791628609312818
3,8,4,2,10.004331044496606
3,8,5,2,9.841452182672162
3,8,6,2,10.073525231789114
3,8,7,2,9.871907115341317
3,8,8,2,9.789682831243622
3,8,9,2,9.969712582191088
3,8,10,2,9.826205435500375
3,8,11,2,10.079207274603448
3,8,12,2,9.964154770039025
3,8,13,2,9.890271859634582
3,8,14,2,9.963139366438464
3,8,0,3,9.980111281131803
3,8,1,3,9.84910139458047
3,8,2,3,9.90198659343643
3,8,3,3,9.874895201542222
3,8,4,3,9.975902961961749
3,8,5,3,9.83506883556656
3,8,6,3,9.9219787649645
3,8,7,3,9.916129919205932
3,8,8,3,9.899221506888777
3,8,9,3,9.771524560978234
3,8,10,3,9.933722981307614
3,8,11,3,9.967765381986158
3,8,12,3,10.064667272740847
3,8,13,3,9.857826723146612
3,8,14,3,9.955717382187702
3,8,0,4,9.926144968460063
3,8,1,4,9.959552451575558
3,8,2,4,9.836277265757337
3,8,3,4,10.084177623293604
3,8,4,4,10.034566326814407
3,8,5,4,10.038408893764823
3,8,6,4,9.850777874596734
3,8,7,4,9.862011525005945
3,8,8,4,9.988349845563345
3,8,9,4,9.949921354386822
3,8,10,4,9.987097278315963
3,8,11,4,10.01723274013536
3,8,12,4,9.991538230674458
3,8,13,4,9.93627166622087
3,8,14,4,9.928581829755297
3,8,0,5,9.806424636185595
3,8,1,5,9.9117239978323
3,8,2,5,9.82092739167556
3,8,3,5,10.087668830024718
3,8,4,5,9.978553223404434
3,8,5,5,10.05665596325039
3,8,6,5,9.979595832633194
3,8,7,5,9.840979185217261
3,8,8,5,10.114378013653047
3,8,9,5,9.975195226541924
3,8,10,5,10.01693355971249
3,8,11,5,9.974421274557244
3,8,12,5,9.905186666653503
3,8,13,5,9.941369733349052
3,8,14,5,9.988304186215517
3,8,0,6,9.812448811918768
3,8,1,6,10.05014458540611
3,8,2,6,9.812798530950705
3,8,3,6,9.979412228873437
3,8,4,6,10.03678743260297
3,8,5,6,9.95740040430854
3,8,6,6,10.015948066040272
3,8,7,6,9.880951630150454
3,8,8,6,10.056445483070526
3,8,9,6,9.970753946465905
3,8,10,6,9.829531794413475
3,8,11,6,10.006999617720842
3,8,12,6,9.823783001349048
3,8,13,6,9.914576409880683
3,8,14,6,10.071193743913039
3,8,0,7,9.88048814836654
3,8,1,7,9.983437682331266
3,8,2,7,10.009593854434849
3,8,3,7,9.989933465575273
3,8,4,7,10.033619517897236
3,8,5,7,9.829626706994796
3,8,6,7,9.854090972260778
3,8,7,7,9.83948486790747
3,8,8,7,10.023820473209895
3,8,9,7,10.00493320165884
3,8,10,7,9.971174593926907
3,8,11,7,9.958063474664385
3,8,12,7,9.80007992156641
3,8,13,7,9.974055572833775
3,8,14,7,9.977002347901074
3,8,0,8,9.834258843866081
3,8,1,8,9.954669058891206
3,8,2,8,9.87773843930262
3,8,3,8,9.975063220337697
3,8,4,8,10.01384684831102
3,8,5,8,10.044782284614543
3,8,6,8,9.94295871301825
3,8,7,8,9.966988378697746
3,8,8,8,10.04297196671149
3,8,9,8,10.088922228717541
3,8,10,8,9.947147717636042
3,8,11,8,9.935138552733783
3,8,12,8,9.856168264282692
3,8,13,8,10.02217136734968
3,8,14,8,9.986121478407908
3,8,0,9,9.88192463708594
3,8,1,9,10.035133609921433
3,8,2,9,9.854857797391379
3,8,3,9,9.861599280482727
3,8,4,9,9.995941184010762
3,8,5,9,9.984682021883712
3,8,6,9,9.975419154434704
3,8,7,9,9.910547789217715
3,8,8,9,9.95620395170444
3,8,9,9,10.011726842342012
3,8,10,9,9.9214175801047
3,8,11,9,9.951704377416299
3,8,12,9,9.700704353087419
3,8,13,9,10.027731908300783
3,8,14,9,10.047818327649043
3,8,0,10,9.942741269929835
3,8,1,10,9.875971407409196
3,8,2,10,9.97014842487785
3,8,3,10,9.90942061924058
3,8,4,10,9.868191161252717
3,8,5,10,9.90811311716983
3,8,6,10,10.061489681532889
3,8,7,10,9.86114319344917
3,8,8,10,9.965433765181094
3,8,9,10,10.067536197800951
3,8,10,10,9.883774337768912
3,8,11,10,10.037380833729367
3,8,12,10,9.879339561908761
3,8,13,10,9.956688825229742
3,8,14,10,10.025888069626129
3,8,0,11,9.942270995949794
3,8,1,11,10.057774567521415
3,8,2,11,9.915711702568103
3,8,3,11,9.833605173495599
3,8,4,11,10.02192824526495
3,8,5,11,9.916980189964978
3,8,6,11,10.03690913187052
3,8,7,11,9.974024203392082
3,8,8,11,9.938196606399899
3,8,9,11,9.983789959170632
3,8,10,11,9.954313536235283
3,8,11,11,9.991281337661041
3,8,12,11,10.009486427402807
3,8,13,11,10.090500758728114
3,8,14,11,10.027342086610323
3,8,0,12,10.00464023728668
3,8,1,12,9.991208907576818
3,8,2,12,10.018496229810012
3,8,3,12,9.915712000168197
3,8,4,12,10.030132564983498
3,8,5,12,9.990589934545493
3,8,6,12,10.004727186956531
3,8,7,12,9.864713332521669
3,8,8,12,9.920423612288136
3,8,9,12,10.087414546972308
3,8,10,12,9.915940098564686
3,8,11,12,10.04280078819854
3,8,12,12,9.951611392638009
3,8,13,12,10.076515253291786
3,8,14,12,9.982446655940356
3,8,0,13,10.005230467906983
3,8,1,13,9.832869738062094
3,8,2,13,9.921493122906325
3,8,3,13,9.896409485912887
3,8,4,13,10.09266673406258
3,8,5,13,9.931945462744
3,8,6,13,10.018703412380205
3,8,7,13,9.908298237303901
3,8,8,13,9.990094251993312
3,8,9,13,9.981335589026854
3,8,10,13,10.014900446792469
3,8,11,13,9.995183810191818
3,8,12,13,9.978237231401144
3,8,13,13,9.949850663441177
3,8,14,13,10.045685451635658
3,8,0,14,10.069900536692417
3,8,1,14,10.001805282160822
3,8,2,14,9.990631423036175
3,8,3,14,9.99734033238811
3,8,4,14,10.06650445308254
3,8,5,14,9.855013361535839
3,8,6,14,9.955774324669902
3,8,7,14,9.779682745899477
3,8,8,14,9.860669818946945
3,8,9,14,10.048904185100538
3,8,10,14,10.027134906732776
3,8,11,14,9.98794356884729
3,8,12,14,9.965095355980605
3,8,13,14,9.903982015686076
3,8,14,14,9.931063810200182
3,8,0,15,10.051965780955731
3,8,1,15,9.945591669657759
3,8,2,15,9.944486026063814
3,8,3,15,9.983382893295701
3,8,4,15,9.970943962209589
3,8,5,15,9.71794616498144
3,8,6,15,9.988986468468497
3,8,7,15,9.932881521930474
3,8,8,15,9.931924615393951
3,8,9,15,10.070620447454958
3,8,10,15,9.996374386148
3,8,11,15,9.996975223837374
3,8,12,15,9.873416981583476
3,8,13,15,9.816347089358572
3,8,14,15,9.878305474196939
3,8,0,16,10.038359552547007
3,8,1,16,9.902091393525085
3,8,2,16,9.714422285635118
3,8,3,16,9.76334703731556
3,8,4,16,9.966685585707067
3,8,5,16,10.034049275948306
3,8,6,16,9.916692669303563
3,8,7,16,9.95376337004633
3,8,8,16,9.816309196131277
3,8,9,16,9.967448464232698
3,8,10,16,9.894346586999092
3,8,11,16,9.842538582653214
3,8,12,16,9.977127604689104
3,8,13,16,9.710082166095187
3,8,14,16,10.035203074796415
3,8,0,17,9.999104281046044
3,8,1,17,9.900188352057867
3,8,2,17,9.334350128421702
3,8,3,17,9.608391103723006
3,8,4,17,9.856278120892107
3,8,5,17,9.931565577186493
3,8,6,17,9.78040339590652
3,8,7,17,9.991996862936013
3,8,8,17,9.75724016920318
3,8,9,17,10.025926491301997
3,8,10,17,9.759091523307273
3,8,11,17,9.889511119329176
3,8,12,17,9.805693747471178
3,8,13,17,9.379455109526086
3,8,14,17,9.881160291154863
3,8,0,18,9.986866542335441
3,8,1,18,9.733815466757564
3,8,2,18,8.777174998963147
3,8,3,18,9.189069264912602
3,8,4,18,9.8267380765051
3,8,5,18,9.739645502283198
3,8,6,18,9.655505416462729
3,8,7,18,9.930660629704253
3,8,8,18,9.413414401621608
3,8,9,18,9.875692024401769
3,8,10,18,9.45681207036029
3,8,11,18,9.743425961910532
3,8,12,18,9.725283437926958
3,8,13,18,8.47058128555719
3,8,14,18,9.729721530106914
3,8,0,19,9.90938966655681
3,8,1,19,9.27123045120302
3,8,2,19,7.213178522945197
3,8,3,19,8.41920466436742
3,8,4,19,9.532376757691527
3,8,5,19,9.57265851856196
3,8,6,19,9.371473747125112
3,8,7,19,9.80171141785252
3,8,8,19,8.452804696768931
3,8,9,19,9.699096552195495
3,8,10,19,9.075588827973704
3,8,11,19,9.445811730322967
3,8,12,19,9.404536410589001
3,8,13,19,7.376024538282715
3,8,14,19,9.567298261211109
3,8,0,20,9.607788376205962
3,8,1,20,8.588748281451894
3,8,2,20,4.442109199473614
3,8,3,20,6.7060662088013805
3,8,4,20,8.845766730876226
3,8,5,20,9.070311935254072
3,8,6,20,8.72990299868902
3,8,7,20,9.504013380559146
3,8,8,20,7.177049714471251
3,8,9,20,9.350282853424472
3,8,10,20,7.6457462575639985
3,8,11,20,8.841800254409396
3,8,12,20,8.617699579792767
3,8,13,20,4.762588444624529
3,8,14,20,9.181340406687516
3,8,0,21,8.94698908838069
3,8,1,21,7.717701313582387
3,8,2,21,1.1428528340934891
3,8,3,21,3.8109345778815205
3,8,4,21,7.690738749655087
3,8,5,21,8.270334478262125
3,8,6,21,7.472007582912837
3,8,7,21,8.755677290189222
3,8,8,21,4.224264807815783
3,8,9,21,8.826839915421917
3,8,10,21,5.347019884455292
3,8,11,21,7.420156140165627
3,8,12,21,7.17617193069651
3,8,13,21,1.4222847351347214
3,8,14,21,8.017142129894731
3,8,0,22,8.412474230048325
3,8,1,22,4.359165636557829
3,8,2,22,0.0
3,8,3,22,0.9447334154608044
3,8,4,22,5.638585785048491
3,8,5,22,6.354795936837807
3,8,6,22,5.305574019229126
3,8,7,22,7.980603261852315
3,8,8,22,1.5973170502592853
3,8,9,22,7.659013232819042
3,8,10,22,2.3522898331040034
3,8,11,22,5.42856351954417
3,8,12,22,5.110904549510922
3,8,13,22,0.003934061250835262
3,8,14,22,5.952427749764741
3,9,0,0,9.664339129246827
3,9,1,0,10.069696253772548
3,9,2,0,9.83779365933119
3,9,3,0,9.981928636618855
3,9,4,0,9.905404247806851
3,9,5,0,10.027830488878536
3,9,6,0,9.88449959675142
3,9,7,0,10.001455195886187
3,9,8,0,9.881054792332115
3,9,9,0,9.976447017570223
3,9,10,0,9.962701175483437
3,9,11,0,9.949191068856328
3,9,12,0,9.97041508292918
3,9,13,0,9.78058788766621
3,9,14,0,9.893456030804153
3,9,0,1,9.833050814089852
3,9,1,1,10.149602021024931
3,9,2,1,10.06387688886125
3,9,3,1,9.874544661249535
3,9,4,1,9.810438569007333
3,9,5,1,10.00222266563259
3,9,6,1,10.027972537736877
3,9,7,1,9.996603196740352
3,9,8,1,10.021055763053473
3,9,9,1,9.960393107246663
3,9,10,1,10.123728363742513
3,9,11,1,9.917090837748693
3,9,12,1,9.91073062992607
3,9,13,1,9.86906572241325
3,9,14,1,9.978007741902076
3,9,0,2,9.851928148229728
3,9,1,2,10.098445172253287
3,9,2,2,9.785745063769383
3,9,3,2,9.85771447706334
3,9,4,2,9.84474578963926
3,9,5,2,9.924887796925526
3,9,6,2,10.00110495700395
3,9,7,2,9.962282709290495
3,9,8,2,10.056215384590217
3,9,9,2,9.8994779122963
3,9,10,2,9.942516353220904
3,9,11,2,9.996080184951573
3,9,12,2,9.875852784058308
3,9,13,2,9.848216246824256
3,9,14,2,9.98347321800971
3,9,0,3,9.80121413744374
3,9,1,3,9.998026904583169
3,9,2,3,10.012952065735979
3,9,3,3,9.8563607367381
3,9,4,3,9.806548588211493
3,9,5,3,9.918580954803595
3,9,6,3,9.95924646571957
3,9,7,3,9.998689684430529
3,9,8,3,10.021189564866846
3,9,9,3,9.975430715801034
3,9,10,3,9.93864885670743
3,9,11,3,9.995293545741948
3,9,12,3,9.816937126503761
3,9,13,3,9.931373350973429
3,9,14,3,9.896107027558278
3,9,0,4,9.99398853028944
3,9,1,4,10.084393659276538
3,9,2,4,9.967921679784416
3,9,3,4,9.986143807801747
3,9,4,4,9.939634989312307
3,9,5,4,9.962393889301646
3,9,6,4,10.003228470210422
3,9,7,4,9.883227207995676
3,9,8,4,9.98248451645186
3,9,9,4,9.994243862788506
3,9,10,4,9.976731913390706
3,9,11,4,10.05806785031282
3,9,12,4,9.842866534518107
3,9,13,4,9.941044278033877
3,9,14,4,9.932156780556205
3,9,0,5,9.903921352466721
3,9,1,5,9.964601963505068
3,9,2,5,9.913999004683166
3,9,3,5,9.976084923251552
3,9,4,5,9.90402091227375
3,9,5,5,9.88665877095629
3,9,6,5,9.938090063715096
3,9,7,5,9.838333491986432
3,9,8,5,10.174667675606646
3,9,9,5,9.8826637904326
3,9,10,5,10.017961967369947
3,9,11,5,9.925420733600049
3,9,12,5,9.813260873350028
3,9,13,5,9.874126457005111
3,9,14,5,9.990813131470848
3,9,0,6,9.936832430640738
3,9,1,6,9.942098546929335
3,9,2,6,9.882028445903417
3,9,3,6,10.010777927083806
3,9,4,6,9.9391685509171
3,9,5,6,9.934633220385207
3,9,6,6,10.02230911560099
3,9,7,6,9.849793012362307
3,9,8,6,10.107559985932586
3,9,9,6,9.982129073613917
3,9,10,6,9.929234047036447
3,9,11,6,9.967677733476998
3,9,12,6,9.806351487830756
3,9,13,6,9.733376362569796
3,9,14,6,10.027155196694485
3,9,0,7,9.902542853000599
3,9,1,7,9.988642027342404
3,9,2,7,9.936001861927092
3,9,3,7,9.996040595989518
3,9,4,7,9.862636825323932
3,9,5,7,9.767268435103693
3,9,6,7,9.900047869048244
3,9,7,7,10.07915083631732
3,9,8,7,10.041258438031047
3,9,9,7,9.923042157363566
3,9,10,7,10.002352058429965
3,9,11,7,9.902159149074345
3,9,12,7,9.87510756571205
3,9,13,7,9.94098806199262
3,9,14,7,9.991863865537423
3,9,0,8,9.980773697607745
3,9,1,8,9.968039478392534
3,9,2,8,9.900759725623905
3,9,3,8,9.843560391404964
3,9,4,8,9.884720268311879
3,9,5,8,9.804349434378457
3,9,6,8,10.038357602488487
3,9,7,8,9.975026309414043
3,9,8,8,10.055020001027506
3,9,9,8,9.963029647379798
3,9,10,8,9.919372464043374
3,9,11,8,10.048346863687577
3,9,12,8,9.938098197342141
3,9,13,8,9.920702306835953
3,9,14,8,10.095314386933099
3,9,0,9,9.966428737283126
3,9,1,9,9.907509526051575
3,9,2,9,9.953815027960461
3,9,3,9,9.983543501803888
3,9,4,9,9.834768593689855
3,9,5,9,9.972324613592498
3,9,6,9,10.018292998365556
3,9,7,9,9.96207518476304
3,9,8,9,9.869010714431663
3,9,9,9,9.96031391322118
3,9,10,9,9.951402656684627
3,9,11,9,10.03014602364251
3,9,12,9,9.986663738688003
3,9,13,9,9.841306878049517
3,9,14,9,9.989831405584894
3,9,0,10,9.826332390019472
3,9,1,10,9.985290362173814
3,9,2,10,9.9931555814081
3,9,3,10,9.852144961571677
3,9,4,10,10.03546218451938
3,9,5,10,9.917550764304053
3,9,6,10,9.893661704726567
3,9,7,10,9.910163138751598
3,9,8,10,10.002711554284236
3,9,9,10,9.987303782499296
3,9,10,10,9.988357767601261
3,9,11,10,10.106358692078043
3,9,12,10,9.855643719879565
3,9,13,10,9.775259406213676
3,9,14,10,9.95621333270181
3,9,0,11,9.979923002181541
3,9,1,11,9.938653669304143
3,9,2,11,9.949356422543495
3,9,3,11,9.846577211391066
3,9,4,11,10.077570802148868
3,9,5,11,10.032913382003322
3,9,6,11,10.09183830252623
3,9,7,11,9.91961871927456
3,9,8,11,9.829756654293574
3,9,9,11,9.983568344516897
3,9,10,11,9.888040372432666
3,9,11,11,10.00920183642026
3,9,12,11,9.85773114475898
3,9,13,11,9.940551342900731
3,9,14,11,9.86801597505485
3,9,0,12,10.031941507763658
3,9,1,12,9.921235631522865
3,9,2,12,9.786543698216533
3,9,3,12,9.925054439413938
3,9,4,12,9.928589987953577
3,9,5,12,10.005737417846136
3,9,6,12,10.083954885803086
3,9,7,12,9.974951040406939
3,9,8,12,9.907983924784766
3,9,9,12,10.036779390963206
3,9,10,12,10.032256194255623
3,9,11,12,10.023987599052546
3,9,12,12,9.903349437798045
3,9,13,12,9.87226575422266
3,9,14,12,9.999940230127992
3,9,0,13,9.994182395609156
3,9,1,13,9.98651003227174
3,9,2,13,9.893144029074044
3,9,3,13,9.814108664158573
3,9,4,13,9.942786845733353
3,9,5,13,10.021273546975577
3,9,6,13,9.859991096438405
3,9,7,13,9.91003255383973
3,9,8,13,9.92257404771776
3,9,9,13,9.92637021898567
3,9,10,13,10.119815930543684
3,9,11,13,10.01980412727514
3,9,12,13,9.906941465404053
3,9,13,13,9.849457704378459
3,9,14,13,10.052787206927091
3,9,0,14,10.054347148727942
3,9,1,14,9.959179772268506
3,9,2,14,9.738520645471711
3,9,3,14,9.835679124451342
3,9,4,14,9.840735837442718
3,9,5,14,9.950856967354794
3,9,6,14,9.857190813256144
3,9,7,14,9.88082272852238
3,9,8,14,9.8147062153684
3,9,9,14,9.85939249913182
3,9,10,14,10.052682406813966
3,9,11,14,10.001084336256977
3,9,12,14,9.886993517486856
3,9,13,14,9.9785814416663
3,9,14,14,10.006235633501145
3,9,0,15,10.012188438241092
3,9,1,15,9.95701864066756
3,9,2,15,9.718083531953653
3,9,3,15,9.840301564412421
3,9,4,15,9.927391951754013
3,9,5,15,9.919995217049692
3,9,6,15,9.774934836914671
3,9,7,15,9.945230680694523
3,9,8,15,9.937935623878017
3,9,9,15,9.731255368268277
3,9,10,15,9.880748931079593
3,9,11,15,9.863953799999166
3,9,12,15,9.940512643670605
3,9,13,15,9.841146827264671
3,9,14,15,9.970206820485318
3,9,0,16,10.00167239291983
3,9,1,16,9.88325913423979
3,9,2,16,9.550796583423528
3,9,3,16,9.874572452034581
3,9,4,16,9.890665631889643
3,9,5,16,10.041935347579297
3,9,6,16,9.890826610092377
3,9,7,16,9.969075710767017
3,9,8,16,9.8776655845041
3,9,9,16,9.49157580945629
3,9,10,16,10.008669119931698
3,9,11,16,9.971265576700288
3,9,12,16,9.711554126389945
3,9,13,16,9.810493503613328
3,9,14,16,9.961757932948615
3,9,0,17,9.9691332992165
3,9,1,17,9.830926257684188
3,9,2,17,9.257115123866905
3,9,3,17,9.609785184104101
3,9,4,17,9.63477262411656
3,9,5,17,9.932586687196611
3,9,6,17,9.819820893194
3,9,7,17,9.934644219548433
3,9,8,17,9.784447408793469
3,9,9,17,8.974232034420503
3,9,10,17,9.85136242867338
3,9,11,17,9.968560331973354
3,9,12,17,9.42293105337264
3,9,13,17,9.89208926852463
3,9,14,17,9.802623597886956
3,9,0,18,9.87933610492482
3,9,1,18,9.540584550366285
3,9,2,18,8.088601435948853
3,9,3,18,9.197557563997968
3,9,4,18,9.252883130312377
3,9,5,18,9.86222170313131
3,9,6,18,9.648797441060024
3,9,7,18,9.986825453975309
3,9,8,18,9.643346763047283
3,9,9,18,8.07790803204601
3,9,10,18,9.579088888204843
3,9,11,18,9.857758808023515
3,9,12,18,8.435492194154888
3,9,13,18,9.649863737110369
3,9,14,18,9.560336708631763
3,9,0,19,9.611439560261664
3,9,1,19,9.25421823557184
3,9,2,19,6.85614970901097
3,9,3,19,8.404685221953324
3,9,4,19,8.7093850163578
3,9,5,19,9.483428894596358
3,9,6,19,9.330992095567572
3,9,7,19,9.817022369456561
3,9,8,19,9.39435798859454
3,9,9,19,5.898602666321557
3,9,10,19,9.199724658595162
3,9,11,19,9.666794466671224
3,9,12,19,7.206013048678328
3,9,13,19,9.391286887355962
3,9,14,19,9.013233992955747
3,9,0,20,9.167545392711922
3,9,1,20,8.386849137413561
3,9,2,20,3.4853071091618326
3,9,3,20,6.504254675515371
3,9,4,20,6.7912912545577235
3,9,5,20,8.870993100845366
3,9,6,20,8.70872238700269
3,9,7,20,9.630064774986478
3,9,8,20,8.752737564876186
3,9,9,20,3.440102906006191
3,9,10,20,7.365011676597218
3,9,11,20,9.214485636891112
3,9,12,20,5.444640092535861
3,9,13,20,8.75405072094055
3,9,14,20,7.91290456701653
3,9,0,21,7.579959937540956
3,9,1,21,6.2004758281584555
3,9,2,21,0.8759523559491412
3,9,3,21,3.902971398605619
3,9,4,21,4.650489061085753
3,9,5,21,7.6657586165524165
3,9,6,21,6.923058494489772
3,9,7,21,9.282357185195014
3,9,8,21,7.801473565722277
3,9,9,21,0.8681493232490985
3,9,10,21,5.981378114585371
3,9,11,21,8.732974413301152
3,9,12,21,2.722405073395422
3,9,13,21,7.307733629071575
3,9,14,21,6.384783694845135
3,9,0,22,5.795458662745163
3,9,1,22,4.353041507628616
3,9,2,22,0.0
3,9,3,22,1.8441403827785923
3,9,4,22,1.8658058712327419
3,9,5,22,5.814144945207988
3,9,6,22,4.710228885953192
3,9,7,22,8.48667104520085
3,9,8,22,5.332175570107082
3,9,9,22,0.0
3,9,10,22,3.4455528290469357
3,9,11,22,6.952771500716727
3,9,12,22,0.1856398231106162
3,9,13,22,4.988147798588408
3,9,14,22,3.269405268659726
3,10,0,0,9.983892968053144
3,10,1,0,10.06360464664349
3,10,2,0,9.940357071378036
3,10,3,0,9.833035792400185
3,10,4,0,9.913673265757994
3,10,5,0,9.937605483547992
3,10,6,0,9.964441442623642
3,10,7,0,9.894773916845132
3,10,8,0,9.915901198346408
3,10,9,0,9.964668667876445
3,10,10,0,9.931888803368462
3,10,11,0,9.849706898913427
3,10,12,0,10.043243317212353
3,10,13,0,9.946599834028792
3,10,14,0,9.869723612066078
3,10,0,1,9.94664735925356
3,10,1,1,9.816819437393715
3,10,2,1,9.877569685275809
3,10,3,1,9.859310702455195
3,10,4,1,9.86842517690394
3,10,5,1,9.955586040202514
3,10,6,1,9.94554182048361
3,10,7,1,9.860367187632283
3,10,8,1,9.942769924044189
3,10,9,1,9.899637131059732
3,10,10,1,9.910406301217241
3,10,11,1,9.983662786331083
3,10,12,1,10.04444927855902
3,10,13,1,9.93119450722519
3,10,14,1,9.843632951009136
3,10,0,2,10.143261714473152
3,10,1,2,9.740473991455518
3,10,2,2,9.87178810440265
3,10,3,2,9.825146221640276
3,10,4,2,9.909750072838284
3,10,5,2,9.913818136891484
3,10,6,2,9.997060669769672
3,10,7,2,9.942414889907237
3,10,8,2,9.850523751422093
3,10,9,2,9.865368009815764
3,10,10,2,9.86845933516213
3,10,11,2,9.965519699839064
3,10,12,2,9.857473042220073
3,10,13,2,9.971469360594984
3,10,14,2,9.956479185501143
3,10,0,3,9.969970616704872
3,10,1,3,9.94312235933804
3,10,2,3,9.751811405628478
3,10,3,3,9.786605148664588
3,10,4,3,9.938576978530776
3,10,5,3,9.846062593258303
3,10,6,3,10.084406763764314
3,10,7,3,9.859374262403481
3,10,8,3,9.795402110468695
3,10,9,3,9.926649810285262
3,10,10,3,9.906018133753838
3,10,11,3,9.952532274702392
3,10,12,3,10.017171344278387
3,10,13,3,9.896761821373746
3,10,14,3,10.040786432960129
3,10,0,4,10.008737048259304
3,10,1,4,9.936300105887689
3,10,2,4,9.805890706057646
3,10,3,4,9.913709898978802
3,10,4,4,9.882625841086767
3,10,5,4,10.032276203813549
3,10,6,4,9.932664787862697
3,10,7,4,9.9993170798874
3,10,8,4,10.038730873915002
3,10,9,4,9.805554426246992
3,10,10,4,9.840037291309498
3,10,11,4,9.949719698332116
3,10,12,4,9.808714514652102
3,10,13,4,9.83865560931055
3,10,14,4,9.792479860915192
3,10,0,5,10.00415933146024
3,10,1,5,9.933867988466686
3,10,2,5,9.883792769604787
3,10,3,5,9.922681902430577
3,10,4,5,9.96322350918963
3,10,5,5,10.03785481738034
3,10,6,5,9.973814238258214
3,10,7,5,10.004678743265883
3,10,8,5,9.935530947145244
3,10,9,5,9.941336672291119
3,10,10,5,9.907341365147325
3,10,11,5,9.993753784579155
3,10,12,5,9.838398882404329
3,10,13,5,10.03093965755832
3,10,14,5,9.69011533813356
3,10,0,6,9.961918829009685
3,10,1,6,9.976297950500598
3,10,2,6,9.848592931750552
3,10,3,6,9.842646438012284
3,10,4,6,10.015431789892508
3,10,5,6,10.03059308703278
3,10,6,6,9.986105927632217
3,10,7,6,10.03110462966729
3,10,8,6,10.021771231788769
3,10,9,6,9.737016897622498
3,10,10,6,9.954303569416359
3,10,11,6,10.02552716132144
3,10,12,6,10.048482450267901
3,10,13,6,9.913628954715433
3,10,14,6,9.962406158542667
3,10,0,7,9.933908971155128
3,10,1,7,10.0035115856818
3,10,2,7,9.919665275139998
3,10,3,7,9.775907513924265
3,10,4,7,9.942872891301365
3,10,5,7,9.962066634639596
3,10,6,7,10.056100686490675
3,10,7,7,9.999242092773224
3,10,8,7,9.905485881011263
3,10,9,7,9.80489965056244
3,10,10,7,9.90018149030209
3,10,11,7,9.90193970863968
3,10,12,7,9.955039426257331
3,10,13,7,9.902893803763666
3,10,14,7,9.929563081004686
3,10,0,8,9.92043151051135
3,10,1,8,9.977998743886243
3,10,2,8,9.80993509588206
3,10,3,8,9.931412069923333
3,10,4,8,9.871581240739587
3,10,5,8,9.875167700742985
3,10,6,8,9.966417875603875
3,10,7,8,9.903650254261873
3,10,8,8,9.797763188816806
3,10,9,8,9.860940942582094
3,10,10,8,9.803530811310141
3,10,11,8,10.0624822888254
3,10,12,8,10.057929396307342
3,10,13,8,9.89495366220575
3,10,14,8,9.94199419616196
3,10,0,9,9.976800359757117
3,10,1,9,9.90880599172741
3,10,2,9,9.94637579790246
3,10,3,9,9.813957939569146
3,10,4,9,9.892185257074416
3,10,5,9,9.957243598271637
3,10,6,9,10.08933184485117
3,10,7,9,9.976025105126208
3,10,8,9,9.772068398289552
3,10,9,9,9.883026187758281
3,10,10,9,9.841220626277732
3,10,11,9,10.094015459978408
3,10,12,9,9.961957044866658
3,10,13,9,9.829074639523583
3,10,14,9,9.994623132396551
3,10,0,10,9.929088593794562
3,10,1,10,9.815324604524019
3,10,2,10,10.026915731972887
3,10,3,10,10.150930651476472
3,10,4,10,9.842563139968043
3,10,5,10,10.115246030794506
3,10,6,10,9.98358149482008
3,10,7,10,9.938027812074235
3,10,8,10,10.018294957005672
3,10,9,10,9.861917579013953
3,10,10,10,9.905000604495864
3,10,11,10,9.933880196374544
3,10,12,10,10.005413517795152
3,10,13,10,9.843948957287315
3,10,14,10,9.980810757164665
3,10,0,11,9.975417870058973
3,10,1,11,9.816068785729685
3,10,2,11,9.809446058195082
3,10,3,11,9.984685825092663
3,10,4,11,9.90603007251273
3,10,5,11,9.94320842995365
3,10,6,11,9.90825617217444
3,10,7,11,10.019615709330614
3,10,8,11,9.981864234281579
3,10,9,11,9.800646667231689
3,10,10,11,9.823830614459505
3,10,11,11,10.05508814169941
3,10,12,11,9.955819797218794
3,10,13,11,10.079523055433242
3,10,14,11,9.94066572326422
3,10,0,12,9.956183325748942
3,10,1,12,9.854091819481686
3,10,2,12,9.877036808360288
3,10,3,12,9.874865013896592
3,10,4,12,10.00513334872678
3,10,5,12,9.969537938854796
3,10,6,12,10.011709002912433
3,10,7,12,10.01005399205045
3,10,8,12,9.936826423808078
3,10,9,12,10.012911984145328
3,10,10,12,9.915059666178962
3,10,11,12,9.951761516729295
3,10,12,12,10.004741164792863
3,10,13,12,9.825087549431839
3,10,14,12,9.915633504725767
3,10,0,13,9.956722554908506
3,10,1,13,9.893930969773193
3,10,2,13,9.955986174200413
3,10,3,13,9.947159162547589
3,10,4,13,10.053587312544456
3,10,5,13,9.862623130608648
3,10,6,13,9.944574920151647
3,10,7,13,10.060277162769205
3,10,8,13,9.824634715447553
3,10,9,13,9.784623376147284
3,10,10,13,9.848643168174105
3,10,11,13,9.954312037778662
3,10,12,13,10.005651865632098
3,10,13,13,9.969840186189852
3,10,14,13,9.87551871712988
3,10,0,14,9.842491371551823
3,10,1,14,9.842019442783027
3,10,2,14,9.961666817911626
3,10,3,14,9.842250835295468
3,10,4,14,9.898874577855006
3,10,5,14,9.960831135894237
3,10,6,14,9.926187814619858
3,10,7,14,9.925028602341314
3,10,8,14,9.90483729491473
3,10,9,14,9.97100638618968
3,10,10,14,9.840028595470638
3,10,11,14,9.894319802355588
3,10,12,14,10.00719464875264
3,10,13,14,10.009335114023024
3,10,14,14,9.916602120353867
3,10,0,15,9.930556010345216
3,10,1,15,9.897476431793443
3,10,2,15,9.954320525856474
3,10,3,15,9.950765655062215
3,10,4,15,9.879389430464753
3,10,5,15,9.889577972894575
3,10,6,15,9.85603045085709
3,10,7,15,10.1155484742858
3,10,8,15,9.764007030668557
3,10,9,15,9.872716972480232
3,10,10,15,9.76411933481922
3,10,11,15,9.997755084770265
3,10,12,15,10.027660539460143
3,10,13,15,9.81046502144494
3,10,14,15,10.054845226668304
3,10,0,16,9.744952478437726
3,10,1,16,9.893820589663585
3,10,2,16,9.963962834222897
3,10,3,16,9.777120515765407
3,10,4,16,9.857238297854261
3,10,5,16,9.981804339345635
3,10,6,16,9.717311932888975
3,10,7,16,9.990761280071393
3,10,8,16,9.537465306200785
3,10,9,16,9.859320020682864
3,10,10,16,9.844609506428984
3,10,11,16,9.94767455965878
3,10,12,16,10.007544204964331
3,10,13,16,9.84949474422442
3,10,14,16,9.979872704318948
3,10,0,17,9.822650747081157
3,10,1,17,9.762298775044528
3,10,2,17,9.830617564151508
3,10,3,17,9.783944635303987
3,10,4,17,9.6872220451073
3,10,5,17,9.820383881386364
3,10,6,17,9.719409528893463
3,10,7,17,9.92858598179362
3,10,8,17,8.93383193553551
3,10,9,17,9.753090244271196
3,10,10,17,9.752373755740509
3,10,11,17,9.845728277250272
3,10,12,17,9.962190625889647
3,10,13,17,9.86326547141817
3,10,14,17,10.023289046924676
3,10,0,18,9.651730203221573
3,10,1,18,9.640477362300079
3,10,2,18,9.611358412052523
3,10,3,18,9.46095096904922
3,10,4,18,9.441850914818628
3,10,5,18,9.66099568123994
3,10,6,18,9.52307995101379
3,10,7,18,9.759885825950265
3,10,8,18,7.920345423553895
3,10,9,18,9.745913950115906
3,10,10,18,9.380156727694073
3,10,11,18,9.87048842545763
3,10,12,18,9.819813117417496
3,10,13,18,9.754846398152594
3,10,14,18,9.699031118831424
3,10,0,19,9.010678367882951
3,10,1,19,9.390299990212988
3,10,2,19,9.228025781205668
3,10,3,19,8.69808770455072
3,10,4,19,8.529798917542896
3,10,5,19,9.38872934340097
3,10,6,19,8.792914294207074
3,10,7,19,9.474763077713769
3,10,8,19,5.555344809599305
3,10,9,19,9.654709643779157
3,10,10,19,8.699564319333254
3,10,11,19,9.692184471631457
3,10,12,19,9.520842582755625
3,10,13,19,9.535217239146277
3,10,14,19,9.594256649438066
3,10,0,20,8.244194581171245
3,10,1,20,8.688850766069011
3,10,2,20,8.316553927154416
3,10,3,20,8.114314515342434
3,10,4,20,7.518719668880553
3,10,5,20,8.910428869246491
3,10,6,20,7.7970014077686525
3,10,7,20,9.098932992112461
3,10,8,20,2.637591607095317
3,10,9,20,9.329233267509327
3,10,10,20,7.6562256194493115
3,10,11,20,9.363108217617548
3,10,12,20,8.809018275719492
3,10,13,20,8.872275765383097
3,10,14,20,9.215224688132876
3,10,0,21,6.606846476281502
3,10,1,21,7.158385735272579
3,10,2,21,6.939549443989464
3,10,3,21,5.631044702178801
3,10,4,21,4.939592752196215
3,10,5,21,7.69725257915215
3,10,6,21,5.866022974167791
3,10,7,21,7.8491290892214804
3,10,8,21,0.08846028723555018
3,10,9,21,8.285575047841677
3,10,10,21,4.78332142760697
3,10,11,21,8.315034942251472
3,10,12,21,7.648504295195704
3,10,13,21,7.882018591917838
3,10,14,21,8.64792417228855
3,10,0,22,4.246890045519616
3,10,1,22,5.456170349156736
3,10,2,22,5.047602312023298
3,10,3,22,2.4211176007826865
3,10,4,22,2.1305101525288297
3,10,5,22,5.039829880465726
3,10,6,22,3.8052108325617544
3,10,7,22,6.11407144554438
3,10,8,22,0.0
3,10,9,22,6.371282149003591
3,10,10,22,2.8429588257575977
3,10,11,22,6.947048494185817
3,10,12,22,4.964726778544292
3,10,13,22,5.512489161807457
3,10,14,22,6.483851285112262
4,3,0,0,9.820584744103568
4,3,1,0,9.710625542242132
4,3,2,0,9.763637429478083
4,3,3,0,9.791215457910884
4,3,4,0,9.923314297375855
4,3,5,0,9.799496804894769
4,3,6,0,9.727089443321155
4,3,7,0,9.81470645656818
4,3,8,0,9.780035330088086
4,3,9,0,9.832551990226687
4,3,10,0,9.709610765108984
4,3,11,0,9.795771154116839
4,3,12,0,9.77959875841958
4,3,13,0,9.839768961332576
4,3,14,0,9.83628238298009
4,3,0,1,9.93052092348246
4,3,1,1,9.810298946002408
4,3,2,1,9.709649847880579
4,3,3,1,9.810870357296348
4,3,4,1,9.944266834479597
4,3,5,1,9.834415861925342
4,3,6,1,9.813507003616309
4,3,7,1,9.830030063623312
4,3,8,1,9.816972314864692
4,3,9,1,9.79805079692578
4,3,10,1,9.733189108271501
4,3,11,1,9.722634666959522
4,3,12,1,9.799489006782116
4,3,13,1,9.850864369142977
4,3,14,1,9.827788365661492
4,3,0,2,9.877438654425575
4,3,1,2,9.720835378607731
4,3,2,2,9.782816835342834
4,3,3,2,9.854122539892451
4,3,4,2,9.868344008532368
4,3,5,2,9.851623648300638
4,3,6,2,9.864451940254654
4,3,7,2,9.820449802519802
4,3,8,2,9.874480823282648
4,3,9,2,9.839835881672506
4,3,10,2,9.859642902035452
4,3,11,2,9.799031941261525
4,3,12,2,9.793604157787325
4,3,13,2,9.819807752516015
4,3,14,2,9.860932174658187
4,3,0,3,9.90990114385844
4,3,1,3,9.74410834857093
4,3,2,3,9.81930046960619
4,3,3,3,9.798763264609434
4,3,4,3,9.776930951961113
4,3,5,3,9.798732662321898
4,3,6,3,9.912355826388204
4,3,7,3,9.825073625420504
4,3,8,3,9.82306460440061
4,3,9,3,9.789823839400677
4,3,10,3,9.835713869203717
4,3,11,3,9.774534375527043
4,3,12,3,9.767922252084393
4,3,13,3,9.863825462396528
4,3,14,3,9.901136263594443
4,3,0,4,9.85162399331237
4,3,1,4,9.779038729765347
4,3,2,4,9.83775551021013
4,3,3,4,9.86660868954362
4,3,4,4,9.83520883959383
4,3,5,4,9.724445069591296
4,3,6,4,9.874475395673876
4,3,7,4,9.777686801720751
4,3,8,4,9.845488074924399
4,3,9,4,9.763058649996491
4,3,10,4,9.814039782437632
4,3,11,4,9.752082166217129
4,3,12,4,9.862215274128431
4,3,13,4,9.841337621092471
4,3,14,4,9.863825633618953
4,3,0,5,9.851103934167421
4,3,1,5,9.798858695645597
4,3,2,5,9.83490382653562
4,3,3,5,9.869511773342957
4,3,4,5,9.806061875833363
4,3,5,5,9.78182503933688
4,3,6,5,9.751051522510515
4,3,7,5,9.86074861849625
4,3,8,5,9.860838582510668
4,3,9,5,9.76615526810566
4,3,10,5,9.799123736466628
4,3,11,5,9.701869317318405
4,3,12,5,9.819809576613936
4,3,13,5,9.850219689916843
4,3,14,5,9.85442781906207
4,3,0,6,9.808706487181372
4,3,1,6,9.855549951292838
4,3,2,6,9.839833081280142
4,3,3,6,9.935279864624428
4,3,4,6,9.758952409875018
4,3,5,6,9.820715984513987
4,3,6,6,9.820538221363503
4,3,7,6,9.824165955577712
4,3,8,6,9.817354905516911
4,3,9,6,9.765955222554974
4,3,10,6,9.776484528439063
4,3,11,6,9.624100024636887
4,3,12,6,9.8042642882666
4,3,13,6,9.786061516364423
4,3,14,6,9.86717825108803
4,3,0,7,9.76112651494606
4,3,1,7,9.796843968963474
4,3,2,7,9.832893125287272
4,3,3,7,9.919202841549508
4,3,4,7,9.785364774932425
4,3,5,7,9.79006406037055
4,3,6,7,9.87824000701328
4,3,7,7,9.853207590835941
4,3,8,7,9.82444009232071
4,3,9,7,9.75930158875274
4,3,10,7,9.704009194158395
4,3,11,7,9.813507082523161
4,3,12,7,9.761273103487275
4,3,13,7,9.87928829970965
4,3,14,7,9.832110139561077
4,3,0,8,9.797215181063358
4,3,1,8,9.718296562997214
4,3,2,8,9.818631094030147
4,3,3,8,9.949251190369473
4,3,4,8,9.779546237372355
4,3,5,8,9.843886120055133
4,3,6,8,9.82384446286382
4,3,7,8,9.731615777845299
4,3,8,8,9.78286263829895
4,3,9,8,9.718889120106896
4,3,10,8,9.779400786819142
4,3,11,8,9.753570502796238
4,3,12,8,9.716703411342474
4,3,13,8,9.79336227386942
4,3,14,8,9.802005415478533
4,3,0,9,9.83036458257706
4,3,1,9,9.838330560585476
4,3,2,9,9.853074652149704
4,3,3,9,9.870358548297821
4,3,4,9,9.798541003153929
4,3,5,9,9.675329090112507
4,3,6,9,9.770876840539376
4,3,7,9,9.745412875310812
4,3,8,9,9.787858349118062
4,3,9,9,9.80622441166008
4,3,10,9,9.742783109414606
4,3,11,9,9.739695795442016
4,3,12,9,9.746783613225963
4,3,13,9,9.878908663111694
4,3,14,9,9.826452805418235
4,3,0,10,9.760350480224291
4,3,1,10,9.759355694590967
4,3,2,10,9.835810503536415
4,3,3,10,9.875131672911621
4,3,4,10,9.786827245353859
4,3,5,10,9.788290070132827
4,3,6,10,9.767605115465676
4,3,7,10,9.758793435665918
4,3,8,10,9.757142049634348
4,3,9,10,9.700755803478586
4,3,10,10,9.815251966824704
4,3,11,10,9.83476442747154
4,3,12,10,9.743631039665152
4,3,13,10,9.814248783854266
4,3,14,10,9.90983828695599
4,3,0,11,9.791057885076288
4,3,1,11,9.775713722086428
4,3,2,11,9.855106901092766
4,3,3,11,9.850266650012552
4,3,4,11,9.750056131914643
4,3,5,11,9.716544189299356
4,3,6,11,9.727004488040965
4,3,7,11,9.801243003205476
4,3,8,11,9.762302963131953
4,3,9,11,9.761716415624763
4,3,10,11,9.762010805990247
4,3,11,11,9.784746189663812
4,3,12,11,9.756792814565424
4,3,13,11,9.774281369539837
4,3,14,11,9.818676396523754
4,3,0,12,9.655982752216342
4,3,1,12,9.79163809844014
4,3,2,12,9.878070892019185
4,3,3,12,9.798990340969413
4,3,4,12,9.798865171537498
4,3,5,12,9.828512686633974
4,3,6,12,9.779848091929761
4,3,7,12,9.795760028735929
4,3,8,12,9.84629440095169
4,3,9,12,9.772001762650746
4,3,10,12,9.831097792307725
4,3,11,12,9.805369188433842
4,3,12,12,9.819450229394468
4,3,13,12,9.774681463315376
4,3,14,12,9.824351670629525
4,3,0,13,9.723266674511814
4,3,1,13,9.771271166573976
4,3,2,13,9.90618921908672
4,3,3,13,9.784480428784397
4,3,4,13,9.83850305641673
4,3,5,13,9.737193577994221
4,3,6,13,9.809583825555825
4,3,7,13,9.799785010761514
4,3,8,13,9.852007541225506
4,3,9,13,9.746689254907198
4,3,10,13,9.811320084494414
4,3,11,13,9.750909036790517
4,3,12,13,9.879718787521535
4,3,13,13,9.82328470467184
4,3,14,13,9.783125254259952
4,3,0,14,9.755037889904171
4,3,1,14,9.760553534744568
4,3,2,14,9.872687941608477
4,3,3,14,9.757955765061876
4,3,4,14,9.800046443284206
4,3,5,14,9.771873180244148
4,3,6,14,9.846879538954765
4,3,7,14,9.815481918070656
4,3,8,14,9.780387876724339
4,3,9,14,9.825697473040831
4,3,10,14,9.7695897694088
4,3,11,14,9.720464806502946
4,3,12,14,9.826157391381363
4,3,13,14,9.882473092602304
4,3,14,14,9.81112820192984
4,3,0,15,9.718812354345939
4,3,1,15,9.725635477503417
4,3,2,15,9.863700358596246
4,3,3,15,9.726060442807553
4,3,4,15,9.756761800588563
4,3,5,15,9.800256590707793
4,3,6,15,9.87384463369146
4,3,7,15,9.830952589724978
4,3,8,15,9.833427927798148
4,3,9,15,9.827850861047395
4,3,10,15,9.740502993841414
4,3,11,15,9.713652840728052
4,3,12,15,9.824018642239878
4,3,13,15,9.914808984772625
4,3,14,15,9.848682245948131
4,3,0,16,9.849749209137407
4,3,1,16,9.733805137719447
4,3,2,16,9.794205106191583
4,3,3,16,9.717296247414941
4,3,4,16,9.779102785782031
4,3,5,16,9.857765475573608
4,3,6,16,9.836229901417779
4,3,7,16,9.807590693738717
4,3,8,16,9.767415594968709
4,3,9,16,9.716854352499881
4,3,10,16,9.780513462357694
4,3,11,16,9.777884480016796
4,3,12,16,9.865042819849748
4,3,13,16,9.932734643674369
4,3,14,16,9.864767516349337
4,3,0,17,9.812140801135133
4,3,1,17,9.830728582449263
4,3,2,17,9.804341185084839
4,3,3,17,9.71809416433045
4,3,4,17,9.772213964656109
4,3,5,17,9.87406767051281
4,3,6,17,9.844142237641229
4,3,7,17,9.811265764542899
4,3,8,17,9.819456269264974
4,3,9,17,9.85046149075813
4,3,10,17,9.754619478940047
4,3,11,17,9.749333618823956
4,3,12,17,9.778638287332269
4,3,13,17,9.828238695360046
4,3,14,17,9.85410134419771
4,3,0,18,9.82047643499502
4,3,1,18,9.783981287594184
4,3,2,18,9.760529465089379
4,3,3,18,9.680118183757422
4,3,4,18,9.774182673593717
4,3,5,18,9.903632631816613
4,3,6,18,9.81351461817363
4,3,7,18,9.823439838089707
4,3,8,18,9.809907035422988
4,3,9,18,9.83213851834867
4,3,10,18,9.690476055552676
4,3,11,18,9.806575969659477
4,3,12,18,9.793222973494135
4,3,13,18,9.785721516295144
4,3,14,18,9.82303525522225
4,3,0,19,9.696575712424984
4,3,1,19,9.674946818089438
4,3,2,19,9.704114396774813
4,3,3,19,9.67605011442808
4,3,4,19,9.773236084000041
4,3,5,19,9.824826069187468
4,3,6,19,9.816883763029672
4,3,7,19,9.710843008076663
4,3,8,19,9.781104969803579
4,3,9,19,9.837585127258489
4,3,10,19,9.719917821200447
4,3,11,19,9.73895455317711
4,3,12,19,9.772302353534874
4,3,13,19,9.624254905723113
4,3,14,19,9.716126327923085
4,3,0,20,9.470752305048403
4,3,1,20,9.422507060235812
4,3,2,20,9.448725786204326
4,3,3,20,9.523855608244347
4,3,4,20,9.552359064099416
4,3,5,20,9.601130896313666
4,3,6,20,9.63058289861137
4,3,7,20,9.570024446011795
4,3,8,20,9.681962560270119
4,3,9,20,9.70328736267626
4,3,10,20,9.557481936570257
4,3,11,20,9.628543887875049
4,3,12,20,9.71556419487537
4,3,13,20,9.265026936821947
4,3,14,20,9.378370120753925
4,3,0,21,8.86930174865408
4,3,1,21,8.733543522423593
4,3,2,21,8.864597370663263
4,3,3,21,9.070369849681223
4,3,4,21,8.989514933413398
4,3,5,21,9.027280182232426
4,3,6,21,9.213257333671525
4,3,7,21,9.222747940399778
4,3,8,21,9.423026253228565
4,3,9,21,9.471719575113278
4,3,10,21,9.124903367360627
4,3,11,21,9.210083393276214
4,3,12,21,9.452705131945672
4,3,13,21,8.260293918237908
4,3,14,21,8.428099047478474
4,3,0,22,7.444149030440617
4,3,1,22,6.636622843033963
4,3,2,22,7.407256469244642
4,3,3,22,8.112432034157665
4,3,4,22,7.999675159306412
4,3,5,22,7.742140823775182
4,3,6,22,8.425457247877619
4,3,7,22,8.144791055349
4,3,8,22,8.882126806258816
4,3,9,22,8.889638072551094
4,3,10,22,8.383749606749843
4,3,11,22,8.293706911052661
4,3,12,22,8.757812407815004
4,3,13,22,6.56670525449863
4,3,14,22,6.2723052787293945
4,4,0,0,9.825070368038268
4,4,1,0,9.807213124402265
4,4,2,0,9.840679896653292
4,4,3,0,9.778615400224744
4,4,4,0,9.816142152880243
4,4,5,0,9.699962984454508
4,4,6,0,9.789324051014756
4,4,7,0,9.812011220765015
4,4,8,0,9.84095078640774
4,4,9,0,9.74314719387307
4,4,10,0,9.811327564825657
4,4,11,0,9.763398918969576
4,4,12,0,9.747287412787692
4,4,13,0,9.777458241604752
4,4,14,0,9.782613353466651
4,4,0,1,9.871891870161141
4,4,1,1,9.811104050356917
4,4,2,1,9.871292208088704
4,4,3,1,9.813360415425436
4,4,4,1,9.799963399589748
4,4,5,1,9.721781741611531
4,4,6,1,9.696114666027006
4,4,7,1,9.805352126501987
4,4,8,1,9.739688721592312
4,4,9,1,9.816587537102475
4,4,10,1,9.86431368298855
4,4,11,1,9.762001831322358
4,4,12,1,9.791650925968693
4,4,13,1,9.805325873840117
4,4,14,1,9.769146849998792
4,4,0,2,9.899809169907515
4,4,1,2,9.862316125734166
4,4,2,2,9.887646351919567
4,4,3,2,9.876226400107743
4,4,4,2,9.876437487351746
4,4,5,2,9.720301709307494
4,4,6,2,9.717027788687464
4,4,7,2,9.816913351161112
4,4,8,2,9.70382721819139
4,4,9,2,9.74687478351296
4,4,10,2,9.846051080267717
4,4,11,2,9.817911205834948
4,4,12,2,9.794820168207156
4,4,13,2,9.770967226219566
4,4,14,2,9.771087472144712
4,4,0,3,9.882845309136764
4,4,1,3,9.769841775805908
4,4,2,3,9.831310899906256
4,4,3,3,9.827804958850214
4,4,4,3,9.799061830670917
4,4,5,3,9.717702720433092
4,4,6,3,9.784069361125033
4,4,7,3,9.837253170297528
4,4,8,3,9.754525101337608
4,4,9,3,9.7517974817806
4,4,10,3,9.907868020608612
4,4,11,3,9.923006198543263
4,4,12,3,9.793977824115768
4,4,13,3,9.823626862654214
4,4,14,3,9.762105145170732
4,4,0,4,9.800529967294368
4,4,1,4,9.749145510562371
4,4,2,4,9.741834214833363
4,4,3,4,9.805162624273821
4,4,4,4,9.726969784409944
4,4,5,4,9.7497019497014
4,4,6,4,9.727168575464372
4,4,7,4,9.841076304100946
4,4,8,4,9.822873367441309
4,4,9,4,9.774929328041624
4,4,10,4,9.860725860426728
4,4,11,4,9.93265924094392
4,4,12,4,9.75381454597387
4,4,13,4,9.789126192758504
4,4,14,4,9.770621951865857
4,4,0,5,9.79372293236742
4,4,1,5,9.734968166378131
4,4,2,5,9.856903443819562
4,4,3,5,9.87580144174177
4,4,4,5,9.799273112954305
4,4,5,5,9.77031100492299
4,4,6,5,9.756905348799766
4,4,7,5,9.83184577873126
4,4,8,5,9.778591933093729
4,4,9,5,9.816220803273474
4,4,10,5,9.80706364883521
4,4,11,5,9.922562845244949
4,4,12,5,9.753131430770406
4,4,13,5,9.787751308438564
4,4,14,5,9.75011505993992
4,4,0,6,9.84932949470604
4,4,1,6,9.670217144592836
4,4,2,6,9.760584585082492
4,4,3,6,9.842560552722514
4,4,4,6,9.91332752515882
4,4,5,6,9.84930521508977
4,4,6,6,9.674157427737219
4,4,7,6,9.870849009912952
4,4,8,6,9.740419831522308
4,4,9,6,9.845593985397903
4,4,10,6,9.8823860461007
4,4,11,6,9.896673461014668
4,4,12,6,9.745719457275621
4,4,13,6,9.842318785162785
4,4,14,6,9.790689508734378
4,4,0,7,9.88094538929535
4,4,1,7,9.730609431471146
4,4,2,7,9.71647552674935
4,4,3,7,9.84233838181993
4,4,4,7,9.847889460189187
4,4,5,7,9.844156480992037
4,4,6,7,9.699774309981388
4,4,7,7,9.809574047915609
4,4,8,7,9.787027004139711
4,4,9,7,9.88472220127213
4,4,10,7,9.910089070427503
4,4,11,7,9.892449747279588
4,4,12,7,9.772024250350158
4,4,13,7,9.80167355382427
4,4,14,7,9.734097126423574
4,4,0,8,9.85295506722698
4,4,1,8,9.77406678686935
4,4,2,8,9.682967994947868
4,4,3,8,9.814443024758035
4,4,4,8,9.820615383443386
4,4,5,8,9.823667541892206
4,4,6,8,9.799831999030914
4,4,7,8,9.871378078610533
4,4,8,8,9.757623568810924
4,4,9,8,9.882848694559895
4,4,10,8,9.875737033419076
4,4,11,8,9.902875085806349
4,4,12,8,9.764328510448019
4,4,13,8,9.841415103129593
4,4,14,8,9.754073982641843
4,4,0,9,9.873704443542469
4,4,1,9,9.772567583643362
4,4,2,9,9.686998588797843
4,4,3,9,9.821285667661861
4,4,4,9,9.850953796593014
4,4,5,9,9.74078458422982
4,4,6,9,9.742754524839958
4,4,7,9,9.868000666650328
4,4,8,9,9.780186222683863
4,4,9,9,9.81946934726302
4,4,10,9,9.824865266302648
4,4,11,9,9.798294479020875
4,4,12,9,9.721968698401776
4,4,13,9,9.902736159480003
4,4,14,9,9.74056395638827
4,4,0,10,9.843555637087933
4,4,1,10,9.840874533553947
4,4,2,10,9.709295287701012
4,4,3,10,9.782609453034251
4,4,4,10,9.862939812266285
4,4,5,10,9.80579960142705
4,4,6,10,9.755507555331485
4,4,7,10,9.90078133787775
4,4,8,10,9.868358722357414
4,4,9,10,9.751468556986868
4,4,10,10,9.785690549914232
4,4,11,10,9.856938614595988
4,4,12,10,9.812285797259328
4,4,13,10,9.837859123354681
4,4,14,10,9.726709202905026
4,4,0,11,9.852462186957569
4,4,1,11,9.76795434319521
4,4,2,11,9.761590171874744
4,4,3,11,9.806570027529673
4,4,4,11,9.746816457997706
4,4,5,11,9.670492001680392
4,4,6,11,9.825692342452317
4,4,7,11,9.875831980620205
4,4,8,11,9.835944818994552
4,4,9,11,9.818510659307355
4,4,10,11,9.82163418528896
4,4,11,11,9.847043122286129
4,4,12,11,9.76363648034377
4,4,13,11,9.76690913030552
4,4,14,11,9.783051777994697
4,4,0,12,9.826149018999988
4,4,1,12,9.823652087083403
4,4,2,12,9.842555231160674
4,4,3,12,9.793419871230547
4,4,4,12,9.791683473813992
4,4,5,12,9.715963685824049
4,4,6,12,9.791594914037965
4,4,7,12,9.859652886546028
4,4,8,12,9.939068198710045
4,4,9,12,9.778431233706394
4,4,10,12,9.843088155307301
4,4,11,12,9.821939261287492
4,4,12,12,9.78186018419144
4,4,13,12,9.792406206806048
4,4,14,12,9.741953675288258
4,4,0,13,9.811040781764621
4,4,1,13,9.807993640818545
4,4,2,13,9.780782747623192
4,4,3,13,9.83261698797775
4,4,4,13,9.829555036567875
4,4,5,13,9.75047015999784
4,4,6,13,9.851855734916425
4,4,7,13,9.896185389094578
4,4,8,13,9.849615673479592
4,4,9,13,9.86706218944916
4,4,10,13,9.835170756058481
4,4,11,13,9.878723069315832
4,4,12,13,9.79653595593191
4,4,13,13,9.726158059294857
4,4,14,13,9.747952612595626
4,4,0,14,9.80596085683434
4,4,1,14,9.755639728028475
4,4,2,14,9.770568686639493
4,4,3,14,9.814157623992466
4,4,4,14,9.708007431189108
4,4,5,14,9.764477756155488
4,4,6,14,9.818675729924202
4,4,7,14,9.820618684681891
4,4,8,14,9.793120195445235
4,4,9,14,9.936389290194555
4,4,10,14,9.805411257715479
4,4,11,14,9.83766665914674
4,4,12,14,9.774377680678953
4,4,13,14,9.661953703339252
4,4,14,14,9.74672697933696
4,4,0,15,9.734273724471755
4,4,1,15,9.788168298143377
4,4,2,15,9.82296286375496
4,4,3,15,9.766686855176394
4,4,4,15,9.790588350558602
4,4,5,15,9.73704258877092
4,4,6,15,9.816729431075133
4,4,7,15,9.822731252624662
4,4,8,15,9.846837410949025
4,4,9,15,9.910709474473206
4,4,10,15,9.813049445633006
4,4,11,15,9.865820190298304
4,4,12,15,9.766736718995206
4,4,13,15,9.68603265355512
4,4,14,15,9.85014306135328
4,4,0,16,9.820086686262972
4,4,1,16,9.802754643908676
4,4,2,16,9.779077981678997
4,4,3,16,9.76106321475626
4,4,4,16,9.803201803689394
4,4,5,16,9.716332240950916
4,4,6,16,9.835359463913234
4,4,7,16,9.906042817200507
4,4,8,16,9.83509997016783
4,4,9,16,9.859727332693156
4,4,10,16,9.847289451819485
4,4,11,16,9.845617100087845
4,4,12,16,9.79076390670879
4,4,13,16,9.661167782870441
4,4,14,16,9.759824144276358
4,4,0,17,9.825565165382363
4,4,1,17,9.795713070619733
4,4,2,17,9.755498305524181
4,4,3,17,9.848039666898808
4,4,4,17,9.687676191140097
4,4,5,17,9.594707483053238
4,4,6,17,9.763497577860326
4,4,7,17,9.655249257854605
4,4,8,17,9.811537938674125
4,4,9,17,9.777396607262594
4,4,10,17,9.853866575526219
4,4,11,17,9.780114455504506
4,4,12,17,9.808985748463417
4,4,13,17,9.689896002458987
4,4,14,17,9.800551622084516
4,4,0,18,9.86199699444133
4,4,1,18,9.810246903061797
4,4,2,18,9.763435986255638
4,4,3,18,9.709891590323712
4,4,4,18,9.669624038680448
4,4,5,18,9.672397065220435
4,4,6,18,9.81050853390924
4,4,7,18,9.762443182191568
4,4,8,18,9.748247414630136
4,4,9,18,9.763628567860493
4,4,10,18,9.84177181516203
4,4,11,18,9.671884044154424
4,4,12,18,9.772060196271834
4,4,13,18,9.758342561968057
4,4,14,18,9.791261381678131
4,4,0,19,9.776961441844431
4,4,1,19,9.807935495997635
4,4,2,19,9.753598818125527
4,4,3,19,9.663155135628791
4,4,4,19,9.440464766180561
4,4,5,19,9.645445916086501
4,4,6,19,9.62900902479136
4,4,7,19,9.699382457520448
4,4,8,19,9.622163993768307
4,4,9,19,9.745601424416563
4,4,10,19,9.720642243401574
4,4,11,19,9.568731457260931
4,4,12,19,9.645383112502962
4,4,13,19,9.642722607841597
4,4,14,19,9.7767189206586
4,4,0,20,9.697706654396885
4,4,1,20,9.577158391442566
4,4,2,20,9.559647967965844
4,4,3,20,9.736581877237438
4,4,4,20,8.992988556221718
4,4,5,20,9.427192712471836
4,4,6,20,9.387052614815072
4,4,7,20,9.544890535261295
4,4,8,20,8.983765998124026
4,4,9,20,9.625725507609081
4,4,10,20,9.407853872000556
4,4,11,20,9.216248165660657
4,4,12,20,9.348152034562476
4,4,13,20,9.408763255999386
4,4,14,20,9.617265524909506
4,4,0,21,9.484894679806473
4,4,1,21,9.143623727111892
4,4,2,21,9.257702761917407
4,4,3,21,9.538942124264276
4,4,4,21,7.764199276176836
4,4,5,21,8.778732625836643
4,4,6,21,8.65934252401394
4,4,7,21,9.33817686562506
4,4,8,21,7.91134581967932
4,4,9,21,9.407033801175245
4,4,10,21,8.492720230198842
4,4,11,21,8.203515826442167
4,4,12,21,8.569620903045356
4,4,13,21,8.610532853539835
4,4,14,21,9.308964547589545
4,4,0,22,8.966861179296293
4,4,1,22,7.803942277828786
4,4,2,22,8.470318584387028
4,4,3,22,9.078910570253186
4,4,4,22,5.625169655008135
4,4,5,22,6.6925606101316895
4,4,6,22,6.898151026575207
4,4,7,22,8.712140589448751
4,4,8,22,5.290156349985828
4,4,9,22,8.589753729705206
4,4,10,22,6.880258110909534
4,4,11,22,6.052701475994855
4,4,12,22,7.243301000751444
4,4,13,22,6.593405647249035
4,4,14,22,8.524198925244255
4,5,0,0,9.796540453921795
4,5,1,0,9.711356810934445
4,5,2,0,9.830870708591327
4,5,3,0,9.795286398180536
4,5,4,0,9.835377502589639
4,5,5,0,9.7334594149209
4,5,6,0,9.769642324283238
4,5,7,0,9.679533118147225
4,5,8,0,9.758366267120254
4,5,9,0,9.807940149508648
4,5,10,0,9.752004076381194
4,5,11,0,9.7642887066011
4,5,12,0,9.803248532548318
4,5,13,0,9.797273291026356
4,5,14,0,9.713390872053559
4,5,0,1,9.71339542899297
4,5,1,1,9.680164621060735
4,5,2,1,9.843422448789385
4,5,3,1,9.804185385803972
4,5,4,1,9.850321817113985
4,5,5,1,9.842637564664047
4,5,6,1,9.875194272778568
4,5,7,1,9.777176289155527
4,5,8,1,9.795110398828706
4,5,9,1,9.73805875664362
4,5,10,1,9.76815654686706
4,5,11,1,9.848491390124245
4,5,12,1,9.817633344938075
4,5,13,1,9.750437361318664
4,5,14,1,9.762041108569916
4,5,0,2,9.826251360018203
4,5,1,2,9.8160933857032
4,5,2,2,9.862510434534578
4,5,3,2,9.854995237178173
4,5,4,2,9.788996982097087
4,5,5,2,9.703099858919865
4,5,6,2,9.837802128698426
4,5,7,2,9.768736257358695
4,5,8,2,9.769450354294834
4,5,9,2,9.767670739287267
4,5,10,2,9.784355212270958
4,5,11,2,9.790698217123195
4,5,12,2,9.793499697239476
4,5,13,2,9.808925736756647
4,5,14,2,9.690307205907992
4,5,0,3,9.817308131626298
4,5,1,3,9.754643777006502
4,5,2,3,9.849531249483062
4,5,3,3,9.784476472133449
4,5,4,3,9.892334618009928
4,5,5,3,9.7936562419359
4,5,6,3,9.870522667771477
4,5,7,3,9.727634172932762
4,5,8,3,9.82208662780581
4,5,9,3,9.751221088480495
4,5,10,3,9.693658395603657
4,5,11,3,9.824976014253352
4,5,12,3,9.839228078666984
4,5,13,3,9.731872684838189
4,5,14,3,9.818118330335981
4,5,0,4,9.815473905312885
4,5,1,4,9.7361737236958
4,5,2,4,9.793353916463694
4,5,3,4,9.873729348156486
4,5,4,4,9.820375120201385
4,5,5,4,9.841376332255333
4,5,6,4,9.838664644162646
4,5,7,4,9.820413570336889
4,5,8,4,9.712148798463074
4,5,9,4,9.847586545682667
4,5,10,4,9.711498243178038
4,5,11,4,9.724932683486834
4,5,12,4,9.893761513402179
4,5,13,4,9.772979356615867
4,5,14,4,9.747773905470282
4,5,0,5,9.838529648684174
4,5,1,5,9.753134093624642
4,5,2,5,9.816605991906334
4,5,3,5,9.846605935820659
4,5,4,5,9.908132230504545
4,5,5,5,9.768972729946395
4,5,6,5,9.73375980018864
4,5,7,5,9.913777818505054
4,5,8,5,9.755020134199466
4,5,9,5,9.894100602428434
4,5,10,5,9.728944648216428
4,5,11,5,9.681762374601776
4,5,12,5,9.772598661427201
4,5,13,5,9.698533964215466
4,5,14,5,9.816166338978737
4,5,0,6,9.880660944067543
4,5,1,6,9.687246679909977
4,5,2,6,9.716955910327021
4,5,3,6,9.78844039006366
4,5,4,6,9.795039543834251
4,5,5,6,9.785581602858956
4,5,6,6,9.807647349273342
4,5,7,6,9.819628117909486
4,5,8,6,9.794335927498343
4,5,9,6,9.952055232459777
4,5,10,6,9.742759567194032
4,5,11,6,9.722839687529467
4,5,12,6,9.714099667513693
4,5,13,6,9.760400544386249
4,5,14,6,9.761790968956259
4,5,0,7,9.81642514461637
4,5,1,7,9.691691753496585
4,5,2,7,9.756297168410375
4,5,3,7,9.805029710438376
4,5,4,7,9.780981892674811
4,5,5,7,9.79482016849273
4,5,6,7,9.70819938670254
4,5,7,7,9.730581320435297
4,5,8,7,9.77638331419181
4,5,9,7,9.928666715376643
4,5,10,7,9.743488125389472
4,5,11,7,9.767690732662414
4,5,12,7,9.844582024459768
4,5,13,7,9.7763829563003
4,5,14,7,9.720507953773085
4,5,0,8,9.80315593881676
4,5,1,8,9.740702413032578
4,5,2,8,9.745272881199183
4,5,3,8,9.786333734482051
4,5,4,8,9.831646731331377
4,5,5,8,9.821728228227562
4,5,6,8,9.787770600375495
4,5,7,8,9.729547333453452
4,5,8,8,9.743494716912183
4,5,9,8,9.842991378974249
4,5,10,8,9.809177982076582
4,5,11,8,9.755056090582176
4,5,12,8,9.626705376021341
4,5,13,8,9.781206916922775
4,5,14,8,9.655855720815113
4,5,0,9,9.789744739925558
4,5,1,9,9.743429684023912
4,5,2,9,9.796885640127499
4,5,3,9,9.790978464164558
4,5,4,9,9.829586085256775
4,5,5,9,9.863951088907488
4,5,6,9,9.732025408962723
4,5,7,9,9.708532130772568
4,5,8,9,9.751473117386437
4,5,9,9,9.761212252007097
4,5,10,9,9.667590395660989
4,5,11,9,9.882972053353447
4,5,12,9,9.679631448419531
4,5,13,9,9.722095645921808
4,5,14,9,9.707041526722893
4,5,0,10,9.796329571444373
4,5,1,10,9.80113694767176
4,5,2,10,9.774258314880935
4,5,3,10,9.796238861276624
4,5,4,10,9.794269075948865
4,5,5,10,9.812283972027519
4,5,6,10,9.807681093302964
4,5,7,10,9.816870147243385
4,5,8,10,9.739672307874727
4,5,9,10,9.944244361437294
4,5,10,10,9.780646119629036
4,5,11,10,9.937286440871134
4,5,12,10,9.8560635182959
4,5,13,10,9.698255927923942
4,5,14,10,9.740327338535034
4,5,0,11,9.774090012291298
4,5,1,11,9.86735795748267
4,5,2,11,9.707473550418287
4,5,3,11,9.758392779419115
4,5,4,11,9.744186249138417
4,5,5,11,9.741453998475636
4,5,6,11,9.798030191386776
4,5,7,11,9.78056671444025
4,5,8,11,9.810976687385883
4,5,9,11,9.79203804333541
4,5,10,11,9.648897818636854
4,5,11,11,9.87892380951788
4,5,12,11,9.76221012588415
4,5,13,11,9.71535057356692
4,5,14,11,9.736233882764472
4,5,0,12,9.763537190371506
4,5,1,12,9.782346175950464
4,5,2,12,9.723824659250502
4,5,3,12,9.844936744996065
4,5,4,12,9.74709265351978
4,5,5,12,9.883257106791314
4,5,6,12,9.819865601728136
4,5,7,12,9.783016560580569
4,5,8,12,9.823684620558648
4,5,9,12,9.874152929315633
4,5,10,12,9.767211753398172
4,5,11,12,9.837412883543761
4,5,12,12,9.75232114854871
4,5,13,12,9.791397979870077
4,5,14,12,9.719884725560439
4,5,0,13,9.723819786652708
4,5,1,13,9.869414311892552
4,5,2,13,9.760747119576294
4,5,3,13,9.90125659053244
4,5,4,13,9.803633076112716
4,5,5,13,9.808806461126341
4,5,6,13,9.759653381947997
4,5,7,13,9.761253047833215
4,5,8,13,9.818751411930773
4,5,9,13,9.804365759763758
4,5,10,13,9.721360939639634
4,5,11,13,9.870653248039707
4,5,12,13,9.734551752608677
4,5,13,13,9.77152526888613
4,5,14,13,9.766265345319496
4,5,0,14,9.793661082485526
4,5,1,14,9.787586903256344
4,5,2,14,9.8741266648684
4,5,3,14,9.90644409064468
4,5,4,14,9.820868507953593
4,5,5,14,9.743879611349842
4,5,6,14,9.75691220049989
4,5,7,14,9.838726511387526
4,5,8,14,9.74691380344356
4,5,9,14,9.815724531410718
4,5,10,14,9.761004817081279
4,5,11,14,9.806695982658669
4,5,12,14,9.78192639638491
4,5,13,14,9.82703249245476
4,5,14,14,9.84557380424085
4,5,0,15,9.7741426314924
4,5,1,15,9.82595703935906
4,5,2,15,9.883186157353416
4,5,3,15,9.911320706673528
4,5,4,15,9.843234094234907
4,5,5,15,9.795964361547535
4,5,6,15,9.675078938122857
4,5,7,15,9.774012442917224
4,5,8,15,9.745682782435583
4,5,9,15,9.691961740317923
4,5,10,15,9.697581077368541
4,5,11,15,9.798324769570264
4,5,12,15,9.817353162249798
4,5,13,15,9.743225737751935
4,5,14,15,9.831949665820337
4,5,0,16,9.856444175305962
4,5,1,16,9.779269800067631
4,5,2,16,9.879986744762814
4,5,3,16,9.891576111748435
4,5,4,16,9.806319546957422
4,5,5,16,9.816593860160035
4,5,6,16,9.730322479533825
4,5,7,16,9.826053690674168
4,5,8,16,9.788959987609504
4,5,9,16,9.766919359962344
4,5,10,16,9.746228917176067
4,5,11,16,9.716750233598331
4,5,12,16,9.778256511867212
4,5,13,16,9.821146208034811
4,5,14,16,9.88900031072084
4,5,0,17,9.760390736136616
4,5,1,17,9.720070554609476
4,5,2,17,9.80318151046739
4,5,3,17,9.813847206038137
4,5,4,17,9.77577269272419
4,5,5,17,9.770189265522758
4,5,6,17,9.802331406718706
4,5,7,17,9.805921984620797
4,5,8,17,9.78677120818275
4,5,9,17,9.746447858446743
4,5,10,17,9.74376272655096
4,5,11,17,9.764315012680894
4,5,12,17,9.800424903797541
4,5,13,17,9.770084379947125
4,5,14,17,9.855507362905112
4,5,0,18,9.777144688678774
4,5,1,18,9.718771582190914
4,5,2,18,9.742808483566591
4,5,3,18,9.643781304869888
4,5,4,18,9.812023045725653
4,5,5,18,9.716160550284261
4,5,6,18,9.75696004299142
4,5,7,18,9.68037025706832
4,5,8,18,9.794957638973255
4,5,9,18,9.77994393091506
4,5,10,18,9.799315114843305
4,5,11,18,9.61352138198969
4,5,12,18,9.772078594453244
4,5,13,18,9.665943587065428
4,5,14,18,9.764426517873355
4,5,0,19,9.741782973444897
4,5,1,19,9.678616665495996
4,5,2,19,9.725634457039448
4,5,3,19,9.388059364446255
4,5,4,19,9.763205367649253
4,5,5,19,9.74132757264658
4,5,6,19,9.715243893904532
4,5,7,19,9.51001411571895
4,5,8,19,9.759741462184703
4,5,9,19,9.790487065700619
4,5,10,19,9.723430410725843
4,5,11,19,9.63375665469561
4,5,12,19,9.84314455156327
4,5,13,19,9.685706881170436
4,5,14,19,9.624633241211052
4,5,0,20,9.622061757075338
4,5,1,20,9.649134516058528
4,5,2,20,9.642111256734253
4,5,3,20,8.607878808643989
4,5,4,20,9.59354741868152
4,5,5,20,9.75315406490829
4,5,6,20,9.55062049151147
4,5,7,20,9.021179295263142
4,5,8,20,9.744065893252577
4,5,9,20,9.63927135130163
4,5,10,20,9.518830176618533
4,5,11,20,9.529822516441053
4,5,12,20,9.724090532100941
4,5,13,20,9.531862411388728
4,5,14,20,9.28342750317738
4,5,0,21,9.31318936113071
4,5,1,21,9.395436919997396
4,5,2,21,9.272407407240024
4,5,3,21,6.57321673357239
4,5,4,21,9.249003324779348
4,5,5,21,9.585692337785927
4,5,6,21,8.884856091477577
4,5,7,21,7.88215231044095
4,5,8,21,9.575536243503786
4,5,9,21,9.39555695707631
4,5,10,21,9.116377898080135
4,5,11,21,9.182774895473306
4,5,12,21,9.392681134648882
4,5,13,21,9.161531021736238
4,5,14,21,8.693723427477511
4,5,0,22,8.417449128001447
4,5,1,22,8.814996240016319
4,5,2,22,8.71095354245138
4,5,3,22,3.5908270154681037
4,5,4,22,8.448701100034201
4,5,5,22,9.028725454486398
4,5,6,22,7.651918252672724
4,5,7,22,5.6116077177460495
4,5,8,22,9.010091713967697
4,5,9,22,8.758831694181634
4,5,10,22,8.140865257597827
4,5,11,22,8.480776364748447
4,5,12,22,8.768221548017081
4,5,13,22,8.125578411610753
4,5,14,22,7.043606116715523
4,6,0,0,9.878575424894729
4,6,1,0,9.804032212612226
4,6,2,0,9.794731675743435
4,6,3,0,9.69353404690482
4,6,4,0,9.827520746551388
4,6,5,0,9.783168561189926
4,6,6,0,9.716978836041807
4,6,7,0,9.757143849558325
4,6,8,0,9.802575239297052
4,6,9,0,9.816097572747957
4,6,10,0,9.721359027240004
4,6,11,0,9.732678776031507
4,6,12,0,9.861627408320679
4,6,13,0,9.872985954356006
4,6,14,0,9.930365323278421
4,6,0,1,9.820138920308603
4,6,1,1,9.796194301986798
4,6,2,1,9.759952602171136
4,6,3,1,9.700229791790226
4,6,4,1,9.762328514469854
4,6,5,1,9.800342776120246
4,6,6,1,9.774532040113021
4,6,7,1,9.841860262907138
4,6,8,1,9.906662300527017
4,6,9,1,9.692453634889
4,6,10,1,9.718006148667323
4,6,11,1,9.781187101167223
4,6,12,1,9.80886039489432
4,6,13,1,9.85695203629745
4,6,14,1,9.825324359283016
4,6,0,2,9.763666096324423
4,6,1,2,9.829606276871763
4,6,2,2,9.77772392403051
4,6,3,2,9.782975459352178
4,6,4,2,9.74308165346861
4,6,5,2,9.890519026788928
4,6,6,2,9.717992217535922
4,6,7,2,9.779924058004054
4,6,8,2,9.868901633503599
4,6,9,2,9.660879153185988
4,6,10,2,9.745495150252639
4,6,11,2,9.722888316717357
4,6,12,2,9.819598703547136
4,6,13,2,9.903827062502165
4,6,14,2,9.876993822012965
4,6,0,3,9.852160620424337
4,6,1,3,9.79345852410303
4,6,2,3,9.727090938683082
4,6,3,3,9.69794126807939
4,6,4,3,9.766093392712914
4,6,5,3,9.884811878251641
4,6,6,3,9.654509693724163
4,6,7,3,9.828387498950987
4,6,8,3,9.788648947035735
4,6,9,3,9.733887092865595
4,6,10,3,9.764055011609093
4,6,11,3,9.653818555078319
4,6,12,3,9.74469831984437
4,6,13,3,9.791981839016128
4,6,14,3,9.73723582055503
4,6,0,4,9.8337072856232
4,6,1,4,9.820042906933411
4,6,2,4,9.769749967962799
4,6,3,4,9.67753353141905
4,6,4,4,9.813904163656023
4,6,5,4,9.79082112595104
4,6,6,4,9.709846079956778
4,6,7,4,9.69612043818679
4,6,8,4,9.697912611821721
4,6,9,4,9.647893744383078
4,6,10,4,9.699262868486583
4,6,11,4,9.719160301202427
4,6,12,4,9.758826144424203
4,6,13,4,9.75607181154096
4,6,14,4,9.877289775576946
4,6,0,5,9.843223246982502
4,6,1,5,9.774747240079884
4,6,2,5,9.80409341618596
4,6,3,5,9.765219785618983
4,6,4,5,9.777656411393764
4,6,5,5,9.826463468226406
4,6,6,5,9.775658481416473
4,6,7,5,9.733403476089382
4,6,8,5,9.755224795093133
4,6,9,5,9.635726724506991
4,6,10,5,9.832415872172394
4,6,11,5,9.795361464732325
4,6,12,5,9.792438366698903
4,6,13,5,9.848328267441369
4,6,14,5,9.8339240795031
4,6,0,6,9.808602687597222
4,6,1,6,9.802465314443882
4,6,2,6,9.759682051373503
4,6,3,6,9.742166549657538
4,6,4,6,9.667422971277754
4,6,5,6,9.771908666051308
4,6,6,6,9.813552995075923
4,6,7,6,9.815067956782311
4,6,8,6,9.761924961770772
4,6,9,6,9.792125410244456
4,6,10,6,9.886910699507483
4,6,11,6,9.75255421522999
4,6,12,6,9.672321220319082
4,6,13,6,9.753395710191171
4,6,14,6,9.753992947310547
4,6,0,7,9.815299918390476
4,6,1,7,9.749079571612528
4,6,2,7,9.75537643180344
4,6,3,7,9.674925781239182
4,6,4,7,9.684448046367812
4,6,5,7,9.833962597288144
4,6,6,7,9.837487835154741
4,6,7,7,9.858206143380482
4,6,8,7,9.761452346137142
4,6,9,7,9.904518267109585
4,6,10,7,9.853223724083062
4,6,11,7,9.829538969080998
4,6,12,7,9.864275536564048
4,6,13,7,9.696072049288203
4,6,14,7,9.681751236041384
4,6,0,8,9.835521436185275
4,6,1,8,9.830507660532588
4,6,2,8,9.742972634429144
4,6,3,8,9.766793212396038
4,6,4,8,9.76614398778194
4,6,5,8,9.74270477835042
4,6,6,8,9.851131530368118
4,6,7,8,9.79626964146382
4,6,8,8,9.720159415398319
4,6,9,8,9.740616036390616
4,6,10,8,9.820369578160557
4,6,11,8,9.90449533760339
4,6,12,8,9.81271866750332
4,6,13,8,9.682059615834758
4,6,14,8,9.605276499019656
4,6,0,9,9.819704066914968
4,6,1,9,9.885068014620023
4,6,2,9,9.679873295450037
4,6,3,9,9.795108645753281
4,6,4,9,9.735982543593076
4,6,5,9,9.716673035155637
4,6,6,9,9.920319695697662
4,6,7,9,9.698185065938501
4,6,8,9,9.729611932798443
4,6,9,9,9.820022328663274
4,6,10,9,9.811656317515206
4,6,11,9,9.86237317628719
4,6,12,9,9.857291954700356
4,6,13,9,9.726911164204799
4,6,14,9,9.700229777575816
4,6,0,10,9.79517843288437
4,6,1,10,9.868130957699844
4,6,2,10,9.686554562535818
4,6,3,10,9.661030179783065
4,6,4,10,9.69695789821093
4,6,5,10,9.924992770491182
4,6,6,10,9.812878539300824
4,6,7,10,9.795169032934142
4,6,8,10,9.746314969474335
4,6,9,10,9.805717435433037
4,6,10,10,9.899125124411581
4,6,11,10,9.932644822135254
4,6,12,10,9.864280408307396
4,6,13,10,9.66487350328802
4,6,14,10,9.633422355199677
4,6,0,11,9.849898523137233
4,6,1,11,9.767578568730379
4,6,2,11,9.657452298985415
4,6,3,11,9.846214191440486
4,6,4,11,9.756293246807225
4,6,5,11,9.84598292914217
4,6,6,11,9.781223565778134
4,6,7,11,9.572391194251685
4,6,8,11,9.776557912521179
4,6,9,11,9.780976048262868
4,6,10,11,9.835292324893263
4,6,11,11,9.941099844948742
4,6,12,11,9.789483537693629
4,6,13,11,9.73252597002726
4,6,14,11,9.641557858090474
4,6,0,12,9.910494459390682
4,6,1,12,9.806309514302132
4,6,2,12,9.737812713594408
4,6,3,12,9.811771853814413
4,6,4,12,9.763791880052063
4,6,5,12,9.813965325231406
4,6,6,12,9.74223390337224
4,6,7,12,9.673853843501522
4,6,8,12,9.764696007221303
4,6,9,12,9.808666465585286
4,6,10,12,9.861283989365157
4,6,11,12,9.854805386082056
4,6,12,12,9.754773508528872
4,6,13,12,9.858427229492753
4,6,14,12,9.735172669054974
4,6,0,13,9.857563886964826
4,6,1,13,9.722019054787761
4,6,2,13,9.788538668030258
4,6,3,13,9.836790801813823
4,6,4,13,9.73646027713216
4,6,5,13,9.839806615539553
4,6,6,13,9.905755898680418
4,6,7,13,9.747092785423705
4,6,8,13,9.720205718254325
4,6,9,13,9.828488763111777
4,6,10,13,9.899823228343779
4,6,11,13,9.86045832441101
4,6,12,13,9.738346294799001
4,6,13,13,9.783702752198629
4,6,14,13,9.80055250246232
4,6,0,14,9.789928726548009
4,6,1,14,9.802131840344778
4,6,2,14,9.75871110723186
4,6,3,14,9.79533525413382
4,6,4,14,9.72444233930373
4,6,5,14,9.815667159098558
4,6,6,14,9.772616132586018
4,6,7,14,9.77380183413159
4,6,8,14,9.782487700939441
4,6,9,14,9.85406062834862
4,6,10,14,9.89240489246962
4,6,11,14,9.797688340830874
4,6,12,14,9.735211430507833
4,6,13,14,9.806023489468124
4,6,14,14,9.828464617298012
4,6,0,15,9.754542077112642
4,6,1,15,9.759040811302325
4,6,2,15,9.7574180262174
4,6,3,15,9.829296905479193
4,6,4,15,9.728140697605848
4,6,5,15,9.91852983956878
4,6,6,15,9.859472622108896
4,6,7,15,9.859019020137218
4,6,8,15,9.811332406218916
4,6,9,15,9.776372958992608
4,6,10,15,9.837310915530237
4,6,11,15,9.729965373044518
4,6,12,15,9.742299911669551
4,6,13,15,9.74725456142776
4,6,14,15,9.77578492180414
4,6,0,16,9.698796930644681
4,6,1,16,9.751066324900117
4,6,2,16,9.68734565191598
4,6,3,16,9.721815580406124
4,6,4,16,9.666560921209278
4,6,5,16,9.904056858165157
4,6,6,16,9.825664490735326
4,6,7,16,9.833062681010405
4,6,8,16,9.783001113550636
4,6,9,16,9.85438687249238
4,6,10,16,9.86075666372324
4,6,11,16,9.777240252517807
4,6,12,16,9.6739358758861
4,6,13,16,9.74362831031104
4,6,14,16,9.797753103940499
4,6,0,17,9.773304817572969
4,6,1,17,9.676576009272964
4,6,2,17,9.553315457746113
4,6,3,17,9.740863697262142
4,6,4,17,9.72915745699056
4,6,5,17,9.895487242440913
4,6,6,17,9.763591544564234
4,6,7,17,9.825786258257091
4,6,8,17,9.89999186066396
4,6,9,17,9.824843106605597
4,6,10,17,9.824789378301329
4,6,11,17,9.687760217794116
4,6,12,17,9.813410919297771
4,6,13,17,9.742509369523479
4,6,14,17,9.740620546394425
4,6,0,18,9.697243117310318
4,6,1,18,9.516651450166831
4,6,2,18,9.184321400916666
4,6,3,18,9.463325076539839
4,6,4,18,9.640619358445445
4,6,5,18,9.790906755063638
4,6,6,18,9.804934206940551
4,6,7,18,9.69880682329758
4,6,8,18,9.819625634668167
4,6,9,18,9.851594390856157
4,6,10,18,9.642405595014784
4,6,11,18,9.730570947897064
4,6,12,18,9.719144097411162
4,6,13,18,9.734075335822544
4,6,14,18,9.767475634592559
4,6,0,19,9.617325631840819
4,6,1,19,9.101426822551955
4,6,2,19,8.291601674614538
4,6,3,19,8.797681387453107
4,6,4,19,9.684901922340195
4,6,5,19,9.714222085639898
4,6,6,19,9.671591127207154
4,6,7,19,9.600631318047272
4,6,8,19,9.802130645843524
4,6,9,19,9.752462342034992
4,6,10,19,9.237990226726085
4,6,11,19,9.778243151987759
4,6,12,19,9.607457883658865
4,6,13,19,9.707242505080057
4,6,14,19,9.583850462216413
4,6,0,20,9.293810889116392
4,6,1,20,8.190842857521826
4,6,2,20,5.153492431937691
4,6,3,20,6.903825944998953
4,6,4,20,9.630389321629595
4,6,5,20,9.68164972867414
4,6,6,20,9.46115014317047
4,6,7,20,9.23472820123798
4,6,8,20,9.62111527750427
4,6,9,20,9.462462060758853
4,6,10,20,8.110664945331857
4,6,11,20,9.651469281087193
4,6,12,20,9.299416520774068
4,6,13,20,9.403055718324651
4,6,14,20,9.078400927261463
4,6,0,21,8.491640455093217
4,6,1,21,5.797586419719325
4,6,2,21,2.663928174443804
4,6,3,21,4.217565796423246
4,6,4,21,9.340377607555206
4,6,5,21,9.248703396381652
4,6,6,21,8.83877988827512
4,6,7,21,8.41887138784334
4,6,8,21,9.268695605404266
4,6,9,21,8.77171948927494
4,6,10,21,6.435440923212077
4,6,11,21,9.470950504411094
4,6,12,21,8.18108689174515
4,6,13,21,8.843520484484246
4,6,14,21,7.986307895882908
4,6,0,22,7.2007503350164574
4,6,1,22,3.06898994966479
4,6,2,22,0.09109303489238177
4,6,3,22,1.475396300919598
4,6,4,22,8.201986846399745
4,6,5,22,8.03494679587256
4,6,6,22,7.099422039402912
4,6,7,22,7.111642214718592
4,6,8,22,8.552673615776973
4,6,9,22,7.168157063876561
4,6,10,22,3.075491055041514
4,6,11,22,8.935697733722375
4,6,12,22,6.923566794304983
4,6,13,22,6.899739829651784
4,6,14,22,6.017082644988983
4,7,0,0,9.829034821506054
4,7,1,0,9.857178507079967
4,7,2,0,9.716446380753881
4,7,3,0,9.93585882579237
4,7,4,0,9.767219748330485
4,7,5,0,9.71010646840122
4,7,6,0,9.825849501036405
4,7,7,0,9.783910338180792
4,7,8,0,9.774805828279716
4,7,9,0,9.645692636845801
4,7,10,0,9.768247679496124
4,7,11,0,9.6418376956469
4,7,12,0,9.849618664902836
4,7,13,0,9.826846955361148
4,7,14,0,9.739726589170315
4,7,0,1,9.739540587146212
4,7,1,1,9.847248870836047
4,7,2,1,9.890432285261436
4,7,3,1,9.84148261402767
4,7,4,1,9.798506725292151
4,7,5,1,9.707568388856076
4,7,6,1,9.769288709621197
4,7,7,1,9.714146871860368
4,7,8,1,9.802693337312457
4,7,9,1,9.928581927461599
4,7,10,1,9.696476734530806
4,7,11,1,9.805497024719923
4,7,12,1,9.790276097598673
4,7,13,1,9.831346772323931
4,7,14,1,9.72106734031213
4,7,0,2,9.863720598472934
4,7,1,2,9.811520640895413
4,7,2,2,9.941199529529147
4,7,3,2,9.689899534495472
4,7,4,2,9.793602624291646
4,7,5,2,9.781972928792674
4,7,6,2,9.887604194288684
4,7,7,2,9.77974248412272
4,7,8,2,9.768658963674394
4,7,9,2,9.825544594661647
4,7,10,2,9.75696173852895
4,7,11,2,9.679500741608965
4,7,12,2,9.825235157217538
4,7,13,2,9.800908757919391
4,7,14,2,9.737111647570954
4,7,0,3,9.764507978557475
4,7,1,3,9.728079263714948
4,7,2,3,9.891818046762703
4,7,3,3,9.741890283453028
4,7,4,3,9.843106699364434
4,7,5,3,9.829080412174806
4,7,6,3,9.85108626731684
4,7,7,3,9.854069144745319
4,7,8,3,9.730997122715312
4,7,9,3,9.90112168461054
4,7,10,3,9.748818425144082
4,7,11,3,9.64878179376676
4,7,12,3,9.920113642906681
4,7,13,3,9.863020392667423
4,7,14,3,9.753976559870551
4,7,0,4,9.721823346955299
4,7,1,4,9.839218187592023
4,7,2,4,9.885656387719319
4,7,3,4,9.79968374829324
4,7,4,4,9.793212620091104
4,7,5,4,9.768327652799801
4,7,6,4,9.811793943257209
4,7,7,4,9.806946278919359
4,7,8,4,9.748121046721993
4,7,9,4,9.840453207162769
4,7,10,4,9.77203460252013
4,7,11,4,9.750117302645585
4,7,12,4,9.684820211186851
4,7,13,4,9.830837754055297
4,7,14,4,9.700801419118966
4,7,0,5,9.684419723581316
4,7,1,5,9.759408281403353
4,7,2,5,9.823751429025924
4,7,3,5,9.688187159799797
4,7,4,5,9.747291322656292
4,7,5,5,9.829152648046934
4,7,6,5,9.75000914487835
4,7,7,5,9.816238776583464
4,7,8,5,9.749547755960252
4,7,9,5,9.867488663670754
4,7,10,5,9.826154425156743
4,7,11,5,9.806358360568629
4,7,12,5,9.810992955706816
4,7,13,5,9.931262806825483
4,7,14,5,9.749849028184785
4,7,0,6,9.695573042047991
4,7,1,6,9.771046350118771
4,7,2,6,9.849924723853658
4,7,3,6,9.748718812228168
4,7,4,6,9.877400914552918
4,7,5,6,9.759225963782391
4,7,6,6,9.803559911444546
4,7,7,6,9.854863540566871
4,7,8,6,9.674886320752996
4,7,9,6,9.804001001860236
4,7,10,6,9.821731581935856
4,7,11,6,9.790675741792448
4,7,12,6,9.77459693920175
4,7,13,6,9.870686376916295
4,7,14,6,9.744342276301127
4,7,0,7,9.797502698700933
4,7,1,7,9.779724379044236
4,7,2,7,9.922820531425604
4,7,3,7,9.661132655576942
4,7,4,7,9.724527528135456
4,7,5,7,9.719892297029253
4,7,6,7,9.781905830423218
4,7,7,7,9.952233725860802
4,7,8,7,9.648549736547409
4,7,9,7,9.765991382347675
4,7,10,7,9.843993396066967
4,7,11,7,9.783011331694087
4,7,12,7,9.66331149409313
4,7,13,7,9.750018300060818
4,7,14,7,9.716670517470154
4,7,0,8,9.779532038989979
4,7,1,8,9.940536052892389
4,7,2,8,9.858873118078149
4,7,3,8,9.78200735523864
4,7,4,8,9.83806981085485
4,7,5,8,9.785478457980615
4,7,6,8,9.815541063307995
4,7,7,8,9.845937005656673
4,7,8,8,9.67495947338959
4,7,9,8,9.808543003165664
4,7,10,8,9.910164924823492
4,7,11,8,9.780238744344727
4,7,12,8,9.68996280568911
4,7,13,8,9.899141712763491
4,7,14,8,9.779053593252181
4,7,0,9,9.77915638433027
4,7,1,9,9.88274619190443
4,7,2,9,9.73844356145934
4,7,3,9,9.855326384352711
4,7,4,9,9.800234022914827
4,7,5,9,9.694513931541659
4,7,6,9,9.817344754449854
4,7,7,9,9.863677589304018
4,7,8,9,9.735342586468501
4,7,9,9,9.84307512652936
4,7,10,9,9.864695210617466
4,7,11,9,9.846513229216665
4,7,12,9,9.772923952919589
4,7,13,9,9.825145092679422
4,7,14,9,9.750638949120214
4,7,0,10,9.803509570933613
4,7,1,10,9.860132517037774
4,7,2,10,9.800601845984108
4,7,3,10,9.858245146058689
4,7,4,10,9.740971332259116
4,7,5,10,9.656673941277058
4,7,6,10,9.860333463328192
4,7,7,10,9.861219672873547
4,7,8,10,9.670399026776167
4,7,9,10,9.730279180431792
4,7,10,10,9.905958230185473
4,7,11,10,9.806359607265003
4,7,12,10,9.797332277207763
4,7,13,10,9.770904341585611
4,7,14,10,9.751749277333797
4,7,0,11,9.827549121294524
4,7,1,11,9.828175937901591
4,7,2,11,9.666404158577231
4,7,3,11,9.77649512349982
4,7,4,11,9.800405523465903
4,7,5,11,9.880658482390086
4,7,6,11,9.737491672413347
4,7,7,11,9.90638798665446
4,7,8,11,9.658923116986712
4,7,9,11,9.803960733405727
4,7,10,11,9.927736616218631
4,7,11,11,9.81275762883449
4,7,12,11,9.830287603350373
4,7,13,11,9.850429812577532
4,7,14,11,9.726555892694918
4,7,0,12,9.830904613833246
4,7,1,12,9.750433045128236
4,7,2,12,9.796291702384227
4,7,3,12,9.83912140562463
4,7,4,12,9.769832079415059
4,7,5,12,9.774360144588213
4,7,6,12,9.768911835022516
4,7,7,12,9.82733908499731
4,7,8,12,9.824451246382198
4,7,9,12,9.848984527871199
4,7,10,12,9.833875205510322
4,7,11,12,9.763452244818131
4,7,12,12,9.727626215365891
4,7,13,12,9.820327979778401
4,7,14,12,9.682547370927997
4,7,0,13,9.875667653076171
4,7,1,13,9.743035751631712
4,7,2,13,9.745989668321217
4,7,3,13,9.867956261144395
4,7,4,13,9.815903321378958
4,7,5,13,9.905181568413552
4,7,6,13,9.788700458556049
4,7,7,13,9.802602242216107
4,7,8,13,9.73640612498602
4,7,9,13,9.857691287541
4,7,10,13,9.911902884839822
4,7,11,13,9.839149810088443
4,7,12,13,9.795201148872783
4,7,13,13,9.784274065177074
4,7,14,13,9.759876109231099
4,7,0,14,9.807787344905115
4,7,1,14,9.690968880825977
4,7,2,14,9.77698170526895
4,7,3,14,9.835855883981724
4,7,4,14,9.782065531563633
4,7,5,14,9.836389110812014
4,7,6,14,9.771768396597212
4,7,7,14,9.794523794774593
4,7,8,14,9.857603552059176
4,7,9,14,9.719454391280047
4,7,10,14,9.80577227961015
4,7,11,14,9.821182296962949
4,7,12,14,9.70478833700681
4,7,13,14,9.664451452114115
4,7,14,14,9.742040214010395
4,7,0,15,9.820387633103799
4,7,1,15,9.737572959061906
4,7,2,15,9.81983947571193
4,7,3,15,9.873643679143742
4,7,4,15,9.798836876886046
4,7,5,15,9.814388743438498
4,7,6,15,9.762552893722365
4,7,7,15,9.868282393529157
4,7,8,15,9.811740824356754
4,7,9,15,9.819890434919161
4,7,10,15,9.778695230369744
4,7,11,15,9.784716203957691
4,7,12,15,9.720485275945267
4,7,13,15,9.708914815454898
4,7,14,15,9.87285918074766
4,7,0,16,9.857818856887796
4,7,1,16,9.787333832946457
4,7,2,16,9.91039814807176
4,7,3,16,9.777563563881385
4,7,4,16,9.87414484303159
4,7,5,16,9.684012326057617
4,7,6,16,9.749806107219676
4,7,7,16,9.874490868190147
4,7,8,16,9.808044445388418
4,7,9,16,9.725285994100007
4,7,10,16,9.80707353635706
4,7,11,16,9.703546722538192
4,7,12,16,9.79473224223685
4,7,13,16,9.690318953576558
4,7,14,16,9.79849610552322
4,7,0,17,9.818571232498826
4,7,1,17,9.770424250458907
4,7,2,17,9.78220797868322
4,7,3,17,9.840697428555158
4,7,4,17,9.7177453933089
4,7,5,17,9.777356854303358
4,7,6,17,9.713567032341219
4,7,7,17,9.795663922230904
4,7,8,17,9.784902297993145
4,7,9,17,9.81596084291987
4,7,10,17,9.929807496155364
4,7,11,17,9.678676457212655
4,7,12,17,9.86572055631386
4,7,13,17,9.826049653839778
4,7,14,17,9.716203970915632
4,7,0,18,9.843505259207944
4,7,1,18,9.747983738393446
4,7,2,18,9.79898668628068
4,7,3,18,9.782257248137652
4,7,4,18,9.781995384763578
4,7,5,18,9.711311360817236
4,7,6,18,9.788071455354073
4,7,7,18,9.784952002380415
4,7,8,18,9.771048644489191
4,7,9,18,9.695372091365911
4,7,10,18,9.9331215177018
4,7,11,18,9.712010906656886
4,7,12,18,9.701713347269726
4,7,13,18,9.779139796145856
4,7,14,18,9.69048550787609
4,7,0,19,9.802302606262153
4,7,1,19,9.72104782570444
4,7,2,19,9.776163888584703
4,7,3,19,9.71740450421015
4,7,4,19,9.7164517041882
4,7,5,19,9.614679983834534
4,7,6,19,9.703142666057861
4,7,7,19,9.787663638043115
4,7,8,19,9.54563990738339
4,7,9,19,9.747854686991996
4,7,10,19,9.850578157404367
4,7,11,19,9.661040963920039
4,7,12,19,9.614497208208988
4,7,13,19,9.704557233704888
4,7,14,19,9.639238002952323
4,7,0,20,9.65642370432625
4,7,1,20,9.624647499038696
4,7,2,20,9.701352473900345
4,7,3,20,9.604870620213699
4,7,4,20,9.60220273576427
4,7,5,20,9.415173546213618
4,7,6,20,9.37200186236134
4,7,7,20,9.679768089066542
4,7,8,20,9.043389167915787
4,7,9,20,9.622598866069332
4,7,10,20,9.70377995466935
4,7,11,20,9.465254069643837
4,7,12,20,9.245696608686616
4,7,13,20,9.520560254511452
4,7,14,20,9.382872480461678
4,7,0,21,9.415289830537366
4,7,1,21,9.300155492588775
4,7,2,21,9.323118421582135
4,7,3,21,9.12772125312129
4,7,4,21,9.276527682141255
4,7,5,21,8.65970705487431
4,7,6,21,8.428433781114565
4,7,7,21,9.277696154803673
4,7,8,21,7.717819140702881
4,7,9,21,9.212461662456699
4,7,10,21,9.464068278779456
4,7,11,21,8.967732707481954
4,7,12,21,8.279858275349248
4,7,13,21,9.197747711847326
4,7,14,21,8.88301299542873
4,7,0,22,8.799831970683227
4,7,1,22,8.207841706841807
4,7,2,22,8.792481185211761
4,7,3,22,8.073180666040553
4,7,4,22,8.228160967074079
4,7,5,22,7.123173758599054
4,7,6,22,6.9707845719668935
4,7,7,22,8.555963742350528
4,7,8,22,5.767560034333482
4,7,9,22,7.968044248976675
4,7,10,22,8.72765503499735
4,7,11,22,7.53734772343443
4,7,12,22,6.783764899497084
4,7,13,22,8.317464114681803
4,7,14,22,7.3747604775090965
4,8,0,0,9.806847081465293
4,8,1,0,9.760354108541225
4,8,2,0,9.753753629545404
4,8,3,0,9.805375708155514
4,8,4,0,9.769941291446468
4,8,5,0,9.747065468565392
4,8,6,0,9.783344630759137
4,8,7,0,9.706026897473786
4,8,8,0,9.752297146360323
4,8,9,0,9.776644866578877
4,8,10,0,9.627075543949559
4,8,11,0,9.701258280367501
4,8,12,0,9.844909402387023
4,8,13,0,9.757441791531733
4,8,14,0,9.796809526667735
4,8,0,1,9.808975509895967
4,8,1,1,9.702999791429614
4,8,2,1,9.741617104877522
4,8,3,1,9.815906000218083
4,8,4,1,9.785395053744331
4,8,5,1,9.829765034330878
4,8,6,1,9.76432411115812
4,8,7,1,9.64531017203994
4,8,8,1,9.75152171068601
4,8,9,1,9.846329354354502
4,8,10,1,9.690361678690127
4,8,11,1,9.732685475834808
4,8,12,1,9.702515673481374
4,8,13,1,9.636250753503047
4,8,14,1,9.940995814926747
4,8,0,2,9.708997420422618
4,8,1,2,9.84061988877263
4,8,2,2,9.851628534763211
4,8,3,2,9.881214097536425
4,8,4,2,9.811712570174652
4,8,5,2,9.778284548479492
4,8,6,2,9.783600100584868
4,8,7,2,9.846494136803122
4,8,8,2,9.77513925871553
4,8,9,2,9.789058504772916
4,8,10,2,9.711783476289604
4,8,11,2,9.851235068285888
4,8,12,2,9.828173883058547
4,8,13,2,9.83314487062811
4,8,14,2,9.867696623330122
4,8,0,3,9.844393547369643
4,8,1,3,9.81736496292717
4,8,2,3,9.697235230441565
4,8,3,3,9.812952370049972
4,8,4,3,9.898537068899323
4,8,5,3,9.762179438101821
4,8,6,3,9.755097559227824
4,8,7,3,9.818267475694693
4,8,8,3,9.780812540507993
4,8,9,3,9.781862787512981
4,8,10,3,9.724779440931668
4,8,11,3,9.726337072540765
4,8,12,3,9.75064805227542
4,8,13,3,9.840119612205385
4,8,14,3,9.831232695859182
4,8,0,4,9.739837844116005
4,8,1,4,9.756126801074057
4,8,2,4,9.805374281449984
4,8,3,4,9.838781231722852
4,8,4,4,9.810225566745702
4,8,5,4,9.813142595826044
4,8,6,4,9.757196686656265
4,8,7,4,9.825709219940595
4,8,8,4,9.753516678012742
4,8,9,4,9.847835569088177
4,8,10,4,9.74249004161274
4,8,11,4,9.82848715589349
4,8,12,4,9.732547468529727
4,8,13,4,9.841677864111952
4,8,14,4,9.910862222907738
4,8,0,5,9.806258932978766
4,8,1,5,9.63325708793418
4,8,2,5,9.785328429197353
4,8,3,5,9.842680333673437
4,8,4,5,9.790749304636002
4,8,5,5,9.859358617179444
4,8,6,5,9.829095153766977
4,8,7,5,9.781261433274288
4,8,8,5,9.823990364387809
4,8,9,5,9.771690578445941
4,8,10,5,9.749495099202344
4,8,11,5,9.808179103254194
4,8,12,5,9.725206606189282
4,8,13,5,9.875671430047644
4,8,14,5,9.849693083144833
4,8,0,6,9.832508102385214
4,8,1,6,9.701508589409288
4,8,2,6,9.80273165291602
4,8,3,6,9.746207356783817
4,8,4,6,9.837622048098202
4,8,5,6,9.823983236361686
4,8,6,6,9.854211734249265
4,8,7,6,9.754392758815884
4,8,8,6,9.856742980616218
4,8,9,6,9.82291524257871
4,8,10,6,9.83437974322581
4,8,11,6,9.819681369783464
4,8,12,6,9.784629638377716
4,8,13,6,9.739713089297302
4,8,14,6,9.791875219119813
4,8,0,7,9.808827835257283
4,8,1,7,9.765570573370564
4,8,2,7,9.910042625686335
4,8,3,7,9.781342251031356
4,8,4,7,9.735107189348435
4,8,5,7,9.748156943833475
4,8,6,7,9.98663869463061
4,8,7,7,9.843754450968365
4,8,8,7,9.850117987580447
4,8,9,7,9.897612520150975
4,8,10,7,9.826933135526732
4,8,11,7,9.892378321609046
4,8,12,7,9.799085089767821
4,8,13,7,9.852833987601981
4,8,14,7,9.835176908902774
4,8,0,8,9.786166345446782
4,8,1,8,9.710138582701443
4,8,2,8,9.811666917831133
4,8,3,8,9.800795662664433
4,8,4,8,9.81926117937742
4,8,5,8,9.806745257634237
4,8,6,8,9.806610436787693
4,8,7,8,9.894618224298883
4,8,8,8,9.903373921429584
4,8,9,8,9.742784042260014
4,8,10,8,9.82856730016819
4,8,11,8,9.945743908294967
4,8,12,8,9.703181897154494
4,8,13,8,9.873452009535631
4,8,14,8,9.780222257468541
4,8,0,9,9.76651520980431
4,8,1,9,9.835103798796277
4,8,2,9,9.832097627421533
4,8,3,9,9.810900527131572
4,8,4,9,9.748449861097427
4,8,5,9,9.726908747999554
4,8,6,9,9.695122941893697
4,8,7,9,9.846867118797956
4,8,8,9,9.798654838299235
4,8,9,9,9.689567367560317
4,8,10,9,9.91515435807672
4,8,11,9,9.816839775569845
4,8,12,9,9.638378290800953
4,8,13,9,9.83657813203838
4,8,14,9,9.817553114293595
4,8,0,10,9.67335140408322
4,8,1,10,9.749420431519924
4,8,2,10,9.702393003310593
4,8,3,10,9.751298043371023
4,8,4,10,9.736782928082592
4,8,5,10,9.729941904163619
4,8,6,10,9.75896483714056
4,8,7,10,9.767493321321936
4,8,8,10,9.836849060174819
4,8,9,10,9.599760318142177
4,8,10,10,9.891945236180524
4,8,11,10,9.854855528386915
4,8,12,10,9.646547003928562
4,8,13,10,9.799924130435867
4,8,14,10,9.797942442244379
4,8,0,11,9.734746038126348
4,8,1,11,9.809134161636228
4,8,2,11,9.691688929331237
4,8,3,11,9.85828922007547
4,8,4,11,9.73637576288425
4,8,5,11,9.984318271259946
4,8,6,11,9.737560551713743
4,8,7,11,9.72831901025402
4,8,8,11,9.78422357843907
4,8,9,11,9.749068820497575
4,8,10,11,9.802010274958354
4,8,11,11,9.794755679085666
4,8,12,11,9.784814690148876
4,8,13,11,9.705885371538207
4,8,14,11,9.88506681881274
4,8,0,12,9.767601998449685
4,8,1,12,9.899028994449775
4,8,2,12,9.779018208233582
4,8,3,12,9.807560781704328
4,8,4,12,9.753199792811019
4,8,5,12,9.90051465467014
4,8,6,12,9.854587192888902
4,8,7,12,9.683904532726576
4,8,8,12,9.74657931426401
4,8,9,12,9.785898819492182
4,8,10,12,9.769115261635891
4,8,11,12,9.806719047890818
4,8,12,12,9.692611767721534
4,8,13,12,9.741207420053474
4,8,14,12,9.804435429505888
4,8,0,13,9.640577177399575
4,8,1,13,9.721426483908623
4,8,2,13,9.777758157607895
4,8,3,13,9.707854542421064
4,8,4,13,9.76459730327346
4,8,5,13,9.790163678724102
4,8,6,13,9.820170111288318
4,8,7,13,9.807213689574127
4,8,8,13,9.843041882834074
4,8,9,13,9.820074538505976
4,8,10,13,9.875144895524755
4,8,11,13,9.67532640957234
4,8,12,13,9.768462900513644
4,8,13,13,9.708424418884999
4,8,14,13,9.844280748602012
4,8,0,14,9.84858841958406
4,8,1,14,9.819059807119984
4,8,2,14,9.723050466243693
4,8,3,14,9.72367707645016
4,8,4,14,9.780268621145169
4,8,5,14,9.961509067477092
4,8,6,14,9.853072584969219
4,8,7,14,9.915037894698854
4,8,8,14,9.798056231901679
4,8,9,14,9.780195406987708
4,8,10,14,9.903434737064694
4,8,11,14,9.666925887279676
4,8,12,14,9.797008538815493
4,8,13,14,9.708002044305404
4,8,14,14,9.918111970322267
4,8,0,15,9.741384105116559
4,8,1,15,9.80801106154119
4,8,2,15,9.783993805487714
4,8,3,15,9.753171153645365
4,8,4,15,9.775190793470768
4,8,5,15,9.903559308609399
4,8,6,15,9.776232990207385
4,8,7,15,9.911922722841094
4,8,8,15,9.757681889750858
4,8,9,15,9.88328068481438
4,8,10,15,9.835043621954794
4,8,11,15,9.68715115701203
4,8,12,15,9.856820477622499
4,8,13,15,9.704395675310744
4,8,14,15,9.801636801900592
4,8,0,16,9.886383197411556
4,8,1,16,9.901244742132723
4,8,2,16,9.732782783496463
4,8,3,16,9.806246847323338
4,8,4,16,9.732898138735946
4,8,5,16,9.82578136309569
4,8,6,16,9.75160954254501
4,8,7,16,9.805561517200077
4,8,8,16,9.791703700535475
4,8,9,16,9.712963047534247
4,8,10,16,9.746548367547668
4,8,11,16,9.6439554460715
4,8,12,16,9.799619610636709
4,8,13,16,9.77216357840823
4,8,14,16,9.870002053118123
4,8,0,17,9.670220102668166
4,8,1,17,9.894423181351362
4,8,2,17,9.761120380785847
4,8,3,17,9.77082019329522
4,8,4,17,9.729161819657458
4,8,5,17,9.702959791259012
4,8,6,17,9.873649661654206
4,8,7,17,9.851619032841691
4,8,8,17,9.802280847054762
4,8,9,17,9.71033395623004
4,8,10,17,9.721870614463528
4,8,11,17,9.696036520918343
4,8,12,17,9.733848140213643
4,8,13,17,9.608577205146597
4,8,14,17,9.813867599670832
4,8,0,18,9.645379027765454
4,8,1,18,9.958592379071755
4,8,2,18,9.592327800293276
4,8,3,18,9.587301982708945
4,8,4,18,9.432801198049702
4,8,5,18,9.765586731957104
4,8,6,18,9.809944212417452
4,8,7,18,9.758319771829372
4,8,8,18,9.794171273517708
4,8,9,18,9.693955531373337
4,8,10,18,9.758390242333506
4,8,11,18,9.685354413602573
4,8,12,18,9.817458416289837
4,8,13,18,9.629981528078416
4,8,14,18,9.775147758360468
4,8,0,19,9.39020419938895
4,8,1,19,9.910725603530228
4,8,2,19,9.303978691853294
4,8,3,19,9.532267740918659
4,8,4,19,8.873187749564803
4,8,5,19,9.612366459187434
4,8,6,19,9.754093487004523
4,8,7,19,9.737595069593448
4,8,8,19,9.747154639195267
4,8,9,19,9.576913830475748
4,8,10,19,9.621278943038678
4,8,11,19,9.674512782153563
4,8,12,19,9.667128500699663
4,8,13,19,9.406764095968843
4,8,14,19,9.766748542267056
4,8,0,20,8.58097866104673
4,8,1,20,9.78359904369483
4,8,2,20,8.312021583579485
4,8,3,20,9.209418457620993
4,8,4,20,7.737760629658717
4,8,5,20,9.306535650768934
4,8,6,20,9.603729754010457
4,8,7,20,9.343999092045394
4,8,8,20,9.607167249900158
4,8,9,20,9.137142374878415
4,8,10,20,9.302247401769876
4,8,11,20,9.53145838362091
4,8,12,20,9.492477057924065
4,8,13,20,8.855981928072634
4,8,14,20,9.71674062284939
4,8,0,21,6.924711562970581
4,8,1,21,9.513807083949052
4,8,2,21,6.93294004399319
4,8,3,21,8.59433653738349
4,8,4,21,3.975561695818358
4,8,5,21,8.460081117667963
4,8,6,21,9.262253036997137
4,8,7,21,8.276399908977524
4,8,8,21,9.321161137654336
4,8,9,21,7.874815432642266
4,8,10,21,8.53052100393936
4,8,11,21,9.149886100145473
4,8,12,21,8.951509676940768
4,8,13,21,7.296796473403579
4,8,14,21,9.396832954845102
4,8,0,22,3.7987302272101777
4,8,1,22,9.039858316196506
4,8,2,22,3.8039161905840264
4,8,3,22,6.821564393143815
4,8,4,22,1.3438660303665215
4,8,5,22,6.871964124340458
4,8,6,22,8.032156917213625
4,8,7,22,6.003790782816351
4,8,8,22,8.730798486145925
4,8,9,22,5.577548809502002
4,8,10,22,6.385925116957581
4,8,11,22,8.377256505454572
4,8,12,22,7.7983674830578655
4,8,13,22,4.09752456575991
4,8,14,22,8.499414809337402
4,9,0,0,9.750279357167738
4,9,1,0,9.721893025968207
4,9,2,0,9.728229795737922
4,9,3,0,9.786497475796438
4,9,4,0,9.80013772885903
4,9,5,0,9.65337771032913
4,9,6,0,9.775379747318816
4,9,7,0,9.634476090781712
4,9,8,0,9.65821475329893
4,9,9,0,9.751397376386976
4,9,10,0,9.969212647633166
4,9,11,0,9.844064260306213
4,9,12,0,9.902404845764869
4,9,13,0,9.856615530314855
4,9,14,0,9.802189379399287
4,9,0,1,9.774864147443964
4,9,1,1,9.729561788490608
4,9,2,1,9.74857506697599
4,9,3,1,9.81316966906024
4,9,4,1,9.762129397090616
4,9,5,1,9.73489279773567
4,9,6,1,9.798483670166839
4,9,7,1,9.686917529840402
4,9,8,1,9.622512301837167
4,9,9,1,9.813282734921692
4,9,10,1,9.871777610065543
4,9,11,1,9.839016568424052
4,9,12,1,9.877128385716706
4,9,13,1,9.840237408936376
4,9,14,1,9.859314042552803
4,9,0,2,9.775588565879765
4,9,1,2,9.636778760256268
4,9,2,2,9.713599935380516
4,9,3,2,9.886528801020754
4,9,4,2,9.850330943060664
4,9,5,2,9.763714967193655
4,9,6,2,9.867918772378646
4,9,7,2,9.703446483755874
4,9,8,2,9.709477271991037
4,9,9,2,9.879964481483066
4,9,10,2,9.879450452262908
4,9,11,2,9.809995544856381
4,9,12,2,9.757461862399976
4,9,13,2,9.88455808658914
4,9,14,2,9.857943033367922
4,9,0,3,9.814782239037209
4,9,1,3,9.729311121571662
4,9,2,3,9.808303254555765
4,9,3,3,9.794735299962554
4,9,4,3,9.834491651392977
4,9,5,3,9.799153189369436
4,9,6,3,9.844441089707237
4,9,7,3,9.604935835201944
4,9,8,3,9.838882953867055
4,9,9,3,9.784732607664894
4,9,10,3,9.905995679235321
4,9,11,3,9.894511759361093
4,9,12,3,9.741350952887773
4,9,13,3,9.94876329972592
4,9,14,3,9.893054009956304
4,9,0,4,9.785113274289529
4,9,1,4,9.661409426856322
4,9,2,4,9.783245550880702
4,9,3,4,9.808296831157007
4,9,4,4,9.876970916054075
4,9,5,4,9.810066013898647
4,9,6,4,9.876761437878722
4,9,7,4,9.730196686794407
4,9,8,4,9.825046325914393
4,9,9,4,9.845092872051854
4,9,10,4,9.903399390551298
4,9,11,4,9.852327432181445
4,9,12,4,9.73699454264207
4,9,13,4,9.914265818360523
4,9,14,4,9.816243391988612
4,9,0,5,9.781760743692972
4,9,1,5,9.75291716417911
4,9,2,5,9.80511235417586
4,9,3,5,9.735717575817226
4,9,4,5,9.911684627362972
4,9,5,5,9.710790967130198
4,9,6,5,9.903167154441418
4,9,7,5,9.741142588046266
4,9,8,5,9.899476425221323
4,9,9,5,9.835366724393792
4,9,10,5,9.925624219320072
4,9,11,5,9.941632453870616
4,9,12,5,9.679815129378115
4,9,13,5,9.918212023673904
4,9,14,5,9.756236979430467
4,9,0,6,9.680009302766196
4,9,1,6,9.71851139420871
4,9,2,6,9.9159624504509
4,9,3,6,9.886608381115675
4,9,4,6,9.830013014174092
4,9,5,6,9.72385138618336
4,9,6,6,9.774486519855637
4,9,7,6,9.611396536195404
4,9,8,6,9.89323667484978
4,9,9,6,9.863217746203562
4,9,10,6,9.91593673948555
4,9,11,6,9.86255838176519
4,9,12,6,9.77873534737254
4,9,13,6,9.794447627306067
4,9,14,6,9.720776546151638
4,9,0,7,9.779368346125086
4,9,1,7,9.843182968721571
4,9,2,7,9.899463736272967
4,9,3,7,9.810676939791593
4,9,4,7,9.802808271800469
4,9,5,7,9.75214106032051
4,9,6,7,9.782415884933538
4,9,7,7,9.708306702731356
4,9,8,7,9.786088249166486
4,9,9,7,9.777877061868889
4,9,10,7,9.831328373223727
4,9,11,7,9.889739689547506
4,9,12,7,9.823324000004668
4,9,13,7,9.899084589329002
4,9,14,7,9.785120045943406
4,9,0,8,9.861324841086718
4,9,1,8,9.896869791234085
4,9,2,8,10.002695957214868
4,9,3,8,9.782013891555286
4,9,4,8,9.780488420243312
4,9,5,8,9.759493911167995
4,9,6,8,9.86901793421974
4,9,7,8,9.70982015286139
4,9,8,8,9.72433194393899
4,9,9,8,9.756171587989165
4,9,10,8,9.786994292676054
4,9,11,8,9.710147059221537
4,9,12,8,9.882748312519414
4,9,13,8,9.768553309104943
4,9,14,8,9.80354283375844
4,9,0,9,9.885353849996607
4,9,1,9,9.834494844147988
4,9,2,9,9.935228756441305
4,9,3,9,9.781754640473913
4,9,4,9,9.861319420880461
4,9,5,9,9.631633679530985
4,9,6,9,9.804017107531383
4,9,7,9,9.67661578182542
4,9,8,9,9.662297452636
4,9,9,9,9.796782703972632
4,9,10,9,9.802932689306612
4,9,11,9,9.879683915242225
4,9,12,9,9.877260583237565
4,9,13,9,9.814583150241871
4,9,14,9,9.829916267973244
4,9,0,10,9.851782881257153
4,9,1,10,9.775193202941011
4,9,2,10,9.909107545909395
4,9,3,10,9.701520727406802
4,9,4,10,9.864368459382492
4,9,5,10,9.811881497909921
4,9,6,10,9.805455260440223
4,9,7,10,9.856903474086565
4,9,8,10,9.76814182880996
4,9,9,10,9.71873152141275
4,9,10,10,9.75394751492855
4,9,11,10,9.814072462302544
4,9,12,10,9.926764005162154
4,9,13,10,9.815057652569587
4,9,14,10,9.784048504850738
4,9,0,11,9.808015376464345
4,9,1,11,9.745463681572865
4,9,2,11,9.918315149728755
4,9,3,11,9.817082333322853
4,9,4,11,9.762104493054443
4,9,5,11,9.77211367316333
4,9,6,11,9.733417205694735
4,9,7,11,9.782095072724307
4,9,8,11,9.776782394419966
4,9,9,11,9.802307938231046
4,9,10,11,9.638949702256207
4,9,11,11,9.904632088725693
4,9,12,11,9.86900827339376
4,9,13,11,9.813490575196742
4,9,14,11,9.796657908373069
4,9,0,12,9.710234691611543
4,9,1,12,9.867464585782459
4,9,2,12,9.870568544200552
4,9,3,12,9.907197101621106
4,9,4,12,9.779503608898914
4,9,5,12,9.695218045411501
4,9,6,12,9.819685346897991
4,9,7,12,9.65900972247047
4,9,8,12,9.658161508976598
4,9,9,12,9.751979803086734
4,9,10,12,9.677123561196806
4,9,11,12,9.927526408067688
4,9,12,12,9.688088657306162
4,9,13,12,9.851108867741196
4,9,14,12,9.901732850487397
4,9,0,13,9.67315192289864
4,9,1,13,9.87372088842618
4,9,2,13,9.90348864281866
4,9,3,13,9.869585823250032
4,9,4,13,9.710828068531333
4,9,5,13,9.69880479809534
4,9,6,13,9.776329364936444
4,9,7,13,9.691217072351927
4,9,8,13,9.783468770989675
4,9,9,13,9.711547279577347
4,9,10,13,9.740394407847987
4,9,11,13,9.79007675816295
4,9,12,13,9.778194081100148
4,9,13,13,9.679044847892069
4,9,14,13,9.89832574063694
4,9,0,14,9.781746778714473
4,9,1,14,9.858752129577558
4,9,2,14,9.755668718969615
4,9,3,14,9.946304870308726
4,9,4,14,9.680592123844864
4,9,5,14,9.777171512623434
4,9,6,14,9.72194693765525
4,9,7,14,9.774620095292919
4,9,8,14,9.79541180112036
4,9,9,14,9.76270586119907
4,9,10,14,9.700203382478174
4,9,11,14,9.811144820255132
4,9,12,14,9.824463881971942
4,9,13,14,9.819444299929883
4,9,14,14,9.749540537264602
4,9,0,15,9.867414288551812
4,9,1,15,9.828606546124904
4,9,2,15,9.76279945466637
4,9,3,15,9.876929831445032
4,9,4,15,9.710845065108643
4,9,5,15,9.624085522818492
4,9,6,15,9.858945099401687
4,9,7,15,9.694544492468616
4,9,8,15,9.794114814639995
4,9,9,15,9.859783246546726
4,9,10,15,9.726539608635651
4,9,11,15,9.739920817788319
4,9,12,15,9.893601414246135
4,9,13,15,9.801824879726444
4,9,14,15,9.78031962926861
4,9,0,16,9.853802637328915
4,9,1,16,9.848554398621053
4,9,2,16,9.651985277712651
4,9,3,16,9.76439758116868
4,9,4,16,9.715871048363804
4,9,5,16,9.402297207464294
4,9,6,16,9.844918793553092
4,9,7,16,9.620397662507647
4,9,8,16,9.766582234267124
4,9,9,16,9.852490768360168
4,9,10,16,9.766601587844999
4,9,11,16,9.773872578658517
4,9,12,16,9.874842496572409
4,9,13,16,9.811941591652195
4,9,14,16,9.8579744217818
4,9,0,17,9.862319780881885
4,9,1,17,9.87696099599604
4,9,2,17,9.432493059938817
4,9,3,17,9.487859928253739
4,9,4,17,9.7715598081152
4,9,5,17,8.56656739788676
4,9,6,17,9.846978809190254
4,9,7,17,9.749595010698728
4,9,8,17,9.805155880310439
4,9,9,17,9.827571525717977
4,9,10,17,9.78999174217239
4,9,11,17,9.690938390026732
4,9,12,17,9.803667071658074
4,9,13,17,9.759784091232904
4,9,14,17,9.944719417846438
4,9,0,18,9.822425662204918
4,9,1,18,9.672843722865872
4,9,2,18,9.003812509829679
4,9,3,18,9.072075358235391
4,9,4,18,9.65007037335551
4,9,5,18,7.01308764770084
4,9,6,18,9.752443499253129
4,9,7,18,9.75252628947191
4,9,8,18,9.665755073812683
4,9,9,18,9.71748651569544
4,9,10,18,9.688305328847827
4,9,11,18,9.627609133611765
4,9,12,18,9.717034395765957
4,9,13,18,9.577048180004695
4,9,14,18,9.815630240215699
4,9,0,19,9.661459764053221
4,9,1,19,9.716575088562438
4,9,2,19,7.170421771122326
4,9,3,19,7.549991274129064
4,9,4,19,9.576240321683336
4,9,5,19,4.0538659076763945
4,9,6,19,9.637724760263307
4,9,7,19,9.66905589505228
4,9,8,19,9.47282526847824
4,9,9,19,9.665541169842971
4,9,10,19,9.427108071531043
4,9,11,19,9.343281517835532
4,9,12,19,9.591542667018743
4,9,13,19,9.219599946356924
4,9,14,19,9.794293115720054
4,9,0,20,9.47872457671842
4,9,1,20,9.48582905477877
4,9,2,20,3.8592217903725086
4,9,3,20,4.465599783210531
4,9,4,20,9.214381849943521
4,9,5,20,1.0863684852539433
4,9,6,20,9.367850299822804
4,9,7,20,9.412412992314552
4,9,8,20,8.771240679526759
4,9,9,20,9.306707479615676
4,9,10,20,8.8476735006739
4,9,11,20,8.689847195389575
4,9,12,20,9.199769000584528
4,9,13,20,7.91807934493992
4,9,14,20,9.602039253718115
4,9,0,21,8.82463155518277
4,9,1,21,9.092304411616679
4,9,2,21,1.411870597514001
4,9,3,21,1.6571060444737773
4,9,4,21,8.185751585674844
4,9,5,21,0.0
4,9,6,21,8.859138499475
4,9,7,21,8.957439854652748
4,9,8,21,7.140341232276894
4,9,9,21,8.612112513361367
4,9,10,21,6.911008296960139
4,9,11,21,7.1690005773242165
4,9,12,21,8.358695468986726
4,9,13,21,5.6465981730231185
4,9,14,21,9.063078776183687
4,9,0,22,7.686794246549073
4,9,1,22,7.502346249640375
4,9,2,22,0.008268936507491338
4,9,3,22,0.004766641673178607
4,9,4,22,6.082137898573363
4,9,5,22,0.0
4,9,6,22,7.420271203582241
4,9,7,22,7.383700863079781
4,9,8,22,4.94710885630602
4,9,9,22,6.437921957272636
4,9,10,22,3.4231823495346014
4,9,11,22,4.747483745512744
4,9,12,22,5.9443491791193335
4,9,13,22,2.7673601926959024
4,9,14,22,8.149318774085238
4,10,0,0,9.701544472260636
4,10,1,0,9.750869569027662
4,10,2,0,9.739940791569762
4,10,3,0,9.770377348930477
4,10,4,0,9.642571933504781
4,10,5,0,9.716129189739062
4,10,6,0,9.860990212075064
4,10,7,0,9.765770334839834
4,10,8,0,9.769414308210198
4,10,9,0,9.834717132691514
4,10,10,0,9.87200225809518
4,10,11,0,9.854829005366573
4,10,12,0,9.783517443401795
4,10,13,0,9.926490603161588
4,10,14,0,9.705988608612003
4,10,0,1,9.788708421468199
4,10,1,1,9.682238374646516
4,10,2,1,9.790143080161346
4,10,3,1,9.72878356667735
4,10,4,1,9.716531751719222
4,10,5,1,9.742174183183213
4,10,6,1,9.85700743034132
4,10,7,1,9.70898339562237
4,10,8,1,9.871279791112771
4,10,9,1,9.815264412732068
4,10,10,1,9.803125203757148
4,10,11,1,9.945108757921117
4,10,12,1,9.843141079344027
4,10,13,1,9.870118700204834
4,10,14,1,9.728241404818073
4,10,0,2,9.776640247703842
4,10,1,2,9.75490931108253
4,10,2,2,9.84650661797676
4,10,3,2,9.721650134986433
4,10,4,2,9.608616411881298
4,10,5,2,9.722143208462139
4,10,6,2,9.710880171723767
4,10,7,2,9.749222877950515
4,10,8,2,9.836566436764429
4,10,9,2,9.7676299161672
4,10,10,2,9.838782773359373
4,10,11,2,9.901703481020723
4,10,12,2,9.809233113296784
4,10,13,2,9.760160562496267
4,10,14,2,9.77404032022508
4,10,0,3,9.94209584263587
4,10,1,3,9.816108526855652
4,10,2,3,9.905710179921568
4,10,3,3,9.823720162252377
4,10,4,3,9.806475627600129
4,10,5,3,9.620430538561035
4,10,6,3,9.792299878081096
4,10,7,3,9.596859051879832
4,10,8,3,9.836237812511104
4,10,9,3,9.773470143780788
4,10,10,3,9.901144172445639
4,10,11,3,9.78394784933336
4,10,12,3,9.814748068043498
4,10,13,3,9.772733267284117
4,10,14,3,9.925386568961505
4,10,0,4,9.82346701943702
4,10,1,4,9.75178957145363
4,10,2,4,9.789405252006643
4,10,3,4,9.70382534685165
4,10,4,4,9.674675298035378
4,10,5,4,9.814502767946179
4,10,6,4,9.75423915793114
4,10,7,4,9.735182492044068
4,10,8,4,9.738458374008353
4,10,9,4,9.741464774783552
4,10,10,4,9.920290168146852
4,10,11,4,9.753453018826912
4,10,12,4,9.927534242894637
4,10,13,4,9.874726119910909
4,10,14,4,9.790518968406833
4,10,0,5,9.912003976872066
4,10,1,5,9.985902630973522
4,10,2,5,9.80197040216403
4,10,3,5,9.704546725292754
4,10,4,5,9.67176580583117
4,10,5,5,9.749032075288742
4,10,6,5,9.746153002125258
4,10,7,5,9.679981339266575
4,10,8,5,9.780627114097223
4,10,9,5,9.77860197118736
4,10,10,5,9.827858268860298
4,10,11,5,9.754896734255203
4,10,12,5,9.90415259849043
4,10,13,5,9.72696160149596
4,10,14,5,9.900260741302898
4,10,0,6,9.813667038899354
4,10,1,6,9.912217667154586
4,10,2,6,9.765113051514184
4,10,3,6,9.744356425101799
4,10,4,6,9.773962213023594
4,10,5,6,9.761290440859073
4,10,6,6,9.759449661234264
4,10,7,6,9.860152666510416
4,10,8,6,9.682688455674793
4,10,9,6,9.650646315798179
4,10,10,6,9.764006569892807
4,10,11,6,9.727147403096744
4,10,12,6,9.90844018022482
4,10,13,6,9.777947595352297
4,10,14,6,9.84575630210271
4,10,0,7,10.036544990300813
4,10,1,7,9.805587276364667
4,10,2,7,9.714012078413498
4,10,3,7,9.61960128161236
4,10,4,7,9.758894896403902
4,10,5,7,9.740463841905184
4,10,6,7,9.668091587875665
4,10,7,7,9.69939197998353
4,10,8,7,9.770768376992217
4,10,9,7,9.803993292985643
4,10,10,7,9.679771551787043
4,10,11,7,9.804603883057528
4,10,12,7,9.69722872704435
4,10,13,7,9.723426353457896
4,10,14,7,9.746718230260642
4,10,0,8,9.918301361818381
4,10,1,8,9.865547994602316
4,10,2,8,9.780906952105937
4,10,3,8,9.719862602628348
4,10,4,8,9.821289605266806
4,10,5,8,9.792739081378846
4,10,6,8,9.805786765659006
4,10,7,8,9.69266294126189
4,10,8,8,9.805055130851231
4,10,9,8,9.733071145317009
4,10,10,8,9.821415357523145
4,10,11,8,9.622298936768644
4,10,12,8,9.79649210414761
4,10,13,8,9.764894847285367
4,10,14,8,9.823309445893713
4,10,0,9,9.85940560588533
4,10,1,9,9.806069075460526
4,10,2,9,9.768622824156749
4,10,3,9,9.828641298281644
4,10,4,9,9.850820568655397
4,10,5,9,9.78422308298748
4,10,6,9,9.739833833208195
4,10,7,9,9.829953693985878
4,10,8,9,9.745948243857207
4,10,9,9,9.853611698160842
4,10,10,9,9.705465288815255
4,10,11,9,9.688393529225934
4,10,12,9,9.727649497043835
4,10,13,9,9.774528016793617
4,10,14,9,9.712934127734387
4,10,0,10,9.847137757403639
4,10,1,10,9.753217208008213
4,10,2,10,9.88498590336078
4,10,3,10,9.729316360686694
4,10,4,10,9.652806688468653
4,10,5,10,9.703001046486074
4,10,6,10,9.726956848954861
4,10,7,10,9.701970330645059
4,10,8,10,9.801337008440013
4,10,9,10,9.824946576302574
4,10,10,10,9.685083944979947
4,10,11,10,9.604790992858604
4,10,12,10,9.732907945429845
4,10,13,10,9.882263191770582
4,10,14,10,9.892495399662707
4,10,0,11,9.817985700296118
4,10,1,11,9.770124669836408
4,10,2,11,9.837317647848392
4,10,3,11,9.657371130037271
4,10,4,11,9.72930003530949
4,10,5,11,9.731824809174062
4,10,6,11,9.659133867836006
4,10,7,11,9.817647477349556
4,10,8,11,9.846612363587923
4,10,9,11,9.826951411747102
4,10,10,11,9.658401539069512
4,10,11,11,9.635101844259808
4,10,12,11,9.87858950811871
4,10,13,11,9.728359807306234
4,10,14,11,9.631423500822562
4,10,0,12,9.796011166199198
4,10,1,12,9.713380380026946
4,10,2,12,9.766142979576301
4,10,3,12,9.819580562739507
4,10,4,12,9.777674787087745
4,10,5,12,9.718927034160576
4,10,6,12,9.7553335555613
4,10,7,12,9.711610115557207
4,10,8,12,9.806768340741382
4,10,9,12,9.745195311747466
4,10,10,12,9.790034695247586
4,10,11,12,9.678743903874063
4,10,12,12,9.80359454741889
4,10,13,12,9.706684265673898
4,10,14,12,9.778587378431062
4,10,0,13,9.785521605447657
4,10,1,13,9.782154359374635
4,10,2,13,9.899567175328775
4,10,3,13,9.73137898169466
4,10,4,13,9.761448105317747
4,10,5,13,9.601021499447077
4,10,6,13,9.649442683651783
4,10,7,13,9.684901142187375
4,10,8,13,9.79466712694874
4,10,9,13,9.779293781830107
4,10,10,13,9.748741116047702
4,10,11,13,9.657531932079449
4,10,12,13,9.780602756192087
4,10,13,13,9.752100300309129
4,10,14,13,9.760196732740443
4,10,0,14,9.891736140841434
4,10,1,14,9.700108495870884
4,10,2,14,9.813954890240863
4,10,3,14,9.53778968395499
4,10,4,14,9.847084574864812
4,10,5,14,9.59208208420077
4,10,6,14,9.747448106397997
4,10,7,14,9.891822341533208
4,10,8,14,9.867010661730841
4,10,9,14,9.598097636582617
4,10,10,14,9.77838017385493
4,10,11,14,9.676012818599489
4,10,12,14,9.771850502319712
4,10,13,14,9.762265926665306
4,10,14,14,9.845852557440429
4,10,0,15,9.845351209813812
4,10,1,15,9.669544205659113
4,10,2,15,9.90311164763857
4,10,3,15,9.624366784950393
4,10,4,15,9.765356975269905
4,10,5,15,9.747544809703598
4,10,6,15,9.628399588290428
4,10,7,15,9.913774161818534
4,10,8,15,9.78589227131166
4,10,9,15,9.832885584475362
4,10,10,15,9.626642108913456
4,10,11,15,9.682742062360127
4,10,12,15,9.774075745114988
4,10,13,15,9.846413396506229
4,10,14,15,9.75667598535585
4,10,0,16,9.907872440910145
4,10,1,16,9.689387618153015
4,10,2,16,9.774721240901904
4,10,3,16,9.647598986091388
4,10,4,16,9.76630050874681
4,10,5,16,9.781287993076893
4,10,6,16,9.631633940370605
4,10,7,16,9.874733086013727
4,10,8,16,9.80119484666078
4,10,9,16,9.781922278588675
4,10,10,16,9.280326864781852
4,10,11,16,9.77561733898697
4,10,12,16,9.693967847332363
4,10,13,16,9.741244085660439
4,10,14,16,9.789553534190194
4,10,0,17,9.777918978239756
4,10,1,17,9.745247308388217
4,10,2,17,9.81424010697361
4,10,3,17,9.582731079058794
4,10,4,17,9.750526600049172
4,10,5,17,9.853627928932344
4,10,6,17,9.693596780968587
4,10,7,17,9.889615801852637
4,10,8,17,9.792703784967772
4,10,9,17,9.891320916334717
4,10,10,17,8.538128548107185
4,10,11,17,9.733827317688993
4,10,12,17,9.73168975531872
4,10,13,17,9.757617955673227
4,10,14,17,9.603612025664749
4,10,0,18,9.773994828307005
4,10,1,18,9.666837138795097
4,10,2,18,9.654382417600322
4,10,3,18,9.414637701527873
4,10,4,18,9.694234054241283
4,10,5,18,9.639575515864395
4,10,6,18,9.63528734646334
4,10,7,18,9.829200369878794
4,10,8,18,9.60215703497941
4,10,9,18,9.92431827605084
4,10,10,18,5.707031342699415
4,10,11,18,9.6308479688403
4,10,12,18,9.615172099763251
4,10,13,18,9.747837275759268
4,10,14,18,9.622899361642908
4,10,0,19,9.61397502921365
4,10,1,19,9.652961581395793
4,10,2,19,9.57966355240547
4,10,3,19,8.805810962611595
4,10,4,19,9.52012904713232
4,10,5,19,9.520061132760311
4,10,6,19,9.614303382313818
4,10,7,19,9.615669099915467
4,10,8,19,9.29159963348935
4,10,9,19,9.784618792797163
4,10,10,19,4.21384347693068
4,10,11,19,9.438120057994052
4,10,12,19,9.258800754069535
4,10,13,19,9.472543853309741
4,10,14,19,9.196508378925502
4,10,0,20,9.27278116542694
4,10,1,20,9.503981346553957
4,10,2,20,9.337487247179377
4,10,3,20,7.004947298086364
4,10,4,20,9.228971638903893
4,10,5,20,8.978229992172967
4,10,6,20,9.466982320889574
4,10,7,20,9.39599796434981
4,10,8,20,7.822935879356184
4,10,9,20,9.470644034750412
4,10,10,20,0.5423268984949736
4,10,11,20,8.89134022617835
4,10,12,20,8.38724272503584
4,10,13,20,9.026140096697839
4,10,14,20,8.154390414348791
4,10,0,21,8.382513826632092
4,10,1,21,8.850922119928057
4,10,2,21,8.633881343945564
4,10,3,21,4.437895028560125
4,10,4,21,8.696931173560799
4,10,5,21,7.61271077755496
4,10,6,21,8.981446420751011
4,10,7,21,8.836833064047521
4,10,8,21,6.113459678314134
4,10,9,21,9.028591084424969
4,10,10,21,0.0
4,10,11,21,7.098205632512305
4,10,12,21,5.818050645070709
4,10,13,21,7.206971114108062
4,10,14,21,6.302117554343852
4,10,0,22,5.936899647341421
4,10,1,22,7.768901281081183
4,10,2,22,7.376597055349467
4,10,3,22,0.9702104714311435
4,10,4,22,6.882557035628362
4,10,5,22,5.738171390772455
4,10,6,22,7.055343047516986
4,10,7,22,7.176500619775576
4,10,8,22,2.4583399921500244
4,10,9,22,7.550846010698345
4,10,10,22,0.0
4,10,11,22,4.966135894561863
4,10,12,22,2.929247315306685
4,10,13,22,4.798437715101673
4,10,14,22,3.2839002987565307
5,3,0,0,9.599030497047275
5,3,1,0,9.753737839350704
5,3,2,0,9.685720811519657
5,3,3,0,9.660194712119656
5,3,4,0,9.770315745291365
5,3,5,0,9.586895250356946
5,3,6,0,9.752239357694089
5,3,7,0,9.654084977901174
5,3,8,0,9.680118149405825
5,3,9,0,9.58116005862623
5,3,10,0,9.655244233255521
5,3,11,0,9.65994016595028
5,3,12,0,9.741083794922824
5,3,13,0,9.655629922140399
5,3,14,0,9.588164379549381
5,3,0,1,9.584530803378701
5,3,1,1,9.728007247952474
5,3,2,1,9.64401451111408
5,3,3,1,9.613461346170373
5,3,4,1,9.744653472771889
5,3,5,1,9.629257908968796
5,3,6,1,9.800054183835469
5,3,7,1,9.638342209095262
5,3,8,1,9.693595487433106
5,3,9,1,9.580337684960929
5,3,10,1,9.6601009820918
5,3,11,1,9.68220543913109
5,3,12,1,9.737802036846881
5,3,13,1,9.614654451854063
5,3,14,1,9.591405368043162
5,3,0,2,9.596743689453415
5,3,1,2,9.691858976410998
5,3,2,2,9.627868589366782
5,3,3,2,9.63154689516928
5,3,4,2,9.69072785688152
5,3,5,2,9.63056637047163
5,3,6,2,9.758045974248338
5,3,7,2,9.610406184011044
5,3,8,2,9.689538210564278
5,3,9,2,9.622786641178227
5,3,10,2,9.734923480120175
5,3,11,2,9.66346576620212
5,3,12,2,9.720012844892914
5,3,13,2,9.617515399186155
5,3,14,2,9.64008691647563
5,3,0,3,9.636886680627205
5,3,1,3,9.671559064117961
5,3,2,3,9.560621442687717
5,3,3,3,9.567625302610558
5,3,4,3,9.707953290118219
5,3,5,3,9.515980786889846
5,3,6,3,9.65348507140516
5,3,7,3,9.6206871135751
5,3,8,3,9.691732975935363
5,3,9,3,9.562625499786348
5,3,10,3,9.653148747173937
5,3,11,3,9.615482784789837
5,3,12,3,9.719807963635105
5,3,13,3,9.625904117074374
5,3,14,3,9.667600784688851
5,3,0,4,9.674893618145346
5,3,1,4,9.67423267007782
5,3,2,4,9.536238727049971
5,3,3,4,9.587139295705525
5,3,4,4,9.769114051373224
5,3,5,4,9.537006190195774
5,3,6,4,9.710196421606588
5,3,7,4,9.692066165157264
5,3,8,4,9.642707578781152
5,3,9,4,9.6726830284518
5,3,10,4,9.735020142994182
5,3,11,4,9.719039650092016
5,3,12,4,9.718691653142235
5,3,13,4,9.690366319206692
5,3,14,4,9.686248981293941
5,3,0,5,9.682480728147285
5,3,1,5,9.690498051446786
5,3,2,5,9.66259150251267
5,3,3,5,9.638379198777104
5,3,4,5,9.730359850544438
5,3,5,5,9.576257610217924
5,3,6,5,9.662420654785473
5,3,7,5,9.678022416735608
5,3,8,5,9.612694658632828
5,3,9,5,9.63457315185616
5,3,10,5,9.587848727100944
5,3,11,5,9.633193904322264
5,3,12,5,9.631558324215426
5,3,13,5,9.705620944511297
5,3,14,5,9.711728364482164
5,3,0,6,9.687585094092762
5,3,1,6,9.669360205123649
5,3,2,6,9.624536634958233
5,3,3,6,9.607508408781618
5,3,4,6,9.712673556751279
5,3,5,6,9.580341956073894
5,3,6,6,9.695980604459812
5,3,7,6,9.668417181790758
5,3,8,6,9.547788151526461
5,3,9,6,9.640364174107136
5,3,10,6,9.65612452691771
5,3,11,6,9.671669251875155
5,3,12,6,9.688754042277067
5,3,13,6,9.701297653482598
5,3,14,6,9.653670786132366
5,3,0,7,9.67283617515523
5,3,1,7,9.676263751168218
5,3,2,7,9.608892884855072
5,3,3,7,9.656139852788549
5,3,4,7,9.702013820859186
5,3,5,7,9.587122914377108
5,3,6,7,9.621521261077453
5,3,7,7,9.581696335410772
5,3,8,7,9.556434697473964
5,3,9,7,9.654612459466689
5,3,10,7,9.62632155728523
5,3,11,7,9.644608099950949
5,3,12,7,9.66031422683603
5,3,13,7,9.623116064150665
5,3,14,7,9.705364068610844
5,3,0,8,9.631710059838374
5,3,1,8,9.728362626902214
5,3,2,8,9.57882801286755
5,3,3,8,9.694065061973086
5,3,4,8,9.725452279976466
5,3,5,8,9.592084549960742
5,3,6,8,9.60562307184709
5,3,7,8,9.651170382180293
5,3,8,8,9.584390323135784
5,3,9,8,9.656724128705916
5,3,10,8,9.60448543509115
5,3,11,8,9.629453778732163
5,3,12,8,9.547320817643277
5,3,13,8,9.679026297577575
5,3,14,8,9.686084692691788
5,3,0,9,9.626292309830038
5,3,1,9,9.707322410567787
5,3,2,9,9.660736011606904
5,3,3,9,9.649209810159652
5,3,4,9,9.592923832107166
5,3,5,9,9.60161812726915
5,3,6,9,9.582936079562081
5,3,7,9,9.621052849513658
5,3,8,9,9.660695677931487
5,3,9,9,9.639867409507152
5,3,10,9,9.564392646569354
5,3,11,9,9.644837937803931
5,3,12,9,9.53756863414262
5,3,13,9,9.611737529585575
5,3,14,9,9.703706531911584
5,3,0,10,9.649263679050264
5,3,1,10,9.643772968180398
5,3,2,10,9.615969138130314
5,3,3,10,9.61949298960605
5,3,4,10,9.622518190938234
5,3,5,10,9.63715273508629
5,3,6,10,9.702766012378106
5,3,7,10,9.563523860215588
5,3,8,10,9.673009127910131
5,3,9,10,9.594062547711241
5,3,10,10,9.5881468677601
5,3,11,10,9.635975659891553
5,3,12,10,9.604745676023867
5,3,13,10,9.604504299029903
5,3,14,10,9.755851808397214
5,3,0,11,9.554007492573977
5,3,1,11,9.73836726682192
5,3,2,11,9.628765646185592
5,3,3,11,9.586020316572249
5,3,4,11,9.619064939337921
5,3,5,11,9.695383118729312
5,3,6,11,9.744877317985432
5,3,7,11,9.580681458543067
5,3,8,11,9.695313370073833
5,3,9,11,9.585106326714158
5,3,10,11,9.598519762095673
5,3,11,11,9.68827571060177
5,3,12,11,9.58152188985072
5,3,13,11,9.593646918504437
5,3,14,11,9.635786079069474
5,3,0,12,9.672753571125746
5,3,1,12,9.730991435926278
5,3,2,12,9.71677149173768
5,3,3,12,9.547045887537166
5,3,4,12,9.704865237213232
5,3,5,12,9.65912628862781
5,3,6,12,9.612435526996888
5,3,7,12,9.657736993856625
5,3,8,12,9.762069015394491
5,3,9,12,9.63314393195675
5,3,10,12,9.651706487380027
5,3,11,12,9.632974676090393
5,3,12,12,9.577273241487385
5,3,13,12,9.659448186979587
5,3,14,12,9.75681360132047
5,3,0,13,9.688673999958135
5,3,1,13,9.721197643662117
5,3,2,13,9.679308484554722
5,3,3,13,9.589434931136736
5,3,4,13,9.715757732375684
5,3,5,13,9.594744956822987
5,3,6,13,9.68664786191153
5,3,7,13,9.674616652982094
5,3,8,13,9.70024591788993
5,3,9,13,9.523866156815664
5,3,10,13,9.610802393476703
5,3,11,13,9.633104616143
5,3,12,13,9.582837390897776
5,3,13,13,9.65611395087627
5,3,14,13,9.685882547887926
5,3,0,14,9.658286631055065
5,3,1,14,9.682894865131821
5,3,2,14,9.695215666748135
5,3,3,14,9.624193120125433
5,3,4,14,9.671629106945703
5,3,5,14,9.648206125946567
5,3,6,14,9.736791607082859
5,3,7,14,9.701504312601521
5,3,8,14,9.68039910648727
5,3,9,14,9.579779732781313
5,3,10,14,9.654641286462715
5,3,11,14,9.690792741085087
5,3,12,14,9.562574936290913
5,3,13,14,9.660736751978524
5,3,14,14,9.648077298903514
5,3,0,15,9.583224515005945
5,3,1,15,9.662446330466466
5,3,2,15,9.709628172111511
5,3,3,15,9.651932422261527
5,3,4,15,9.687151607765866
5,3,5,15,9.634523099992517
5,3,6,15,9.741722489180095
5,3,7,15,9.664986458330956
5,3,8,15,9.694558278768334
5,3,9,15,9.683056250980162
5,3,10,15,9.631608326427022
5,3,11,15,9.669457821646583
5,3,12,15,9.638155670793951
5,3,13,15,9.712410932248478
5,3,14,15,9.669538105872485
5,3,0,16,9.604172797855563
5,3,1,16,9.620597199608625
5,3,2,16,9.682525572351183
5,3,3,16,9.658331780995118
5,3,4,16,9.614462064266593
5,3,5,16,9.665873789782012
5,3,6,16,9.699556598156379
5,3,7,16,9.693618231119322
5,3,8,16,9.69560836193611
5,3,9,16,9.649819249824297
5,3,10,16,9.675585095117519
5,3,11,16,9.62078451376707
5,3,12,16,9.587936314385987
5,3,13,16,9.698647523298952
5,3,14,16,9.639612176404443
5,3,0,17,9.627544036506164
5,3,1,17,9.591388598609427
5,3,2,17,9.68700336642448
5,3,3,17,9.618461681467194
5,3,4,17,9.568535466954984
5,3,5,17,9.61056801007939
5,3,6,17,9.762798254871507
5,3,7,17,9.667452764734511
5,3,8,17,9.632377257532388
5,3,9,17,9.741428591398172
5,3,10,17,9.745255043819636
5,3,11,17,9.728623751715748
5,3,12,17,9.604571126965821
5,3,13,17,9.667642120802247
5,3,14,17,9.641312942463907
5,3,0,18,9.66635005264453
5,3,1,18,9.623157803629312
5,3,2,18,9.683631257824027
5,3,3,18,9.667426175914487
5,3,4,18,9.642271362569717
5,3,5,18,9.679773368641067
5,3,6,18,9.729631376355243
5,3,7,18,9.609513169230244
5,3,8,18,9.697009250830053
5,3,9,18,9.703777643052444
5,3,10,18,9.73357401352013
5,3,11,18,9.659542482606284
5,3,12,18,9.64997491560415
5,3,13,18,9.627646587605813
5,3,14,18,9.587713870704576
5,3,0,19,9.540418812416057
5,3,1,19,9.62253338384132
5,3,2,19,9.598974554826402
5,3,3,19,9.611713827694253
5,3,4,19,9.653513585133835
5,3,5,19,9.653876997350308
5,3,6,19,9.60513895920922
5,3,7,19,9.568759490367544
5,3,8,19,9.578473027106575
5,3,9,19,9.646639305757704
5,3,10,19,9.692757091367234
5,3,11,19,9.695330472159739
5,3,12,19,9.658433426963503
5,3,13,19,9.633991663189411
5,3,14,19,9.509491818425666
5,3,0,20,9.457883063654629
5,3,1,20,9.545158392219884
5,3,2,20,9.584044394883431
5,3,3,20,9.594536492559419
5,3,4,20,9.699914964303726
5,3,5,20,9.541636764421641
5,3,6,20,9.427256789156077
5,3,7,20,9.551035614794836
5,3,8,20,9.453857688007465
5,3,9,20,9.628353468661206
5,3,10,20,9.630257700264217
5,3,11,20,9.649102338207674
5,3,12,20,9.670152661399777
5,3,13,20,9.629317090593347
5,3,14,20,9.283700494971415
5,3,0,21,9.25714825669377
5,3,1,21,9.296165970458269
5,3,2,21,9.367840342765462
5,3,3,21,9.455324990863074
5,3,4,21,9.508523749393055
5,3,5,21,9.224208807180515
5,3,6,21,8.896811889260107
5,3,7,21,9.381804855390914
5,3,8,21,9.063974766152615
5,3,9,21,9.363836190231448
5,3,10,21,9.462943942843856
5,3,11,21,9.51414717885907
5,3,12,21,9.608134781993138
5,3,13,21,9.466686854153286
5,3,14,21,8.414241613130773
5,3,0,22,8.600056004860944
5,3,1,22,8.610163142684456
5,3,2,22,8.726132256858552
5,3,3,22,8.997944749727022
5,3,4,22,8.963653498230986
5,3,5,22,8.527091153937642
5,3,6,22,7.47151017391277
5,3,7,22,8.895039826179275
5,3,8,22,7.8692600268021655
5,3,9,22,8.636979892803035
5,3,10,22,8.845425252395524
5,3,11,22,9.026769633286486
5,3,12,22,9.321392976516135
5,3,13,22,8.882468929831154
5,3,14,22,6.389143181693909
5,4,0,0,9.560718606317995
5,4,1,0,9.654609107499795
5,4,2,0,9.696009705385812
5,4,3,0,9.643667553890717
5,4,4,0,9.609579341950168
5,4,5,0,9.712023768575138
5,4,6,0,9.530115709835213
5,4,7,0,9.71251065233031
5,4,8,0,9.699871121733112
5,4,9,0,9.646373326144756
5,4,10,0,9.698599618997573
5,4,11,0,9.694332088684908
5,4,12,0,9.615892208576675
5,4,13,0,9.66747930066301
5,4,14,0,9.649408504753742
5,4,0,1,9.635286267185736
5,4,1,1,9.664821916846254
5,4,2,1,9.644797243696189
5,4,3,1,9.76341966863749
5,4,4,1,9.641081379543811
5,4,5,1,9.572560139417389
5,4,6,1,9.600833401719887
5,4,7,1,9.758612060940347
5,4,8,1,9.713311518994633
5,4,9,1,9.626865995892151
5,4,10,1,9.670525841556248
5,4,11,1,9.663049884552565
5,4,12,1,9.689078931520152
5,4,13,1,9.572843217631103
5,4,14,1,9.628566807668545
5,4,0,2,9.648698791819513
5,4,1,2,9.666306891756319
5,4,2,2,9.627717585598374
5,4,3,2,9.693179151103308
5,4,4,2,9.701728262707602
5,4,5,2,9.604093062325468
5,4,6,2,9.596750368685019
5,4,7,2,9.78960334101129
5,4,8,2,9.679464687429823
5,4,9,2,9.640622810566535
5,4,10,2,9.68803784231072
5,4,11,2,9.67872544936522
5,4,12,2,9.637437027904083
5,4,13,2,9.619261077075157
5,4,14,2,9.61217048545397
5,4,0,3,9.7115012748307
5,4,1,3,9.722457709637636
5,4,2,3,9.709340948910363
5,4,3,3,9.763568572077956
5,4,4,3,9.73229778430259
5,4,5,3,9.664975537069232
5,4,6,3,9.584518295118867
5,4,7,3,9.649514031688742
5,4,8,3,9.617402693147595
5,4,9,3,9.671470738198199
5,4,10,3,9.68652871209618
5,4,11,3,9.606098845625683
5,4,12,3,9.612126699614322
5,4,13,3,9.624583985565907
5,4,14,3,9.5638275737348
5,4,0,4,9.683747225667318
5,4,1,4,9.547063393008127
5,4,2,4,9.668767570892527
5,4,3,4,9.711708451389649
5,4,4,4,9.689668130635352
5,4,5,4,9.674924961741342
5,4,6,4,9.590914499654936
5,4,7,4,9.653682480630147
5,4,8,4,9.556403374111873
5,4,9,4,9.647843678112883
5,4,10,4,9.651915949211315
5,4,11,4,9.627817058574772
5,4,12,4,9.590912629190454
5,4,13,4,9.617956637508826
5,4,14,4,9.58553347230777
5,4,0,5,9.716728701252325
5,4,1,5,9.563818341906469
5,4,2,5,9.812212780291308
5,4,3,5,9.693493277642585
5,4,4,5,9.69117028481952
5,4,5,5,9.707119680235367
5,4,6,5,9.597884809775998
5,4,7,5,9.683803871600743
5,4,8,5,9.616609473365951
5,4,9,5,9.605468445925753
5,4,10,5,9.603899819511037
5,4,11,5,9.588832102608674
5,4,12,5,9.602764993889853
5,4,13,5,9.68271278114966
5,4,14,5,9.512629340546242
5,4,0,6,9.727112222474334
5,4,1,6,9.59311226669244
5,4,2,6,9.77820212914875
5,4,3,6,9.73027051720409
5,4,4,6,9.65883823179051
5,4,5,6,9.703281993515308
5,4,6,6,9.68955533726985
5,4,7,6,9.736984679967906
5,4,8,6,9.476717108570034
5,4,9,6,9.568731814889954
5,4,10,6,9.627957588910908
5,4,11,6,9.690051066683697
5,4,12,6,9.572295745286652
5,4,13,6,9.694995739155152
5,4,14,6,9.576453830106997
5,4,0,7,9.686749742767697
5,4,1,7,9.605490588338226
5,4,2,7,9.733178876572893
5,4,3,7,9.706283741684626
5,4,4,7,9.607770345278674
5,4,5,7,9.732979550015058
5,4,6,7,9.65804423897715
5,4,7,7,9.7047842856437
5,4,8,7,9.66334182503189
5,4,9,7,9.551163043284935
5,4,10,7,9.697312399153349
5,4,11,7,9.68410152484191
5,4,12,7,9.596080139363526
5,4,13,7,9.69571769777471
5,4,14,7,9.53981901676585
5,4,0,8,9.72040216619857
5,4,1,8,9.630562049901265
5,4,2,8,9.74212946494136
5,4,3,8,9.717873525017069
5,4,4,8,9.613743749526451
5,4,5,8,9.681054824595167
5,4,6,8,9.661620249234058
5,4,7,8,9.602431629425908
5,4,8,8,9.595782600153376
5,4,9,8,9.638849916822675
5,4,10,8,9.65786695707577
5,4,11,8,9.746605798631979
5,4,12,8,9.616656951239749
5,4,13,8,9.727743418898868
5,4,14,8,9.579082026126322
5,4,0,9,9.698013033506273
5,4,1,9,9.693102067764473
5,4,2,9,9.758482765722569
5,4,3,9,9.682736345891303
5,4,4,9,9.617334103260836
5,4,5,9,9.65930281409586
5,4,6,9,9.634954867774578
5,4,7,9,9.637215409024076
5,4,8,9,9.58774395807517
5,4,9,9,9.654266532498205
5,4,10,9,9.64359710537491
5,4,11,9,9.747781552622232
5,4,12,9,9.637149094244357
5,4,13,9,9.723334541894028
5,4,14,9,9.580549780484613
5,4,0,10,9.712952092465303
5,4,1,10,9.714595958946399
5,4,2,10,9.730819309814263
5,4,3,10,9.650974536423128
5,4,4,10,9.541804723954268
5,4,5,10,9.670430785474279
5,4,6,10,9.651535870527452
5,4,7,10,9.64078285348469
5,4,8,10,9.616677545355982
5,4,9,10,9.736504938170745
5,4,10,10,9.616942813429313
5,4,11,10,9.736415480168242
5,4,12,10,9.627016830779535
5,4,13,10,9.762341639556466
5,4,14,10,9.618359558325173
5,4,0,11,9.712853127259976
5,4,1,11,9.704232009119142
5,4,2,11,9.690429851118674
5,4,3,11,9.630642778853609
5,4,4,11,9.592169400214452
5,4,5,11,9.667410655619726
5,4,6,11,9.739702761133527
5,4,7,11,9.676333145317345
5,4,8,11,9.643116400005248
5,4,9,11,9.66701260125022
5,4,10,11,9.657533071300215
5,4,11,11,9.737657072683868
5,4,12,11,9.669205192526887
5,4,13,11,9.70009166221257
5,4,14,11,9.572060245031974
5,4,0,12,9.744596610932305
5,4,1,12,9.693316991947453
5,4,2,12,9.703327906281036
5,4,3,12,9.70270349867067
5,4,4,12,9.66698503325934
5,4,5,12,9.808397395064423
5,4,6,12,9.715707076454835
5,4,7,12,9.683212914957602
5,4,8,12,9.586024224479235
5,4,9,12,9.616656311220412
5,4,10,12,9.654148795862291
5,4,11,12,9.677320074323104
5,4,12,12,9.706631636750407
5,4,13,12,9.696002022693998
5,4,14,12,9.629320848663545
5,4,0,13,9.804126603222437
5,4,1,13,9.678057157014077
5,4,2,13,9.742057465777853
5,4,3,13,9.66860079871199
5,4,4,13,9.739603330316466
5,4,5,13,9.745998350757992
5,4,6,13,9.6841834720631
5,4,7,13,9.782356330946136
5,4,8,13,9.75788233648281
5,4,9,13,9.679367747020722
5,4,10,13,9.6071661909067
5,4,11,13,9.587019167895034
5,4,12,13,9.671639486163542
5,4,13,13,9.765618287712526
5,4,14,13,9.625131641487508
5,4,0,14,9.744572924215722
5,4,1,14,9.661371388992594
5,4,2,14,9.706778445085602
5,4,3,14,9.666364541172477
5,4,4,14,9.763955918459224
5,4,5,14,9.732402429585779
5,4,6,14,9.669942680775748
5,4,7,14,9.750357115017248
5,4,8,14,9.673319276061381
5,4,9,14,9.749323419533816
5,4,10,14,9.578884520686636
5,4,11,14,9.577112054419718
5,4,12,14,9.688470784920487
5,4,13,14,9.825903735031693
5,4,14,14,9.674856873932297
5,4,0,15,9.698323563945593
5,4,1,15,9.675576455882377
5,4,2,15,9.66411375289437
5,4,3,15,9.652295050224698
5,4,4,15,9.761104976903074
5,4,5,15,9.795237923238277
5,4,6,15,9.590097332488162
5,4,7,15,9.722644601231158
5,4,8,15,9.711075501737826
5,4,9,15,9.848883729393421
5,4,10,15,9.632830002642544
5,4,11,15,9.620492440894584
5,4,12,15,9.628290328334023
5,4,13,15,9.826252285755782
5,4,14,15,9.724727253334974
5,4,0,16,9.584480911697744
5,4,1,16,9.62435419840139
5,4,2,16,9.618717104751738
5,4,3,16,9.743631365346774
5,4,4,16,9.731524152769406
5,4,5,16,9.709935853670927
5,4,6,16,9.802808254385955
5,4,7,16,9.673110162470804
5,4,8,16,9.679988953640773
5,4,9,16,9.79839845307202
5,4,10,16,9.595368228785485
5,4,11,16,9.555584381610329
5,4,12,16,9.630557199123855
5,4,13,16,9.715438697764409
5,4,14,16,9.731039192672288
5,4,0,17,9.665774603825335
5,4,1,17,9.58740232600568
5,4,2,17,9.627929333129593
5,4,3,17,9.69525159752889
5,4,4,17,9.728202513057091
5,4,5,17,9.71181453361018
5,4,6,17,9.740987346598976
5,4,7,17,9.737184515193873
5,4,8,17,9.677642173594753
5,4,9,17,9.734352773450139
5,4,10,17,9.574351288616057
5,4,11,17,9.667054145476326
5,4,12,17,9.656887428583396
5,4,13,17,9.71470238044741
5,4,14,17,9.698685217873418
5,4,0,18,9.643975264651974
5,4,1,18,9.673181111806194
5,4,2,18,9.58441714110251
5,4,3,18,9.67834363092655
5,4,4,18,9.683604127394888
5,4,5,18,9.686100567460745
5,4,6,18,9.571913824896495
5,4,7,18,9.671012449993015
5,4,8,18,9.650995946488761
5,4,9,18,9.584716725157502
5,4,10,18,9.659328421083393
5,4,11,18,9.58270348696574
5,4,12,18,9.634362873361589
5,4,13,18,9.586217594601244
5,4,14,18,9.801749790373938
5,4,0,19,9.568509750606047
5,4,1,19,9.645415190769391
5,4,2,19,9.624392780392666
5,4,3,19,9.62348276936078
5,4,4,19,9.52114580868982
5,4,5,19,9.462333013815824
5,4,6,19,9.549723531125759
5,4,7,19,9.62350929089211
5,4,8,19,9.618205043425078
5,4,9,19,9.406882980241106
5,4,10,19,9.612288981632455
5,4,11,19,9.572251334109563
5,4,12,19,9.591638252397026
5,4,13,19,9.502605243802973
5,4,14,19,9.675714132148237
5,4,0,20,9.477167871120168
5,4,1,20,9.581158705832552
5,4,2,20,9.554778252697927
5,4,3,20,9.403241388953733
5,4,4,20,9.236060459886787
5,4,5,20,8.86498870662075
5,4,6,20,9.262829130496824
5,4,7,20,9.59814347173484
5,4,8,20,9.53931467187128
5,4,9,20,8.836138469426155
5,4,10,20,9.575884227339555
5,4,11,20,9.37471625640517
5,4,12,20,9.55483631947079
5,4,13,20,9.330899768281485
5,4,14,20,9.549187337991519
5,4,0,21,9.390672746068898
5,4,1,21,9.37253520425561
5,4,2,21,9.49385996111807
5,4,3,21,8.94002272985619
5,4,4,21,7.983523414990449
5,4,5,21,7.5404982517381045
5,4,6,21,8.642988053819105
5,4,7,21,9.474950852987892
5,4,8,21,9.505512778199515
5,4,9,21,6.968149602117826
5,4,10,21,9.252986319314319
5,4,11,21,8.538949010687382
5,4,12,21,9.54720646403607
5,4,13,21,8.772490515009927
5,4,14,21,9.120097642557232
5,4,0,22,9.068627609548809
5,4,1,22,8.910476705799656
5,4,2,22,9.063867919118444
5,4,3,22,7.254114388565457
5,4,4,22,6.102200816062174
5,4,5,22,3.836774535757956
5,4,6,22,6.903814268255409
5,4,7,22,9.110034344141663
5,4,8,22,9.137667221630968
5,4,9,22,4.10785388087675
5,4,10,22,8.485958276506413
5,4,11,22,6.580037248392952
5,4,12,22,9.342447935396779
5,4,13,22,7.007830583345437
5,4,14,22,7.783921916141115
5,5,0,0,9.657266585905864
5,5,1,0,9.553837550272158
5,5,2,0,9.59705423460446
5,5,3,0,9.582303923285984
5,5,4,0,9.544316044382796
5,5,5,0,9.50908946125912
5,5,6,0,9.636241717881436
5,5,7,0,9.749410304371395
5,5,8,0,9.576498696507667
5,5,9,0,9.798885853028933
5,5,10,0,9.586032933298137
5,5,11,0,9.611700044287277
5,5,12,0,9.537578558668615
5,5,13,0,9.686016845775216
5,5,14,0,9.6833330360195
5,5,0,1,9.661103354293468
5,5,1,1,9.693689842704103
5,5,2,1,9.666128017821679
5,5,3,1,9.618934191889219
5,5,4,1,9.692256778019546
5,5,5,1,9.571891461257744
5,5,6,1,9.641796924327686
5,5,7,1,9.637200083615854
5,5,8,1,9.570583758184178
5,5,9,1,9.691534728226982
5,5,10,1,9.56926017606964
5,5,11,1,9.614261440418188
5,5,12,1,9.584789790799036
5,5,13,1,9.65763637993594
5,5,14,1,9.586444936566997
5,5,0,2,9.616726826151755
5,5,1,2,9.679660386180538
5,5,2,2,9.590375866155906
5,5,3,2,9.607941276539599
5,5,4,2,9.599640409099313
5,5,5,2,9.515995424411015
5,5,6,2,9.591832825725277
5,5,7,2,9.702138028580286
5,5,8,2,9.647387149328532
5,5,9,2,9.67343727409975
5,5,10,2,9.611506803538163
5,5,11,2,9.739255683133027
5,5,12,2,9.554062053377459
5,5,13,2,9.662901149543258
5,5,14,2,9.649572688795429
5,5,0,3,9.651446794241858
5,5,1,3,9.744155876467063
5,5,2,3,9.595086451567822
5,5,3,3,9.580566936479904
5,5,4,3,9.742517580665135
5,5,5,3,9.500569012000382
5,5,6,3,9.62039549791522
5,5,7,3,9.664474623533874
5,5,8,3,9.63324403011134
5,5,9,3,9.700332232424165
5,5,10,3,9.616208534555593
5,5,11,3,9.79417303413057
5,5,12,3,9.635033730470193
5,5,13,3,9.59400890200906
5,5,14,3,9.61453318055836
5,5,0,4,9.666229462067399
5,5,1,4,9.661834568161343
5,5,2,4,9.610156940232324
5,5,3,4,9.7047467899599
5,5,4,4,9.703289837596493
5,5,5,4,9.50372386172315
5,5,6,4,9.683376110407016
5,5,7,4,9.603390049385332
5,5,8,4,9.705231715915957
5,5,9,4,9.69857024064275
5,5,10,4,9.556758096739326
5,5,11,4,9.700709077665467
5,5,12,4,9.681617801574586
5,5,13,4,9.571563491827288
5,5,14,4,9.719947984210409
5,5,0,5,9.612895895838243
5,5,1,5,9.646563077581801
5,5,2,5,9.591740737792774
5,5,3,5,9.660646283740613
5,5,4,5,9.671100645162984
5,5,5,5,9.592874157459924
5,5,6,5,9.695578475133082
5,5,7,5,9.62137519578029
5,5,8,5,9.692326277738724
5,5,9,5,9.664886589327844
5,5,10,5,9.526369669533084
5,5,11,5,9.628751514691027
5,5,12,5,9.650479613974511
5,5,13,5,9.569954454570901
5,5,14,5,9.690750572259407
5,5,0,6,9.732726840200922
5,5,1,6,9.631603751527999
5,5,2,6,9.631383508515878
5,5,3,6,9.734824417966767
5,5,4,6,9.663410179170262
5,5,5,6,9.735855460912745
5,5,6,6,9.631090638985343
5,5,7,6,9.65688345330744
5,5,8,6,9.700839658238817
5,5,9,6,9.651119564173698
5,5,10,6,9.567193137716458
5,5,11,6,9.684495886406998
5,5,12,6,9.711858203943825
5,5,13,6,9.553874533594552
5,5,14,6,9.704942513539823
5,5,0,7,9.65035694917561
5,5,1,7,9.646076336760538
5,5,2,7,9.6166074712359
5,5,3,7,9.629584724943303
5,5,4,7,9.579778081187076
5,5,5,7,9.65814616454494
5,5,6,7,9.691701300760675
5,5,7,7,9.670190851412164
5,5,8,7,9.660158773289607
5,5,9,7,9.546288187851822
5,5,10,7,9.63540929662532
5,5,11,7,9.68220628871015
5,5,12,7,9.640318914042656
5,5,13,7,9.507905277412787
5,5,14,7,9.738241514954332
5,5,0,8,9.713291406288315
5,5,1,8,9.626952401498269
5,5,2,8,9.654301122634623
5,5,3,8,9.681683557480275
5,5,4,8,9.762232332916883
5,5,5,8,9.632095590850989
5,5,6,8,9.59606516864622
5,5,7,8,9.567365427652406
5,5,8,8,9.651666034685892
5,5,9,8,9.51203193787804
5,5,10,8,9.62960600141548
5,5,11,8,9.648808294638227
5,5,12,8,9.6634114391314
5,5,13,8,9.491232275376541
5,5,14,8,9.604948766228706
5,5,0,9,9.79173419774481
5,5,1,9,9.601099653669895
5,5,2,9,9.575309951235784
5,5,3,9,9.596739157154724
5,5,4,9,9.722122791199178
5,5,5,9,9.64953975124467
5,5,6,9,9.700538585032268
5,5,7,9,9.62982422591233
5,5,8,9,9.633649095876214
5,5,9,9,9.513584311715132
5,5,10,9,9.656111305416381
5,5,11,9,9.692019810321543
5,5,12,9,9.62487274542282
5,5,13,9,9.593731007374366
5,5,14,9,9.703294407782751
5,5,0,10,9.704605639917105
5,5,1,10,9.63867665849862
5,5,2,10,9.5963396763412
5,5,3,10,9.609956003035485
5,5,4,10,9.725297567187399
5,5,5,10,9.647712722574454
5,5,6,10,9.632018367807614
5,5,7,10,9.628999263725701
5,5,8,10,9.697579904306856
5,5,9,10,9.593663101838372
5,5,10,10,9.582609912745538
5,5,11,10,9.641166352078052
5,5,12,10,9.655592302550746
5,5,13,10,9.597608725118285
5,5,14,10,9.520715652220357
5,5,0,11,9.696732743551019
5,5,1,11,9.61886998841918
5,5,2,11,9.694983858888323
5,5,3,11,9.691243026407014
5,5,4,11,9.690339276140302
5,5,5,11,9.640868103562717
5,5,6,11,9.679355082743925
5,5,7,11,9.580247781937558
5,5,8,11,9.597103906845641
5,5,9,11,9.610865170552136
5,5,10,11,9.616794273747836
5,5,11,11,9.612861709307378
5,5,12,11,9.725334923508706
5,5,13,11,9.657844399454008
5,5,14,11,9.610637983446354
5,5,0,12,9.699687482081131
5,5,1,12,9.731866590587398
5,5,2,12,9.747410194044958
5,5,3,12,9.7710570827002
5,5,4,12,9.640790829007178
5,5,5,12,9.650992937886068
5,5,6,12,9.651842842340901
5,5,7,12,9.546693343791867
5,5,8,12,9.663940728925187
5,5,9,12,9.655322324825088
5,5,10,12,9.544900212849994
5,5,11,12,9.62553996631982
5,5,12,12,9.768746625719817
5,5,13,12,9.590819105203149
5,5,14,12,9.611077545887595
5,5,0,13,9.692373289201434
5,5,1,13,9.730531839214468
5,5,2,13,9.695130064966724
5,5,3,13,9.708737095571099
5,5,4,13,9.678545897202635
5,5,5,13,9.698370730173371
5,5,6,13,9.56068206807656
5,5,7,13,9.574408587840198
5,5,8,13,9.636213516435514
5,5,9,13,9.66945046812185
5,5,10,13,9.546014044111306
5,5,11,13,9.69484867503466
5,5,12,13,9.720452884202132
5,5,13,13,9.684699951997029
5,5,14,13,9.707506265193226
5,5,0,14,9.743756106325712
5,5,1,14,9.731948715833772
5,5,2,14,9.593247560591378
5,5,3,14,9.731612897769367
5,5,4,14,9.590760256245211
5,5,5,14,9.675693908796287
5,5,6,14,9.770781758888509
5,5,7,14,9.60305395026715
5,5,8,14,9.606667523296355
5,5,9,14,9.679956502362318
5,5,10,14,9.736012394413317
5,5,11,14,9.573521614785603
5,5,12,14,9.70089866697482
5,5,13,14,9.633650585515307
5,5,14,14,9.609430308956151
5,5,0,15,9.758792107272948
5,5,1,15,9.803774510722103
5,5,2,15,9.726099651137805
5,5,3,15,9.679955925005688
5,5,4,15,9.629762070870614
5,5,5,15,9.650996702591783
5,5,6,15,9.775981485426653
5,5,7,15,9.604133111990505
5,5,8,15,9.598646234253572
5,5,9,15,9.734497673235191
5,5,10,15,9.618521572853053
5,5,11,15,9.65218512093245
5,5,12,15,9.652202502948626
5,5,13,15,9.641148061919564
5,5,14,15,9.644896681427031
5,5,0,16,9.767264387544351
5,5,1,16,9.666838644771579
5,5,2,16,9.634210367899199
5,5,3,16,9.670723523712292
5,5,4,16,9.646841611824502
5,5,5,16,9.658633185189109
5,5,6,16,9.756221367751694
5,5,7,16,9.627506035741087
5,5,8,16,9.717194565369583
5,5,9,16,9.761921584113505
5,5,10,16,9.635990420018489
5,5,11,16,9.63393704093958
5,5,12,16,9.67925568382114
5,5,13,16,9.71731614315525
5,5,14,16,9.656389890694062
5,5,0,17,9.669503669506405
5,5,1,17,9.698262254833399
5,5,2,17,9.699010529488238
5,5,3,17,9.604952424703416
5,5,4,17,9.688808218462881
5,5,5,17,9.636330066916402
5,5,6,17,9.748362531129356
5,5,7,17,9.595279406324016
5,5,8,17,9.630172328770161
5,5,9,17,9.651365494615241
5,5,10,17,9.617849531274604
5,5,11,17,9.627882774303323
5,5,12,17,9.557959738005628
5,5,13,17,9.737963937332788
5,5,14,17,9.662185358074497
5,5,0,18,9.733396497116962
5,5,1,18,9.718913462283183
5,5,2,18,9.686296961815227
5,5,3,18,9.702040949166209
5,5,4,18,9.671023610285362
5,5,5,18,9.536567693624958
5,5,6,18,9.673567689735812
5,5,7,18,9.711488878628888
5,5,8,18,9.641326680779517
5,5,9,18,9.6643994797537
5,5,10,18,9.653992896045684
5,5,11,18,9.615030403950593
5,5,12,18,9.571046603972878
5,5,13,18,9.601447826776472
5,5,14,18,9.602807649802847
5,5,0,19,9.74730190688436
5,5,1,19,9.666778871270488
5,5,2,19,9.620547044879736
5,5,3,19,9.611571047818302
5,5,4,19,9.554673593321425
5,5,5,19,9.540728624394417
5,5,6,19,9.642460062936571
5,5,7,19,9.596829136152119
5,5,8,19,9.700137905751731
5,5,9,19,9.609226282694435
5,5,10,19,9.608805212724898
5,5,11,19,9.540934072989526
5,5,12,19,9.446517024490378
5,5,13,19,9.611956366607915
5,5,14,19,9.579393439662276
5,5,0,20,9.68807408216698
5,5,1,20,9.560842763063443
5,5,2,20,9.60737035746372
5,5,3,20,9.563340483624039
5,5,4,20,9.12112745436521
5,5,5,20,9.511376704997659
5,5,6,20,9.466935394431871
5,5,7,20,9.504693317619928
5,5,8,20,9.601741302406442
5,5,9,20,9.580632852902315
5,5,10,20,9.525851004459467
5,5,11,20,9.544144062159523
5,5,12,20,8.78504741214853
5,5,13,20,9.614164169946246
5,5,14,20,9.53538810800413
5,5,0,21,9.524878180586565
5,5,1,21,9.426789478939858
5,5,2,21,9.460012048399077
5,5,3,21,9.264047190271668
5,5,4,21,7.621608500185522
5,5,5,21,9.236628537554136
5,5,6,21,8.771374571364841
5,5,7,21,9.209856034079436
5,5,8,21,9.34065016687671
5,5,9,21,9.40033691266706
5,5,10,21,9.215869187379383
5,5,11,21,9.455045069401587
5,5,12,21,7.330895527784217
5,5,13,21,9.295004575466137
5,5,14,21,9.417104068083102
5,5,0,22,9.156164092337555
5,5,1,22,8.740807855637286
5,5,2,22,8.790169450868616
5,5,3,22,8.250657302446337
5,5,4,22,5.047712976841505
5,5,5,22,8.57295298307179
5,5,6,22,7.409404153339326
5,5,7,22,8.4511763413392
5,5,8,22,8.79483273259226
5,5,9,22,8.9276301673589
5,5,10,22,8.085630801758025
5,5,11,22,8.759211361389424
5,5,12,22,4.290993509887092
5,5,13,22,8.698123859350634
5,5,14,22,8.893760575932214
5,6,0,0,9.66173852730149
5,6,1,0,9.594477794589304
5,6,2,0,9.653021220691782
5,6,3,0,9.50703345487283
5,6,4,0,9.591403494127958
5,6,5,0,9.715185165792871
5,6,6,0,9.630417704138884
5,6,7,0,9.538791859647503
5,6,8,0,9.636112649483225
5,6,9,0,9.589601265532991
5,6,10,0,9.52493424099954
5,6,11,0,9.639907030864281
5,6,12,0,9.666045882852016
5,6,13,0,9.663529814106393
5,6,14,0,9.54970446487048
5,6,0,1,9.70203706112167
5,6,1,1,9.588087727491235
5,6,2,1,9.643407625320249
5,6,3,1,9.599045480721221
5,6,4,1,9.49707312999121
5,6,5,1,9.75841161356415
5,6,6,1,9.624609630549541
5,6,7,1,9.630496444707244
5,6,8,1,9.678749796848352
5,6,9,1,9.632331814277002
5,6,10,1,9.510825729589428
5,6,11,1,9.623574129928237
5,6,12,1,9.620166074706423
5,6,13,1,9.681606229054871
5,6,14,1,9.593069495530381
5,6,0,2,9.686377132594544
5,6,1,2,9.60566378425781
5,6,2,2,9.604482811929126
5,6,3,2,9.659510168600827
5,6,4,2,9.626901548845066
5,6,5,2,9.76038040351302
5,6,6,2,9.6615098483606
5,6,7,2,9.720905172501233
5,6,8,2,9.677650589379022
5,6,9,2,9.613756835498393
5,6,10,2,9.537105801378978
5,6,11,2,9.625342100192235
5,6,12,2,9.6643189044646
5,6,13,2,9.681279198135465
5,6,14,2,9.71338808997381
5,6,0,3,9.680862929356802
5,6,1,3,9.519712617613601
5,6,2,3,9.541340427304897
5,6,3,3,9.597063630866392
5,6,4,3,9.701523687582426
5,6,5,3,9.59178863145801
5,6,6,3,9.61964892164722
5,6,7,3,9.771406265017157
5,6,8,3,9.644049830017353
5,6,9,3,9.666547776926924
5,6,10,3,9.61141300379762
5,6,11,3,9.563166811307982
5,6,12,3,9.679018462934678
5,6,13,3,9.739342058480002
5,6,14,3,9.622581637082254
5,6,0,4,9.855695124041517
5,6,1,4,9.610964757008569
5,6,2,4,9.588404720699915
5,6,3,4,9.631347540777114
5,6,4,4,9.7168753925525
5,6,5,4,9.622544761120512
5,6,6,4,9.713065216806847
5,6,7,4,9.709737900499213
5,6,8,4,9.636055243843437
5,6,9,4,9.696216377720978
5,6,10,4,9.58288973573736
5,6,11,4,9.606437582779849
5,6,12,4,9.630727830072562
5,6,13,4,9.708160708338585
5,6,14,4,9.647854092216198
5,6,0,5,9.66277475668253
5,6,1,5,9.62499811666141
5,6,2,5,9.577111162647729
5,6,3,5,9.65993724613326
5,6,4,5,9.653505928177722
5,6,5,5,9.54265449452312
5,6,6,5,9.620843831415842
5,6,7,5,9.70371086568603
5,6,8,5,9.566395894618942
5,6,9,5,9.732462012232093
5,6,10,5,9.498442337067749
5,6,11,5,9.64830445820064
5,6,12,5,9.69483056588813
5,6,13,5,9.634622998409693
5,6,14,5,9.671700578070539
5,6,0,6,9.782689531460143
5,6,1,6,9.599809108990417
5,6,2,6,9.655461847300105
5,6,3,6,9.689778485890288
5,6,4,6,9.573592347319941
5,6,5,6,9.458466783235936
5,6,6,6,9.58456236191557
5,6,7,6,9.662241721426186
5,6,8,6,9.58629436952881
5,6,9,6,9.67306471034558
5,6,10,6,9.669998548889675
5,6,11,6,9.712818972944058
5,6,12,6,9.483232057582402
5,6,13,6,9.691460747394292
5,6,14,6,9.611279713227892
5,6,0,7,9.68772546609322
5,6,1,7,9.584054235567686
5,6,2,7,9.702613161742194
5,6,3,7,9.563887796393809
5,6,4,7,9.621438730263971
5,6,5,7,9.635007118651476
5,6,6,7,9.590621416277116
5,6,7,7,9.723503075143846
5,6,8,7,9.617591407780118
5,6,9,7,9.738678804886542
5,6,10,7,9.668082749376955
5,6,11,7,9.692278695388687
5,6,12,7,9.577616011167349
5,6,13,7,9.640024802241772
5,6,14,7,9.733401408855354
5,6,0,8,9.75245817126316
5,6,1,8,9.621079529354585
5,6,2,8,9.709927015085245
5,6,3,8,9.550472036820254
5,6,4,8,9.610228998448271
5,6,5,8,9.668514674531563
5,6,6,8,9.55702804865189
5,6,7,8,9.716868736752502
5,6,8,8,9.683078594956935
5,6,9,8,9.64127468563893
5,6,10,8,9.618040300600047
5,6,11,8,9.723797000440229
5,6,12,8,9.638050471223183
5,6,13,8,9.605672181648542
5,6,14,8,9.747296354589999
5,6,0,9,9.699334705346935
5,6,1,9,9.662949602544742
5,6,2,9,9.818382008650156
5,6,3,9,9.599511479930882
5,6,4,9,9.60240167961649
5,6,5,9,9.546407555740133
5,6,6,9,9.680309855148296
5,6,7,9,9.739406471972224
5,6,8,9,9.662759531256366
5,6,9,9,9.640953055130167
5,6,10,9,9.715029732705428
5,6,11,9,9.665720986020506
5,6,12,9,9.594754838623407
5,6,13,9,9.637108014152425
5,6,14,9,9.599123500040136
5,6,0,10,9.63086414189015
5,6,1,10,9.572315933956885
5,6,2,10,9.755402748758318
5,6,3,10,9.606272942135751
5,6,4,10,9.536373330696808
5,6,5,10,9.641959260451323
5,6,6,10,9.589099427475434
5,6,7,10,9.744214131416319
5,6,8,10,9.622009399574193
5,6,9,10,9.691398843914044
5,6,10,10,9.692720292960788
5,6,11,10,9.668760208417877
5,6,12,10,9.656489803292528
5,6,13,10,9.63505585691685
5,6,14,10,9.753455940319766
5,6,0,11,9.636398542846704
5,6,1,11,9.700440351726085
5,6,2,11,9.761809578385622
5,6,3,11,9.68854963306654
5,6,4,11,9.533300669480381
5,6,5,11,9.598834671641056
5,6,6,11,9.569423787892035
5,6,7,11,9.744814511026085
5,6,8,11,9.593524882359564
5,6,9,11,9.640986803898539
5,6,10,11,9.73849206520378
5,6,11,11,9.661330679997862
5,6,12,11,9.640333339562757
5,6,13,11,9.65409498734071
5,6,14,11,9.687560035130279
5,6,0,12,9.582864215754267
5,6,1,12,9.699845254110933
5,6,2,12,9.704166100425217
5,6,3,12,9.742420780043133
5,6,4,12,9.662844825228868
5,6,5,12,9.654990439830556
5,6,6,12,9.660883745618532
5,6,7,12,9.706856952239377
5,6,8,12,9.581122987373192
5,6,9,12,9.66304747812768
5,6,10,12,9.648748160668704
5,6,11,12,9.72101748462645
5,6,12,12,9.640591049543119
5,6,13,12,9.645116301723743
5,6,14,12,9.641563964712912
5,6,0,13,9.533216814474304
5,6,1,13,9.62791171818677
5,6,2,13,9.663175816595269
5,6,3,13,9.672375642812009
5,6,4,13,9.623331671700877
5,6,5,13,9.555268283289099
5,6,6,13,9.673975773059366
5,6,7,13,9.747794902954338
5,6,8,13,9.473965533214354
5,6,9,13,9.76992549289633
5,6,10,13,9.736515900889039
5,6,11,13,9.721005974331403
5,6,12,13,9.653584776107637
5,6,13,13,9.763455235466608
5,6,14,13,9.579972814140968
5,6,0,14,9.576106387350313
5,6,1,14,9.621169864538953
5,6,2,14,9.75029126518546
5,6,3,14,9.643045992970283
5,6,4,14,9.59564432836248
5,6,5,14,9.651321048791162
5,6,6,14,9.74643642081761
5,6,7,14,9.635215698614854
5,6,8,14,9.563751735526287
5,6,9,14,9.785785970453647
5,6,10,14,9.711802584665275
5,6,11,14,9.673753649281016
5,6,12,14,9.578843851859485
5,6,13,14,9.611626273182875
5,6,14,14,9.62169371817206
5,6,0,15,9.538707191181686
5,6,1,15,9.56239783998619
5,6,2,15,9.700641469141104
5,6,3,15,9.564450308542607
5,6,4,15,9.528031383164764
5,6,5,15,9.594485043291035
5,6,6,15,9.698238896967004
5,6,7,15,9.731558381067423
5,6,8,15,9.63945618616127
5,6,9,15,9.640182658272627
5,6,10,15,9.664754544945385
5,6,11,15,9.679443701181217
5,6,12,15,9.584857561269255
5,6,13,15,9.744261858381986
5,6,14,15,9.586062545927978
5,6,0,16,9.617637254372823
5,6,1,16,9.667663781216874
5,6,2,16,9.594972037332592
5,6,3,16,9.528780012347672
5,6,4,16,9.548046610158654
5,6,5,16,9.628238700648511
5,6,6,16,9.761519733968878
5,6,7,16,9.631063874655348
5,6,8,16,9.614830325789997
5,6,9,16,9.703493644304995
5,6,10,16,9.579083406848975
5,6,11,16,9.653234478292447
5,6,12,16,9.554996426054734
5,6,13,16,9.706990169316335
5,6,14,16,9.594658356390584
5,6,0,17,9.62896070807849
5,6,1,17,9.572179061971795
5,6,2,17,9.674705310855618
5,6,3,17,9.530311472573258
5,6,4,17,9.517213728700414
5,6,5,17,9.700964627384948
5,6,6,17,9.724014769794193
5,6,7,17,9.625425476892483
5,6,8,17,9.56367295744574
5,6,9,17,9.575664069777444
5,6,10,17,9.595171791809094
5,6,11,17,9.624752730890226
5,6,12,17,9.628368563580297
5,6,13,17,9.678512970774703
5,6,14,17,9.663851810076844
5,6,0,18,9.632335575034606
5,6,1,18,9.633933190773572
5,6,2,18,9.711284129064238
5,6,3,18,9.613250686856203
5,6,4,18,9.478369080918126
5,6,5,18,9.636454020580171
5,6,6,18,9.730670178886957
5,6,7,18,9.596560147340968
5,6,8,18,9.528947471397291
5,6,9,18,9.620503896013592
5,6,10,18,9.592717954100085
5,6,11,18,9.662471077459717
5,6,12,18,9.548158692634855
5,6,13,18,9.701711955095865
5,6,14,18,9.607398295464623
5,6,0,19,9.615484751739237
5,6,1,19,9.607135018861847
5,6,2,19,9.725366610968505
5,6,3,19,9.640858066110408
5,6,4,19,9.046587002114574
5,6,5,19,9.618748723882094
5,6,6,19,9.71875864428685
5,6,7,19,9.572220113840368
5,6,8,19,9.626682932087034
5,6,9,19,9.588520312510939
5,6,10,19,9.584826748914844
5,6,11,19,9.651396070938235
5,6,12,19,9.561309957054366
5,6,13,19,9.672141242005878
5,6,14,19,9.609103521281277
5,6,0,20,9.610644817703495
5,6,1,20,9.608558633950473
5,6,2,20,9.579650610204062
5,6,3,20,9.623434606239789
5,6,4,20,8.100428106725479
5,6,5,20,9.471952784179912
5,6,6,20,9.538562989529503
5,6,7,20,9.458163216712013
5,6,8,20,9.599738329378441
5,6,9,20,9.366591017282461
5,6,10,20,9.528652993278975
5,6,11,20,9.55599767301986
5,6,12,20,9.484845424474582
5,6,13,20,9.635517574312814
5,6,14,20,9.470765178697544
5,6,0,21,9.385773098594086
5,6,1,21,9.50143228801857
5,6,2,21,9.427670399323151
5,6,3,21,9.174424459120774
5,6,4,21,5.578285457139481
5,6,5,21,8.868672687930966
5,6,6,21,9.194990436469187
5,6,7,21,9.222733932590812
5,6,8,21,9.344293685866736
5,6,9,21,8.66678580892699
5,6,10,21,9.124613708924612
5,6,11,21,9.181280141275092
5,6,12,21,9.29019505872488
5,6,13,21,9.499606202335062
5,6,14,21,8.92564953119535
5,6,0,22,8.792776715631684
5,6,1,22,9.110547626815638
5,6,2,22,8.857512747874825
5,6,3,22,8.031022770696334
5,6,4,22,1.6080448218495345
5,6,5,22,7.518149950959332
5,6,6,22,8.224187095381017
5,6,7,22,8.311562990868538
5,6,8,22,8.629073045045997
5,6,9,22,7.363022520909019
5,6,10,22,8.229502638968277
5,6,11,22,8.362940416260818
5,6,12,22,8.595002054539234
5,6,13,22,8.907733258770596
5,6,14,22,7.2194245079693795
5,7,0,0,9.706041421494728
5,7,1,0,9.721436118944895
5,7,2,0,9.704144539328393
5,7,3,0,9.614424660238381
5,7,4,0,9.724810392081398
5,7,5,0,9.651029427422134
5,7,6,0,9.541258857735333
5,7,7,0,9.61449662475599
5,7,8,0,9.744737595901128
5,7,9,0,9.712418540710958
5,7,10,0,9.572101206408156
5,7,11,0,9.645955218778374
5,7,12,0,9.6383215583576
5,7,13,0,9.636215870085366
5,7,14,0,9.674967650379234
5,7,0,1,9.716849957677706
5,7,1,1,9.694093878083091
5,7,2,1,9.682388781685361
5,7,3,1,9.479042882091536
5,7,4,1,9.761478204486187
5,7,5,1,9.65925694062226
5,7,6,1,9.664159468593436
5,7,7,1,9.626680356112265
5,7,8,1,9.650003595306407
5,7,9,1,9.797212256847743
5,7,10,1,9.595127928355428
5,7,11,1,9.702064564288952
5,7,12,1,9.54077258991686
5,7,13,1,9.696845215117447
5,7,14,1,9.725255486664574
5,7,0,2,9.55268975311258
5,7,1,2,9.68823864711947
5,7,2,2,9.697421307573885
5,7,3,2,9.554921018573959
5,7,4,2,9.657224305014317
5,7,5,2,9.579440513327256
5,7,6,2,9.707823233972233
5,7,7,2,9.696398409292772
5,7,8,2,9.753770105338988
5,7,9,2,9.766630027342002
5,7,10,2,9.536194083288017
5,7,11,2,9.723146699104936
5,7,12,2,9.653958628797174
5,7,13,2,9.763220792332303
5,7,14,2,9.699879217653857
5,7,0,3,9.578476223709233
5,7,1,3,9.722823709473733
5,7,2,3,9.727878010999527
5,7,3,3,9.672777492745597
5,7,4,3,9.549612479705301
5,7,5,3,9.685646657872471
5,7,6,3,9.71176443971633
5,7,7,3,9.646736301428529
5,7,8,3,9.6113202568082
5,7,9,3,9.67152675305888
5,7,10,3,9.57964471191111
5,7,11,3,9.644831859708027
5,7,12,3,9.504087429735014
5,7,13,3,9.634079617914427
5,7,14,3,9.713794201909204
5,7,0,4,9.560903895961003
5,7,1,4,9.676900198227225
5,7,2,4,9.70173535310402
5,7,3,4,9.643695581472453
5,7,4,4,9.517504377910859
5,7,5,4,9.656093550060804
5,7,6,4,9.682904279689346
5,7,7,4,9.602223834396156
5,7,8,4,9.490682683597994
5,7,9,4,9.676298904147757
5,7,10,4,9.582484269282807
5,7,11,4,9.629561035247075
5,7,12,4,9.55857584333225
5,7,13,4,9.656468315483016
5,7,14,4,9.764124545498998
5,7,0,5,9.610616447432745
5,7,1,5,9.66228018167234
5,7,2,5,9.712245206114153
5,7,3,5,9.576042791505309
5,7,4,5,9.550466568575116
5,7,5,5,9.532365932326435
5,7,6,5,9.618626029189066
5,7,7,5,9.572862694425664
5,7,8,5,9.648286300430843
5,7,9,5,9.631118112613157
5,7,10,5,9.476652761368364
5,7,11,5,9.575266200514976
5,7,12,5,9.61551296295215
5,7,13,5,9.598828159771841
5,7,14,5,9.647431663394903
5,7,0,6,9.647790026896448
5,7,1,6,9.76377182092469
5,7,2,6,9.610073583891765
5,7,3,6,9.6617334751533
5,7,4,6,9.528834048623374
5,7,5,6,9.641968373847051
5,7,6,6,9.539029403877057
5,7,7,6,9.667664123703531
5,7,8,6,9.686861652357724
5,7,9,6,9.765302093167948
5,7,10,6,9.589437012894448
5,7,11,6,9.560631403982791
5,7,12,6,9.602663765753636
5,7,13,6,9.666040044622736
5,7,14,6,9.806747753293926
5,7,0,7,9.698920786446479
5,7,1,7,9.670396305528993
5,7,2,7,9.606185865745866
5,7,3,7,9.626273436619739
5,7,4,7,9.694749223024772
5,7,5,7,9.683036278049665
5,7,6,7,9.549214183647765
5,7,7,7,9.682154263673487
5,7,8,7,9.662431515600147
5,7,9,7,9.726647689062561
5,7,10,7,9.630415966422355
5,7,11,7,9.540311119893309
5,7,12,7,9.693734404309643
5,7,13,7,9.657671142302888
5,7,14,7,9.628149293018868
5,7,0,8,9.673263403616543
5,7,1,8,9.712223999008163
5,7,2,8,9.581844986883759
5,7,3,8,9.67751144212017
5,7,4,8,9.639061393177181
5,7,5,8,9.604259651974509
5,7,6,8,9.568476624846458
5,7,7,8,9.686784658077732
5,7,8,8,9.640154423965047
5,7,9,8,9.620602657390709
5,7,10,8,9.706928006292138
5,7,11,8,9.509069554869379
5,7,12,8,9.71298702133142
5,7,13,8,9.59438269027966
5,7,14,8,9.739665492590806
5,7,0,9,9.61310291744338
5,7,1,9,9.635096130964254
5,7,2,9,9.750645291604656
5,7,3,9,9.669882983333482
5,7,4,9,9.59839096167728
5,7,5,9,9.632074076675142
5,7,6,9,9.64046316225021
5,7,7,9,9.670391321401935
5,7,8,9,9.687918768224016
5,7,9,9,9.616997772256981
5,7,10,9,9.67410035376367
5,7,11,9,9.405072206505897
5,7,12,9,9.692512968703708
5,7,13,9,9.607483134329296
5,7,14,9,9.736324763037752
5,7,0,10,9.679364211212796
5,7,1,10,9.711344610602412
5,7,2,10,9.632396560367594
5,7,3,10,9.623190458321151
5,7,4,10,9.632318613739278
5,7,5,10,9.709661340492056
5,7,6,10,9.632033848628936
5,7,7,10,9.713854801013156
5,7,8,10,9.71017058164108
5,7,9,10,9.614639308642538
5,7,10,10,9.72394665033534
5,7,11,10,9.622829173239445
5,7,12,10,9.62919689102004
5,7,13,10,9.668344218941977
5,7,14,10,9.741452150039688
5,7,0,11,9.596761821106247
5,7,1,11,9.675298471394093
5,7,2,11,9.751265061527672
5,7,3,11,9.68420968162905
5,7,4,11,9.626268098588746
5,7,5,11,9.704692596987115
5,7,6,11,9.667213283753036
5,7,7,11,9.635723445509676
5,7,8,11,9.65286158826085
5,7,9,11,9.709609359891395
5,7,10,11,9.695964801376535
5,7,11,11,9.580295413896234
5,7,12,11,9.68400174751689
5,7,13,11,9.578721052726722
5,7,14,11,9.737279415756946
5,7,0,12,9.662968645422243
5,7,1,12,9.60137423884114
5,7,2,12,9.684210843171162
5,7,3,12,9.669457385630704
5,7,4,12,9.709718333109846
5,7,5,12,9.635854770032001
5,7,6,12,9.740032691506798
5,7,7,12,9.730325024535357
5,7,8,12,9.647614786360846
5,7,9,12,9.638635136604444
5,7,10,12,9.693364701518352
5,7,11,12,9.537202397470521
5,7,12,12,9.72705465690628
5,7,13,12,9.517523082195986
5,7,14,12,9.659474010222075
5,7,0,13,9.637555739179863
5,7,1,13,9.633364893589075
5,7,2,13,9.659552374584388
5,7,3,13,9.702984126613234
5,7,4,13,9.728625161107967
5,7,5,13,9.611198061315145
5,7,6,13,9.7059653266046
5,7,7,13,9.65130765566977
5,7,8,13,9.633345618931246
5,7,9,13,9.570520026766566
5,7,10,13,9.696647095652771
5,7,11,13,9.493173988463214
5,7,12,13,9.624162060693903
5,7,13,13,9.662455556098635
5,7,14,13,9.639746783934713
5,7,0,14,9.667982851900799
5,7,1,14,9.58295827676783
5,7,2,14,9.669877022986613
5,7,3,14,9.67470279675892
5,7,4,14,9.684793140263169
5,7,5,14,9.63091975239769
5,7,6,14,9.596049205727805
5,7,7,14,9.648345770772108
5,7,8,14,9.590529125303423
5,7,9,14,9.685571768746579
5,7,10,14,9.747678028072894
5,7,11,14,9.618963260485092
5,7,12,14,9.748300706479037
5,7,13,14,9.59559296130282
5,7,14,14,9.68816951711617
5,7,0,15,9.716711257870898
5,7,1,15,9.686123419174976
5,7,2,15,9.730471097217366
5,7,3,15,9.663524479705787
5,7,4,15,9.683579467246922
5,7,5,15,9.639917049664058
5,7,6,15,9.579271831308828
5,7,7,15,9.663683785589475
5,7,8,15,9.539870782580698
5,7,9,15,9.613665033297071
5,7,10,15,9.63159217051272
5,7,11,15,9.597854159301098
5,7,12,15,9.686354015167966
5,7,13,15,9.509278235631664
5,7,14,15,9.641502810562956
5,7,0,16,9.767129537549447
5,7,1,16,9.587808931585533
5,7,2,16,9.636077246246455
5,7,3,16,9.65695589614925
5,7,4,16,9.636700490908204
5,7,5,16,9.655009455648408
5,7,6,16,9.577802779024104
5,7,7,16,9.722424672023454
5,7,8,16,9.629264592532818
5,7,9,16,9.613441239036616
5,7,10,16,9.689921596335695
5,7,11,16,9.532311149048896
5,7,12,16,9.690474983390695
5,7,13,16,9.569132851846845
5,7,14,16,9.643090909961684
5,7,0,17,9.668763804064517
5,7,1,17,9.726643425872052
5,7,2,17,9.625670702915157
5,7,3,17,9.618239390991267
5,7,4,17,9.6614409640099
5,7,5,17,9.587193618301049
5,7,6,17,9.542037401148525
5,7,7,17,9.69279515587536
5,7,8,17,9.56692305251013
5,7,9,17,9.598306344038182
5,7,10,17,9.559954990419179
5,7,11,17,9.682843313198546
5,7,12,17,9.631624742716667
5,7,13,17,9.566469831424218
5,7,14,17,9.598229178790138
5,7,0,18,9.742331608332188
5,7,1,18,9.735850796234315
5,7,2,18,9.710695484829754
5,7,3,18,9.500220037473289
5,7,4,18,9.616066489026467
5,7,5,18,9.613307037846951
5,7,6,18,9.501364263022818
5,7,7,18,9.69414559980112
5,7,8,18,9.440903602357647
5,7,9,18,9.584750093599078
5,7,10,18,9.578155412973803
5,7,11,18,9.62264229386953
5,7,12,18,9.648579604647182
5,7,13,18,9.610653100530627
5,7,14,18,9.565416717191338
5,7,0,19,9.63056094896683
5,7,1,19,9.694751128549479
5,7,2,19,9.543201529131816
5,7,3,19,9.534950956864883
5,7,4,19,9.573972945389535
5,7,5,19,9.551135365499487
5,7,6,19,9.351416295154472
5,7,7,19,9.590955961975133
5,7,8,19,9.591417548196421
5,7,9,19,9.637769077979817
5,7,10,19,9.562542264806046
5,7,11,19,9.506446018103322
5,7,12,19,9.651924047263616
5,7,13,19,9.532651409774385
5,7,14,19,9.531793014431688
5,7,0,20,9.440039729282724
5,7,1,20,9.586942292254305
5,7,2,20,9.579636028956509
5,7,3,20,9.389514557500705
5,7,4,20,9.570298276880907
5,7,5,20,9.32158893387032
5,7,6,20,8.837595519682269
5,7,7,20,9.613360972361134
5,7,8,20,9.602016263325707
5,7,9,20,9.617198119673347
5,7,10,20,9.449885316101593
5,7,11,20,9.530952807713248
5,7,12,20,9.471038883477652
5,7,13,20,9.187391474793566
5,7,14,20,9.267576940546688
5,7,0,21,8.851554890839887
5,7,1,21,9.257891405210486
5,7,2,21,9.42147850301098
5,7,3,21,8.77373060705149
5,7,4,21,9.328314028511624
5,7,5,21,8.4940013537477
5,7,6,21,7.13468300284256
5,7,7,21,9.276012182350359
5,7,8,21,9.429491909199507
5,7,9,21,9.520320253950251
5,7,10,21,9.091282049685805
5,7,11,21,9.323247869198894
5,7,12,21,9.116605062470912
5,7,13,21,7.993720889431317
5,7,14,21,8.646636980703773
5,7,0,22,7.209527988995105
5,7,1,22,8.037812195927275
5,7,2,22,8.949429839370474
5,7,3,22,7.317009146645031
5,7,4,22,8.650694206572647
5,7,5,22,6.844048170116462
5,7,6,22,3.870755058972287
5,7,7,22,8.46303084117093
5,7,8,22,8.951472442970525
5,7,9,22,9.14328612054135
5,7,10,22,8.00501995889224
5,7,11,22,8.80391846305217
5,7,12,22,7.606842667050448
5,7,13,22,5.861875332589782
5,7,14,22,6.9679871684431545
5,8,0,0,9.689110629592772
5,8,1,0,9.57036900837232
5,8,2,0,9.655773925953568
5,8,3,0,9.662742964267835
5,8,4,0,9.627350750670963
5,8,5,0,9.620028722601177
5,8,6,0,9.618392349566978
5,8,7,0,9.523893461099703
5,8,8,0,9.604484430567133
5,8,9,0,9.61374223470908
5,8,10,0,9.721520115315025
5,8,11,0,9.609923953548876
5,8,12,0,9.649750288430123
5,8,13,0,9.711536135889165
5,8,14,0,9.586161116644378
5,8,0,1,9.799051565247987
5,8,1,1,9.540502279361647
5,8,2,1,9.644361960114532
5,8,3,1,9.59151866962687
5,8,4,1,9.600887693752085
5,8,5,1,9.694684385144615
5,8,6,1,9.673291892002819
5,8,7,1,9.614288640999197
5,8,8,1,9.659753567477027
5,8,9,1,9.60218085252927
5,8,10,1,9.64955881512441
5,8,11,1,9.600283078346141
5,8,12,1,9.676290678455091
5,8,13,1,9.690311066304059
5,8,14,1,9.5638795371
5,8,0,2,9.725799613060081
5,8,1,2,9.661895065083586
5,8,2,2,9.694419684766409
5,8,3,2,9.58928958300103
5,8,4,2,9.54692952756845
5,8,5,2,9.58844069833666
5,8,6,2,9.74760218027098
5,8,7,2,9.738083771883703
5,8,8,2,9.559358960634837
5,8,9,2,9.571981489290593
5,8,10,2,9.603404911132804
5,8,11,2,9.633519020818413
5,8,12,2,9.653312471415493
5,8,13,2,9.68370979624686
5,8,14,2,9.585509156506017
5,8,0,3,9.71696008856965
5,8,1,3,9.672846230305923
5,8,2,3,9.62190496875091
5,8,3,3,9.495040841538327
5,8,4,3,9.73250332100007
5,8,5,3,9.617148617672685
5,8,6,3,9.60839867620753
5,8,7,3,9.681114477212576
5,8,8,3,9.544230653917388
5,8,9,3,9.751945012045868
5,8,10,3,9.604390894640964
5,8,11,3,9.619422469635555
5,8,12,3,9.510718057074042
5,8,13,3,9.664766266711078
5,8,14,3,9.619861581591683
5,8,0,4,9.71861646916726
5,8,1,4,9.656594686859163
5,8,2,4,9.600842651962767
5,8,3,4,9.613686971836032
5,8,4,4,9.700195802702085
5,8,5,4,9.634779516025034
5,8,6,4,9.60820978420921
5,8,7,4,9.65424557870285
5,8,8,4,9.679625994294899
5,8,9,4,9.744953592501217
5,8,10,4,9.541127736962913
5,8,11,4,9.55770638090552
5,8,12,4,9.679317005453644
5,8,13,4,9.659986592442396
5,8,14,4,9.654016964406752
5,8,0,5,9.74141227747424
5,8,1,5,9.690434496440554
5,8,2,5,9.5549815988541
5,8,3,5,9.56256012526369
5,8,4,5,9.611655001637534
5,8,5,5,9.620482911423485
5,8,6,5,9.617146157968447
5,8,7,5,9.6706085576729
5,8,8,5,9.543602895063717
5,8,9,5,9.695105005335716
5,8,10,5,9.628258032427073
5,8,11,5,9.588689217026703
5,8,12,5,9.70878251777656
5,8,13,5,9.674267350767318
5,8,14,5,9.763208699645883
5,8,0,6,9.684638106318197
5,8,1,6,9.653160588470854
5,8,2,6,9.55968638588979
5,8,3,6,9.659622230246244
5,8,4,6,9.652020662327706
5,8,5,6,9.654307058913933
5,8,6,6,9.54100306867881
5,8,7,6,9.623465005114731
5,8,8,6,9.620457799753687
5,8,9,6,9.713714801064887
5,8,10,6,9.648009371296906
5,8,11,6,9.589093351395734
5,8,12,6,9.813757315893703
5,8,13,6,9.621620606344369
5,8,14,6,9.646717153134805
5,8,0,7,9.649603049759337
5,8,1,7,9.810080017474101
5,8,2,7,9.586144663322477
5,8,3,7,9.667153647691443
5,8,4,7,9.646553957396579
5,8,5,7,9.66476621199315
5,8,6,7,9.627500155658188
5,8,7,7,9.652051951002118
5,8,8,7,9.68865755847397
5,8,9,7,9.680993529168141
5,8,10,7,9.594583807379752
5,8,11,7,9.721743925488642
5,8,12,7,9.692551629629653
5,8,13,7,9.686797836603638
5,8,14,7,9.856572396839836
5,8,0,8,9.58840313585171
5,8,1,8,9.657629507947334
5,8,2,8,9.6622509739436
5,8,3,8,9.674918114924688
5,8,4,8,9.641244395371219
5,8,5,8,9.57341176272665
5,8,6,8,9.750840367618377
5,8,7,8,9.6013240455842
5,8,8,8,9.571204822893838
5,8,9,8,9.708165705901749
5,8,10,8,9.590809879198462
5,8,11,8,9.67335392988886
5,8,12,8,9.80265401392366
5,8,13,8,9.647807826131336
5,8,14,8,9.75310076158
5,8,0,9,9.608293192329826
5,8,1,9,9.667084498115909
5,8,2,9,9.543575865551839
5,8,3,9,9.585791733088698
5,8,4,9,9.568491279267137
5,8,5,9,9.645103059973804
5,8,6,9,9.614026979432007
5,8,7,9,9.712460502244793
5,8,8,9,9.703095674666159
5,8,9,9,9.660478621819824
5,8,10,9,9.52681085771514
5,8,11,9,9.693540574813184
5,8,12,9,9.659272470062177
5,8,13,9,9.570325419809159
5,8,14,9,9.666127717487896
5,8,0,10,9.642235860702222
5,8,1,10,9.58361583003826
5,8,2,10,9.652335238187423
5,8,3,10,9.612061102951298
5,8,4,10,9.650343869498663
5,8,5,10,9.677679563260009
5,8,6,10,9.70173380406089
5,8,7,10,9.720284665704847
5,8,8,10,9.578850266702899
5,8,9,10,9.642869310608434
5,8,10,10,9.47337853980056
5,8,11,10,9.682561528349718
5,8,12,10,9.708018295474004
5,8,13,10,9.692427200663278
5,8,14,10,9.731588195509254
5,8,0,11,9.640235521530597
5,8,1,11,9.595067718189954
5,8,2,11,9.611308167243102
5,8,3,11,9.64054733738567
5,8,4,11,9.625010050799219
5,8,5,11,9.798961581030417
5,8,6,11,9.57018225791232
5,8,7,11,9.597415590583331
5,8,8,11,9.569243920557213
5,8,9,11,9.697530877891719
5,8,10,11,9.595013009464845
5,8,11,11,9.605411696545355
5,8,12,11,9.51980710737818
5,8,13,11,9.537333541699216
5,8,14,11,9.642941665539471
5,8,0,12,9.709564757839967
5,8,1,12,9.585495996527964
5,8,2,12,9.535387855383238
5,8,3,12,9.589275758648865
5,8,4,12,9.546869829732266
5,8,5,12,9.710775582533193
5,8,6,12,9.550631471939138
5,8,7,12,9.624563087795037
5,8,8,12,9.5286882900354
5,8,9,12,9.787295753065248
5,8,10,12,9.582147384388168
5,8,11,12,9.68840448627147
5,8,12,12,9.560888060955351
5,8,13,12,9.601103531549555
5,8,14,12,9.595510250995394
5,8,0,13,9.829240103951474
5,8,1,13,9.628900593270231
5,8,2,13,9.608600664172176
5,8,3,13,9.7384614439037
5,8,4,13,9.666766671982282
5,8,5,13,9.678286419721111
5,8,6,13,9.450738959414466
5,8,7,13,9.675610781769851
5,8,8,13,9.589686881465333
5,8,9,13,9.77870114006492
5,8,10,13,9.648660978565335
5,8,11,13,9.767962860694917
5,8,12,13,9.620293171015692
5,8,13,13,9.669540972689608
5,8,14,13,9.641813102094881
5,8,0,14,9.813791834863423
5,8,1,14,9.646316868559015
5,8,2,14,9.582940049718921
5,8,3,14,9.743518946800416
5,8,4,14,9.642033676356956
5,8,5,14,9.682665179123163
5,8,6,14,9.625330591720473
5,8,7,14,9.745004157808859
5,8,8,14,9.542353802732414
5,8,9,14,9.764404580790293
5,8,10,14,9.682689602855787
5,8,11,14,9.724503803893581
5,8,12,14,9.666698270582879
5,8,13,14,9.574233569642644
5,8,14,14,9.586068836595535
5,8,0,15,9.770908928861402
5,8,1,15,9.549961515686679
5,8,2,15,9.67540125475473
5,8,3,15,9.650919472668914
5,8,4,15,9.580711786750589
5,8,5,15,9.67558467338189
5,8,6,15,9.572380166518045
5,8,7,15,9.659415663475958
5,8,8,15,9.50838474402874
5,8,9,15,9.677948963736617
5,8,10,15,9.721825892455268
5,8,11,15,9.789817396891065
5,8,12,15,9.662655988412375
5,8,13,15,9.633763335861412
5,8,14,15,9.667036593565227
5,8,0,16,9.759759999964732
5,8,1,16,9.609171253679655
5,8,2,16,9.71130027577953
5,8,3,16,9.74038508566332
5,8,4,16,9.614727769310523
5,8,5,16,9.578753965450725
5,8,6,16,9.672033368729796
5,8,7,16,9.739504624623175
5,8,8,16,9.522298085482381
5,8,9,16,9.684138417018028
5,8,10,16,9.69957723079146
5,8,11,16,9.723399064879636
5,8,12,16,9.699504960442342
5,8,13,16,9.57959178100176
5,8,14,16,9.587975832222027
5,8,0,17,9.660860357536443
5,8,1,17,9.704093556299787
5,8,2,17,9.571820723518814
5,8,3,17,9.656758327895826
5,8,4,17,9.669101802200723
5,8,5,17,9.629127371658752
5,8,6,17,9.546362840443583
5,8,7,17,9.61000306338283
5,8,8,17,9.636225986271246
5,8,9,17,9.59556691975869
5,8,10,17,9.624866952128707
5,8,11,17,9.729784357379877
5,8,12,17,9.682390015407478
5,8,13,17,9.4844162879472
5,8,14,17,9.599771929631368
5,8,0,18,9.788757996644762
5,8,1,18,9.68846462838373
5,8,2,18,9.702734320692102
5,8,3,18,9.574414810753112
5,8,4,18,9.773715743078585
5,8,5,18,9.658941926723204
5,8,6,18,9.671117440020208
5,8,7,18,9.577319835122191
5,8,8,18,9.619765258320196
5,8,9,18,9.557834561867816
5,8,10,18,9.669826161453264
5,8,11,18,9.612173386416629
5,8,12,18,9.754788391830273
5,8,13,18,9.386022698562629
5,8,14,18,9.530590909815027
5,8,0,19,9.658992581146022
5,8,1,19,9.688586160501272
5,8,2,19,9.665938530823443
5,8,3,19,9.463325428854679
5,8,4,19,9.630222273579529
5,8,5,19,9.667082929719706
5,8,6,19,9.553885343708618
5,8,7,19,9.651002165014788
5,8,8,19,9.659200101239419
5,8,9,19,9.555116711586578
5,8,10,19,9.661338523156026
5,8,11,19,9.656073492970526
5,8,12,19,9.65563768618491
5,8,13,19,9.011483245680889
5,8,14,19,9.462933574375647
5,8,0,20,9.5652695008388
5,8,1,20,9.477985558864281
5,8,2,20,9.566273060222743
5,8,3,20,9.015683059913298
5,8,4,20,9.699842255767116
5,8,5,20,9.45778935778901
5,8,6,20,9.284549615472356
5,8,7,20,9.573718803922038
5,8,8,20,9.601403983761685
5,8,9,20,9.524945409006438
5,8,10,20,9.668597813378996
5,8,11,20,9.44512816936555
5,8,12,20,9.5553344525186
5,8,13,20,7.918982014680765
5,8,14,20,9.129363127492773
5,8,0,21,9.363931924719212
5,8,1,21,8.935753041342359
5,8,2,21,9.289584486070899
5,8,3,21,8.133141601743578
5,8,4,21,9.379941892589681
5,8,5,21,8.917944868004954
5,8,6,21,8.611150568562502
5,8,7,21,9.28648683402754
5,8,8,21,9.322587245854265
5,8,9,21,9.105332404751687
5,8,10,21,9.576277384501632
5,8,11,21,9.2012143988062
5,8,12,21,9.104804496823977
5,8,13,21,5.453284108734114
5,8,14,21,8.123124018836622
5,8,0,22,8.327665100711055
5,8,1,22,7.173273121093756
5,8,2,22,8.114400934750186
5,8,3,22,6.129403540257664
5,8,4,22,8.885881264639984
5,8,5,22,7.5455678832766
5,8,6,22,6.6639724439419865
5,8,7,22,8.480577116886556
5,8,8,22,8.454853825872412
5,8,9,22,7.745628438966531
5,8,10,22,9.337598966678815
5,8,11,22,8.239354577541217
5,8,12,22,8.022404522171156
5,8,13,22,1.8122409285914216
5,8,14,22,4.815676936731946
5,9,0,0,9.61657253180275
5,9,1,0,9.515405702729282
5,9,2,0,9.623538096804399
5,9,3,0,9.6563850952887
5,9,4,0,9.617303093084567
5,9,5,0,9.479140849487305
5,9,6,0,9.578134724541723
5,9,7,0,9.641936204041082
5,9,8,0,9.479292777610556
5,9,9,0,9.661208240543596
5,9,10,0,9.504873470486755
5,9,11,0,9.636371045230272
5,9,12,0,9.705323499209458
5,9,13,0,9.596196383490492
5,9,14,0,9.608297712376881
5,9,0,1,9.640885580619624
5,9,1,1,9.567865017895704
5,9,2,1,9.694250211431406
5,9,3,1,9.584255821177626
5,9,4,1,9.575798081645194
5,9,5,1,9.504089670837804
5,9,6,1,9.558643079266156
5,9,7,1,9.607949444049819
5,9,8,1,9.575769686695711
5,9,9,1,9.705229577659253
5,9,10,1,9.628655178438942
5,9,11,1,9.616389638564392
5,9,12,1,9.666510815154162
5,9,13,1,9.619647075458442
5,9,14,1,9.61760492305734
5,9,0,2,9.605211292681204
5,9,1,2,9.634865627328013
5,9,2,2,9.548637102112114
5,9,3,2,9.536323454033397
5,9,4,2,9.637016354242848
5,9,5,2,9.627185248600613
5,9,6,2,9.563686370795386
5,9,7,2,9.732814993705258
5,9,8,2,9.60289441095753
5,9,9,2,9.79941115777083
5,9,10,2,9.699559606369835
5,9,11,2,9.680977307157276
5,9,12,2,9.727900993007871
5,9,13,2,9.580037236958102
5,9,14,2,9.633662483829843
5,9,0,3,9.622939062984347
5,9,1,3,9.550188603736299
5,9,2,3,9.566012068400077
5,9,3,3,9.613931845950113
5,9,4,3,9.566530829004064
5,9,5,3,9.554576264842316
5,9,6,3,9.457706188955099
5,9,7,3,9.695953239833347
5,9,8,3,9.558075988504081
5,9,9,3,9.74056699417371
5,9,10,3,9.663037784929745
5,9,11,3,9.709979845956196
5,9,12,3,9.749390317237753
5,9,13,3,9.644282044862804
5,9,14,3,9.581074704536585
5,9,0,4,9.637977017340434
5,9,1,4,9.693915123947193
5,9,2,4,9.490404258416614
5,9,3,4,9.565794319062439
5,9,4,4,9.52230212046986
5,9,5,4,9.687945670374361
5,9,6,4,9.589813841428658
5,9,7,4,9.706963889986504
5,9,8,4,9.504297188063642
5,9,9,4,9.652135868942484
5,9,10,4,9.58246466341468
5,9,11,4,9.685730536624098
5,9,12,4,9.697564027676215
5,9,13,4,9.747654066814217
5,9,14,4,9.616411266972271
5,9,0,5,9.588740467331576
5,9,1,5,9.653758404047396
5,9,2,5,9.529562707057549
5,9,3,5,9.532813016382885
5,9,4,5,9.56367802056568
5,9,5,5,9.645118997176915
5,9,6,5,9.601301219998335
5,9,7,5,9.538563399246861
5,9,8,5,9.516983788348364
5,9,9,5,9.637229901880016
5,9,10,5,9.43472178494423
5,9,11,5,9.705020274355801
5,9,12,5,9.74570968450521
5,9,13,5,9.657052293745268
5,9,14,5,9.589644174758764
5,9,0,6,9.545261900390368
5,9,1,6,9.671957516904406
5,9,2,6,9.595934384131601
5,9,3,6,9.608739820767715
5,9,4,6,9.600372946179863
5,9,5,6,9.789358954618196
5,9,6,6,9.599335610435851
5,9,7,6,9.623870607938631
5,9,8,6,9.534467010759267
5,9,9,6,9.642817073638055
5,9,10,6,9.51873315656749
5,9,11,6,9.683799131074355
5,9,12,6,9.626296374344093
5,9,13,6,9.623254948331638
5,9,14,6,9.568100842731118
5,9,0,7,9.623331827608325
5,9,1,7,9.663466649415636
5,9,2,7,9.56729475989592
5,9,3,7,9.619600229884995
5,9,4,7,9.671720912584327
5,9,5,7,9.72170536777454
5,9,6,7,9.51209743825992
5,9,7,7,9.57376579251077
5,9,8,7,9.615793037829976
5,9,9,7,9.73888542167427
5,9,10,7,9.55282795533227
5,9,11,7,9.59448045101569
5,9,12,7,9.586979230634514
5,9,13,7,9.650473980444264
5,9,14,7,9.496057936531969
5,9,0,8,9.549708810452142
5,9,1,8,9.579815650513348
5,9,2,8,9.606501974348229
5,9,3,8,9.632409103294952
5,9,4,8,9.547781046312483
5,9,5,8,9.645641618346074
5,9,6,8,9.689751863985741
5,9,7,8,9.570801785643063
5,9,8,8,9.591439983359264
5,9,9,8,9.804913526667454
5,9,10,8,9.59936621373079
5,9,11,8,9.659798696150922
5,9,12,8,9.608830583758571
5,9,13,8,9.608239708768652
5,9,14,8,9.588806822540306
5,9,0,9,9.645571617495957
5,9,1,9,9.62465711819643
5,9,2,9,9.640556656743945
5,9,3,9,9.656313485642052
5,9,4,9,9.591195696577483
5,9,5,9,9.637971171138496
5,9,6,9,9.482859213016352
5,9,7,9,9.673931338654183
5,9,8,9,9.580748547832183
5,9,9,9,9.82379578196417
5,9,10,9,9.593511944614695
5,9,11,9,9.654251190325823
5,9,12,9,9.585776473379301
5,9,13,9,9.689963631059177
5,9,14,9,9.564875883464019
5,9,0,10,9.6318162711971
5,9,1,10,9.702041165742619
5,9,2,10,9.636709508852668
5,9,3,10,9.641562424621332
5,9,4,10,9.60396257107498
5,9,5,10,9.459293940316412
5,9,6,10,9.553280765242784
5,9,7,10,9.687337360835762
5,9,8,10,9.578322275801314
5,9,9,10,9.78303881237437
5,9,10,10,9.664320880645297
5,9,11,10,9.631082454469436
5,9,12,10,9.571396167988258
5,9,13,10,9.548884328355161
5,9,14,10,9.600607849983065
5,9,0,11,9.667708115280293
5,9,1,11,9.654052890255526
5,9,2,11,9.64754613734896
5,9,3,11,9.67618304304151
5,9,4,11,9.720116424533542
5,9,5,11,9.539504515539402
5,9,6,11,9.629217546354017
5,9,7,11,9.653527730502987
5,9,8,11,9.650518726324496
5,9,9,11,9.710642152144446
5,9,10,11,9.675440443957232
5,9,11,11,9.6022841298222
5,9,12,11,9.537826774922737
5,9,13,11,9.58176831688861
5,9,14,11,9.63901247636612
5,9,0,12,9.61366994826719
5,9,1,12,9.524803430031865
5,9,2,12,9.638848336564202
5,9,3,12,9.725986295587406
5,9,4,12,9.755991276748695
5,9,5,12,9.552037759404676
5,9,6,12,9.740960303848064
5,9,7,12,9.595834971386445
5,9,8,12,9.69294044041587
5,9,9,12,9.71376506521402
5,9,10,12,9.650173512279002
5,9,11,12,9.67709574748969
5,9,12,12,9.65308823616569
5,9,13,12,9.59527846392336
5,9,14,12,9.725386516335602
5,9,0,13,9.63259227346762
5,9,1,13,9.576666502244919
5,9,2,13,9.703917447209252
5,9,3,13,9.740057791896286
5,9,4,13,9.627940654116326
5,9,5,13,9.663341946538432
5,9,6,13,9.691016448685698
5,9,7,13,9.719117993628412
5,9,8,13,9.664261638337006
5,9,9,13,9.554841931733913
5,9,10,13,9.598642220843447
5,9,11,13,9.59619458671103
5,9,12,13,9.493743881500667
5,9,13,13,9.697556431305074
5,9,14,13,9.614069638452653
5,9,0,14,9.577310862508222
5,9,1,14,9.668175774614673
5,9,2,14,9.680717535744742
5,9,3,14,9.784345282013328
5,9,4,14,9.761310431507185
5,9,5,14,9.598574679099555
5,9,6,14,9.709859132324414
5,9,7,14,9.6595336386149
5,9,8,14,9.608437701447194
5,9,9,14,9.577090207817559
5,9,10,14,9.656220737728052
5,9,11,14,9.550338470963133
5,9,12,14,9.65915633975318
5,9,13,14,9.559807083801081
5,9,14,14,9.736091573750745
5,9,0,15,9.571013198682161
5,9,1,15,9.717036497840168
5,9,2,15,9.662008250773019
5,9,3,15,9.722993043842768
5,9,4,15,9.706049626760171
5,9,5,15,9.607662631454554
5,9,6,15,9.74405483383987
5,9,7,15,9.593029223805301
5,9,8,15,9.588575818327806
5,9,9,15,9.645953805908256
5,9,10,15,9.607568144527905
5,9,11,15,9.596249670154098
5,9,12,15,9.536433748609545
5,9,13,15,9.682771277878498
5,9,14,15,9.712258172796634
5,9,0,16,9.533358493043517
5,9,1,16,9.61438774479232
5,9,2,16,9.681230846812277
5,9,3,16,9.610356596527689
5,9,4,16,9.705872248102423
5,9,5,16,9.603007819987724
5,9,6,16,9.674382482526262
5,9,7,16,9.60898116212488
5,9,8,16,9.587328395312257
5,9,9,16,9.679840336794195
5,9,10,16,9.627552525100302
5,9,11,16,9.574743397960207
5,9,12,16,9.636141240922782
5,9,13,16,9.592575025980727
5,9,14,16,9.705096804827873
5,9,0,17,9.556065958890693
5,9,1,17,9.52724804704835
5,9,2,17,9.766691501951449
5,9,3,17,9.58561130791667
5,9,4,17,9.706962618929081
5,9,5,17,9.588155944425877
5,9,6,17,9.69665521296056
5,9,7,17,9.658780899248155
5,9,8,17,9.619033835642343
5,9,9,17,9.59058303983364
5,9,10,17,9.633297952164655
5,9,11,17,9.564377754846092
5,9,12,17,9.462837808859728
5,9,13,17,9.604986628937635
5,9,14,17,9.532538561062314
5,9,0,18,9.618309702865925
5,9,1,18,9.501444206586957
5,9,2,18,9.920253282673709
5,9,3,18,9.661400783421058
5,9,4,18,9.609706128437248
5,9,5,18,9.634075012365102
5,9,6,18,9.592731068445177
5,9,7,18,9.685303071706521
5,9,8,18,9.549104430247194
5,9,9,18,9.60501125470285
5,9,10,18,9.661403705289663
5,9,11,18,9.619476952967783
5,9,12,18,9.382247199668077
5,9,13,18,9.654065348260948
5,9,14,18,9.639956340050732
5,9,0,19,9.501923972372937
5,9,1,19,9.283056711234636
5,9,2,19,9.832748765120888
5,9,3,19,9.63164031916274
5,9,4,19,9.67396922132806
5,9,5,19,9.515252977097614
5,9,6,19,9.535787947871189
5,9,7,19,9.69939874901119
5,9,8,19,9.525399224665543
5,9,9,19,9.444037551965497
5,9,10,19,9.63715083628745
5,9,11,19,9.58475155779219
5,9,12,19,8.742902206414884
5,9,13,19,9.610068700119784
5,9,14,19,9.521419688092516
5,9,0,20,9.44870591518103
5,9,1,20,8.54204959997096
5,9,2,20,9.666205426773379
5,9,3,20,9.578463122738217
5,9,4,20,9.609212690525233
5,9,5,20,9.315730569549002
5,9,6,20,9.082494673470986
5,9,7,20,9.505023933918803
5,9,8,20,9.416613209654933
5,9,9,20,9.033157120451726
5,9,10,20,9.641668007269411
5,9,11,20,9.528058594355931
5,9,12,20,6.971075669563943
5,9,13,20,9.544973720851743
5,9,14,20,9.14757298180267
5,9,0,21,8.984884516936711
5,9,1,21,6.843760208453228
5,9,2,21,9.52133463154908
5,9,3,21,9.103123694056466
5,9,4,21,9.351500905615397
5,9,5,21,8.468908062303775
5,9,6,21,7.962717914313826
5,9,7,21,9.195671580707536
5,9,8,21,8.992995385778494
5,9,9,21,7.7053607190491125
5,9,10,21,9.377214729241254
5,9,11,21,9.214162562682711
5,9,12,21,4.244515487073209
5,9,13,21,9.184601645162193
5,9,14,21,8.109223983982961
5,9,0,22,7.496364984775534
5,9,1,22,2.9906008176463192
5,9,2,22,9.062222091953913
5,9,3,22,8.15823812430293
5,9,4,22,8.648229644233037
5,9,5,22,6.426603307771885
5,9,6,22,4.692560527915452
5,9,7,22,8.47887335843509
5,9,8,22,7.769772347233918
5,9,9,22,5.1373570392605235
5,9,10,22,8.791135124936696
5,9,11,22,8.179723496625684
5,9,12,22,0.8854333827763146
5,9,13,22,8.076427499694871
5,9,14,22,5.725594496684079
5,10,0,0,9.53565495705388
5,10,1,0,9.563259597708289
5,10,2,0,9.62798493425193
5,10,3,0,9.676917325739781
5,10,4,0,9.626379460366485
5,10,5,0,9.601474014445857
5,10,6,0,9.605838471888195
5,10,7,0,9.463692174747184
5,10,8,0,9.820321543927099
5,10,9,0,9.511819583794946
5,10,10,0,9.51894126511526
5,10,11,0,9.725773796338064
5,10,12,0,9.578208385058298
5,10,13,0,9.6617046864479
5,10,14,0,9.654707962904169
5,10,0,1,9.60782654487227
5,10,1,1,9.57785221410519
5,10,2,1,9.607013088871037
5,10,3,1,9.610237978919267
5,10,4,1,9.69178123703005
5,10,5,1,9.585175943552919
5,10,6,1,9.7286815048013
5,10,7,1,9.63125531361057
5,10,8,1,9.76588051619476
5,10,9,1,9.511507270472569
5,10,10,1,9.670993672989376
5,10,11,1,9.673602285958886
5,10,12,1,9.484135140368124
5,10,13,1,9.69019084336723
5,10,14,1,9.711184674913776
5,10,0,2,9.671945401140107
5,10,1,2,9.6023872728697
5,10,2,2,9.641315741959824
5,10,3,2,9.660499251505252
5,10,4,2,9.60983654016104
5,10,5,2,9.60472647914653
5,10,6,2,9.684347111105383
5,10,7,2,9.641325703939117
5,10,8,2,9.668537210916782
5,10,9,2,9.516687047647741
5,10,10,2,9.58991235371091
5,10,11,2,9.758051923273841
5,10,12,2,9.63711179296974
5,10,13,2,9.612091156241917
5,10,14,2,9.721674662456183
5,10,0,3,9.644860894709032
5,10,1,3,9.73586875495689
5,10,2,3,9.71933590615561
5,10,3,3,9.766350771348431
5,10,4,3,9.738878602729224
5,10,5,3,9.599828263304307
5,10,6,3,9.637486036981754
5,10,7,3,9.629854593354167
5,10,8,3,9.603019515708407
5,10,9,3,9.593666363986516
5,10,10,3,9.611185336755241
5,10,11,3,9.731457795263251
5,10,12,3,9.657533861121077
5,10,13,3,9.617600299210753
5,10,14,3,9.596299797085807
5,10,0,4,9.621596448556279
5,10,1,4,9.601481139526083
5,10,2,4,9.596332075722211
5,10,3,4,9.610502242186177
5,10,4,4,9.655740206564118
5,10,5,4,9.622140214147967
5,10,6,4,9.669963581432189
5,10,7,4,9.737233438138835
5,10,8,4,9.706480846141872
5,10,9,4,9.596628013042512
5,10,10,4,9.714690104532155
5,10,11,4,9.550190793857789
5,10,12,4,9.522327617862341
5,10,13,4,9.588016659128579
5,10,14,4,9.66875014986353
5,10,0,5,9.560765098609567
5,10,1,5,9.644877780187919
5,10,2,5,9.583416430173434
5,10,3,5,9.530426369611257
5,10,4,5,9.778774163314088
5,10,5,5,9.623249664150396
5,10,6,5,9.583257398493151
5,10,7,5,9.739728054638409
5,10,8,5,9.569516417622848
5,10,9,5,9.574177664621583
5,10,10,5,9.538029180090696
5,10,11,5,9.698892882424776
5,10,12,5,9.59172132622212
5,10,13,5,9.507759284829074
5,10,14,5,9.579960963710969
5,10,0,6,9.635899351320766
5,10,1,6,9.711375111805191
5,10,2,6,9.728558155460963
5,10,3,6,9.611752235070869
5,10,4,6,9.582415444503551
5,10,5,6,9.605358754146033
5,10,6,6,9.647846131276488
5,10,7,6,9.76613922457382
5,10,8,6,9.695791972893126
5,10,9,6,9.653571890622851
5,10,10,6,9.666510869455767
5,10,11,6,9.596317938221143
5,10,12,6,9.628132304801365
5,10,13,6,9.530454566143904
5,10,14,6,9.695056049215511
5,10,0,7,9.561048569005646
5,10,1,7,9.667599490516821
5,10,2,7,9.613596283827219
5,10,3,7,9.530180389706574
5,10,4,7,9.688431829764035
5,10,5,7,9.648873446919621
5,10,6,7,9.594179172323095
5,10,7,7,9.65953577894366
5,10,8,7,9.525175913832294
5,10,9,7,9.58851545493891
5,10,10,7,9.682866061892573
5,10,11,7,9.7022134022527
5,10,12,7,9.694455925388883
5,10,13,7,9.6526850703705
5,10,14,7,9.664362372502898
5,10,0,8,9.59716171436191
5,10,1,8,9.748642357879087
5,10,2,8,9.582283740339633
5,10,3,8,9.537217835924494
5,10,4,8,9.696781625877643
5,10,5,8,9.666626630518651
5,10,6,8,9.645883262469306
5,10,7,8,9.685253305674909
5,10,8,8,9.598203572922358
5,10,9,8,9.739997845393175
5,10,10,8,9.63838323516765
5,10,11,8,9.680957924872265
5,10,12,8,9.703115112394125
5,10,13,8,9.621544761196109
5,10,14,8,9.678345866039676
5,10,0,9,9.614975451915798
5,10,1,9,9.70114253739121
5,10,2,9,9.562746032337678
5,10,3,9,9.572062202763645
5,10,4,9,9.649780664949102
5,10,5,9,9.577604838285112
5,10,6,9,9.744733934894981
5,10,7,9,9.639464028123454
5,10,8,9,9.719036592971989
5,10,9,9,9.67568009892953
5,10,10,9,9.800021081035938
5,10,11,9,9.721796655471625
5,10,12,9,9.634472697991626
5,10,13,9,9.67577662480297
5,10,14,9,9.71621216133322
5,10,0,10,9.54871729889675
5,10,1,10,9.65189771316531
5,10,2,10,9.54201477514068
5,10,3,10,9.589019805807318
5,10,4,10,9.589899889833882
5,10,5,10,9.566458258897862
5,10,6,10,9.661393268544478
5,10,7,10,9.668226590698694
5,10,8,10,9.630257515020402
5,10,9,10,9.637588301283843
5,10,10,10,9.684218773664764
5,10,11,10,9.732113676007078
5,10,12,10,9.672725063411466
5,10,13,10,9.645594516074581
5,10,14,10,9.604207748076325
5,10,0,11,9.440121066833047
5,10,1,11,9.602593275190651
5,10,2,11,9.725695492314665
5,10,3,11,9.651526881278416
5,10,4,11,9.619042317237014
5,10,5,11,9.48174206496441
5,10,6,11,9.675423477861044
5,10,7,11,9.677157615888138
5,10,8,11,9.60515521306692
5,10,9,11,9.57445505840867
5,10,10,11,9.656798815849069
5,10,11,11,9.735820690031968
5,10,12,11,9.628382294813298
5,10,13,11,9.533012789652041
5,10,14,11,9.673612432312211
5,10,0,12,9.64545868310291
5,10,1,12,9.541648768114253
5,10,2,12,9.678096804252657
5,10,3,12,9.709621379548736
5,10,4,12,9.593889112016903
5,10,5,12,9.593450824209562
5,10,6,12,9.584274878912833
5,10,7,12,9.726844530360577
5,10,8,12,9.607905211510431
5,10,9,12,9.54893761850099
5,10,10,12,9.578400065835696
5,10,11,12,9.599910847723837
5,10,12,12,9.590039981610438
5,10,13,12,9.58491754041351
5,10,14,12,9.825645906757316
5,10,0,13,9.736704156461657
5,10,1,13,9.685049093333195
5,10,2,13,9.640576472496841
5,10,3,13,9.583410408903806
5,10,4,13,9.668596590913488
5,10,5,13,9.606719330853492
5,10,6,13,9.679431905372203
5,10,7,13,9.624923557493956
5,10,8,13,9.742764650411305
5,10,9,13,9.677168673093265
5,10,10,13,9.697040705257576
5,10,11,13,9.571613976495096
5,10,12,13,9.741416973502211
5,10,13,13,9.626021200142263
5,10,14,13,9.74279808593934
5,10,0,14,9.684185151822817
5,10,1,14,9.584395922288591
5,10,2,14,9.66552015523375
5,10,3,14,9.584884852105345
5,10,4,14,9.600183237341044
5,10,5,14,9.698676802234953
5,10,6,14,9.604278530876188
5,10,7,14,9.686589139205777
5,10,8,14,9.527558872790502
5,10,9,14,9.510063816898672
5,10,10,14,9.53965434898652
5,10,11,14,9.652105102209067
5,10,12,14,9.637305982170169
5,10,13,14,9.54563729861832
5,10,14,14,9.703696775994587
5,10,0,15,9.69457896490601
5,10,1,15,9.694525991718345
5,10,2,15,9.671184543194622
5,10,3,15,9.581561105131724
5,10,4,15,9.765512545807166
5,10,5,15,9.661288584162959
5,10,6,15,9.544575169598113
5,10,7,15,9.585609906624768
5,10,8,15,9.570438842258017
5,10,9,15,9.724937129051995
5,10,10,15,9.559130641667767
5,10,11,15,9.595731450194286
5,10,12,15,9.599610281445361
5,10,13,15,9.559036656922226
5,10,14,15,9.684921947581115
5,10,0,16,9.73670876204646
5,10,1,16,9.684207380265287
5,10,2,16,9.70746724473565
5,10,3,16,9.699302249372701
5,10,4,16,9.622920148063733
5,10,5,16,9.579933514904477
5,10,6,16,9.585485031442834
5,10,7,16,9.738299050997226
5,10,8,16,9.543654477599016
5,10,9,16,9.522866707772685
5,10,10,16,9.581634860176834
5,10,11,16,9.64663884454762
5,10,12,16,9.657200732531633
5,10,13,16,9.534141821309843
5,10,14,16,9.732795220140172
5,10,0,17,9.633629835339216
5,10,1,17,9.65264673392101
5,10,2,17,9.713002198540819
5,10,3,17,9.641031068310502
5,10,4,17,9.634477246665389
5,10,5,17,9.50516528336195
5,10,6,17,9.679043986520016
5,10,7,17,9.638711307810418
5,10,8,17,9.678052449545392
5,10,9,17,9.635012370259714
5,10,10,17,9.695332176376937
5,10,11,17,9.582005744937689
5,10,12,17,9.695309498998363
5,10,13,17,9.559524082900918
5,10,14,17,9.57560836618557
5,10,0,18,9.661212515444795
5,10,1,18,9.619395617799057
5,10,2,18,9.725356664462918
5,10,3,18,9.624097183313367
5,10,4,18,9.604108246469156
5,10,5,18,9.468402036198302
5,10,6,18,9.603489012396297
5,10,7,18,9.574267801678943
5,10,8,18,9.508370325722252
5,10,9,18,9.497643907638286
5,10,10,18,9.619226968361946
5,10,11,18,9.602310161937902
5,10,12,18,9.688664791925834
5,10,13,18,9.441788526025364
5,10,14,18,9.686230237868585
5,10,0,19,9.49345632819929
5,10,1,19,9.46583909001086
5,10,2,19,9.557461414160825
5,10,3,19,9.540924445617028
5,10,4,19,9.281641898894716
5,10,5,19,9.583707363497814
5,10,6,19,9.557199173368964
5,10,7,19,9.697170615323833
5,10,8,19,9.436181746739877
5,10,9,19,9.586682196595545
5,10,10,19,9.472041557976329
5,10,11,19,9.61076714301582
5,10,12,19,9.685160165624998
5,10,13,19,9.113806478609293
5,10,14,19,9.488496844222892
5,10,0,20,9.073834543726756
5,10,1,20,8.94737363958903
5,10,2,20,9.058155731822877
5,10,3,20,9.47493592183147
5,10,4,20,8.671487250265372
5,10,5,20,9.428799394309685
5,10,6,20,9.558523481213285
5,10,7,20,9.571926713922368
5,10,8,20,9.264744449371229
5,10,9,20,9.457500366037618
5,10,10,20,8.73937262357047
5,10,11,20,9.457236818383736
5,10,12,20,9.509396182660378
5,10,13,20,7.9987913796393615
5,10,14,20,9.239595510025566
5,10,0,21,7.393482305951795
5,10,1,21,7.635349912435356
5,10,2,21,7.62454815113023
5,10,3,21,9.183514387868076
5,10,4,21,6.216369691045987
5,10,5,21,9.163301732373132
5,10,6,21,9.300154172385419
5,10,7,21,9.138165083828202
5,10,8,21,8.355796223850554
5,10,9,21,9.095930152277752
5,10,10,21,6.148391572118409
5,10,11,21,9.031354781549386
5,10,12,21,8.74584666198339
5,10,13,21,5.745847983016864
5,10,14,21,8.37659419321615
5,10,0,22,4.692526305426136
5,10,1,22,4.8660835793042985
5,10,2,22,5.318743923981486
5,10,3,22,8.276657528068291
5,10,4,22,3.9146298048146315
5,10,5,22,8.592277910685935
5,10,6,22,8.541279096765926
5,10,7,22,8.044599860476044
5,10,8,22,6.022577145574089
5,10,9,22,8.343649386187783
5,10,10,22,4.411432425792505
5,10,11,22,8.062584029465466
5,10,12,22,7.540515893724674
5,10,13,22,2.3460391403701006
5,10,14,22,6.19055000966942
