Layers,Mixes_per_Layer,Run,Target_Index,Entropy
3,3,0,0,8.504849641540295
3,3,1,0,8.685044753147428
3,3,2,0,8.36942687350531
3,3,3,0,8.558518437540583
3,3,4,0,8.548506997170097
3,3,5,0,8.584088026397872
3,3,6,0,8.50387720373882
3,3,7,0,8.572956616333833
3,3,8,0,8.422842236376606
3,3,9,0,8.57472459728479
3,3,10,0,8.434760923383367
3,3,11,0,8.53539242335512
3,3,12,0,8.497994896890095
3,3,13,0,8.433866007963033
3,3,14,0,8.583952519415318
3,3,0,1,8.592328201952446
3,3,1,1,8.548941915027388
3,3,2,1,8.419234808653096
3,3,3,1,8.74261102818043
3,3,4,1,8.617638175584053
3,3,5,1,8.543031900084868
3,3,6,1,8.448770169069704
3,3,7,1,8.628895151734016
3,3,8,1,8.545162844747212
3,3,9,1,8.556824203921556
3,3,10,1,8.422910999471227
3,3,11,1,8.527038083135274
3,3,12,1,8.682523934809808
3,3,13,1,8.672544846734379
3,3,14,1,8.629413713916357
3,3,0,2,8.72997605767442
3,3,1,2,8.637338644910674
3,3,2,2,8.576727847612624
3,3,3,2,8.755321753356252
3,3,4,2,8.486139502137162
3,3,5,2,8.531043757836702
3,3,6,2,8.483178019874927
3,3,7,2,8.594762500898364
3,3,8,2,8.697503368876001
3,3,9,2,8.406189983972551
3,3,10,2,8.586587856366211
3,3,11,2,8.614456762115084
3,3,12,2,8.492028465669007
3,3,13,2,8.640820259840435
3,3,14,2,8.755060406944297
3,3,0,3,8.616061678575694
3,3,1,3,8.523164942116763
3,3,2,3,8.577895998990925
3,3,3,3,8.492530117235516
3,3,4,3,8.470195406179423
3,3,5,3,8.50082961117619
3,3,6,3,8.56635918752621
3,3,7,3,8.609859671496466
3,3,8,3,8.410686595064352
3,3,9,3,8.46270016786794
3,3,10,3,8.640313740323931
3,3,11,3,8.767134735968842
3,3,12,3,8.488424354925366
3,3,13,3,8.713553232059382
3,3,14,3,8.732115422895456
3,3,0,4,8.621702788814629
3,3,1,4,8.588247700204462
3,3,2,4,8.590586069614435
3,3,3,4,8.495705592481553
3,3,4,4,8.626544592758629
3,3,5,4,8.71791891841634
3,3,6,4,8.470741302252943
3,3,7,4,8.600322179089728
3,3,8,4,8.623807990601053
3,3,9,4,8.5936892866694
3,3,10,4,8.589731827238202
3,3,11,4,8.57572921536971
3,3,12,4,8.487681229524716
3,3,13,4,8.559632369244271
3,3,14,4,8.725112637062795
3,3,0,5,8.318804355999143
3,3,1,5,8.739629800732853
3,3,2,5,8.567406468465375
3,3,3,5,8.516624602037504
3,3,4,5,8.443929901821935
3,3,5,5,8.586782909672715
3,3,6,5,8.680188007727002
3,3,7,5,8.58761290759675
3,3,8,5,8.652922491470344
3,3,9,5,8.67896809951067
3,3,10,5,8.592587611488474
3,3,11,5,8.529258067897645
3,3,12,5,8.51438805715637
3,3,13,5,8.418144500652124
3,3,14,5,8.606299613012643
3,3,0,6,8.486913721463415
3,3,1,6,8.64162423526452
3,3,2,6,8.56189405625441
3,3,3,6,8.577574848354926
3,3,4,6,8.592827987815177
3,3,5,6,8.666788668079004
3,3,6,6,8.545054483682165
3,3,7,6,8.64300603275216
3,3,8,6,8.542886379143669
3,3,9,6,8.57082208688231
3,3,10,6,8.549368477924046
3,3,11,6,8.467555111234045
3,3,12,6,8.487843848236093
3,3,13,6,8.59522533360324
3,3,14,6,8.44153436194224
3,3,0,7,8.575133137708557
3,3,1,7,8.544094214640918
3,3,2,7,8.64108071304691
3,3,3,7,8.534358537378614
3,3,4,7,8.681150863329131
3,3,5,7,8.7070333402479
3,3,6,7,8.505501502208261
3,3,7,7,8.563236776240753
3,3,8,7,8.608916723427939
3,3,9,7,8.597633233594506
3,3,10,7,8.560769465353845
3,3,11,7,8.575589526188047
3,3,12,7,8.598699301618254
3,3,13,7,8.622701376112094
3,3,14,7,8.619341732289078
3,3,0,8,8.505551583365412
3,3,1,8,8.448862464154082
3,3,2,8,8.699464898766491
3,3,3,8,8.609971908093481
3,3,4,8,8.744841617134005
3,3,5,8,8.659859359610703
3,3,6,8,8.570881543689334
3,3,7,8,8.37808048902155
3,3,8,8,8.548851407376029
3,3,9,8,8.5982702901971
3,3,10,8,8.54007861598328
3,3,11,8,8.540498668989217
3,3,12,8,8.45799896554483
3,3,13,8,8.562575129042653
3,3,14,8,8.440289053857576
3,3,0,9,8.529382948915481
3,3,1,9,8.439480282371855
3,3,2,9,8.648463647222183
3,3,3,9,8.638533482484132
3,3,4,9,8.60296737062206
3,3,5,9,8.533227169568491
3,3,6,9,8.46414533708895
3,3,7,9,8.383283942898391
3,3,8,9,8.577301987867264
3,3,9,9,8.501196423253825
3,3,10,9,8.620517531518342
3,3,11,9,8.609596578129066
3,3,12,9,8.462844109351137
3,3,13,9,8.399711059036434
3,3,14,9,8.53492639969388
3,3,0,10,8.581898489237707
3,3,1,10,8.454986140065577
3,3,2,10,8.62211132108178
3,3,3,10,8.613601104999342
3,3,4,10,8.458296709736398
3,3,5,10,8.337854621096648
3,3,6,10,8.492210415786792
3,3,7,10,8.45671505445043
3,3,8,10,8.594337789089543
3,3,9,10,8.511774553947102
3,3,10,10,8.759341425642768
3,3,11,10,8.42179784154766
3,3,12,10,8.509788272431093
3,3,13,10,8.51454087135331
3,3,14,10,8.512684842615517
3,3,0,11,8.462793335132503
3,3,1,11,8.43418570804372
3,3,2,11,8.522420597809168
3,3,3,11,8.683951434238576
3,3,4,11,8.386068484656342
3,3,5,11,8.296419462151988
3,3,6,11,8.475513226633803
3,3,7,11,8.711834833612555
3,3,8,11,8.631075193119603
3,3,9,11,8.530048401947134
3,3,10,11,8.51716005167437
3,3,11,11,8.563969857055875
3,3,12,11,8.57539222729267
3,3,13,11,8.469851813399776
3,3,14,11,8.481494621915983
3,3,0,12,8.591860979903249
3,3,1,12,8.647013111207551
3,3,2,12,8.606283531810487
3,3,3,12,8.523183288318215
3,3,4,12,8.423415897100805
3,3,5,12,8.497666726599398
3,3,6,12,8.380411077425784
3,3,7,12,8.63648017260287
3,3,8,12,8.671443101006624
3,3,9,12,8.52632873372208
3,3,10,12,8.550810907681425
3,3,11,12,8.61657355392229
3,3,12,12,8.45426581945229
3,3,13,12,8.507170192064056
3,3,14,12,8.296244778336087
3,3,0,13,8.614455138572927
3,3,1,13,8.58595566499193
3,3,2,13,8.568160164963055
3,3,3,13,8.519035470257569
3,3,4,13,8.511677038470419
3,3,5,13,8.612321534992324
3,3,6,13,8.609625568188882
3,3,7,13,8.510054666738457
3,3,8,13,8.722269850082236
3,3,9,13,8.482815253976305
3,3,10,13,8.510852607330232
3,3,11,13,8.525819165074264
3,3,12,13,8.593949486895234
3,3,13,13,8.77662928754669
3,3,14,13,8.449175564123065
3,3,0,14,8.563306683609582
3,3,1,14,8.514717951219568
3,3,2,14,8.606519764881995
3,3,3,14,8.695424895889621
3,3,4,14,8.606677801624839
3,3,5,14,8.658755430888148
3,3,6,14,8.362986939954949
3,3,7,14,8.523632810723475
3,3,8,14,8.689981989974871
3,3,9,14,8.43107933291798
3,3,10,14,8.633563860612178
3,3,11,14,8.663042856706424
3,3,12,14,8.522048952369374
3,3,13,14,8.62947754415505
3,3,14,14,8.505215299480842
3,3,0,15,8.58013324809718
3,3,1,15,8.598340384469912
3,3,2,15,8.484178281072424
3,3,3,15,8.697943943848623
3,3,4,15,8.495302473321697
3,3,5,15,8.493502882115704
3,3,6,15,8.680211435046042
3,3,7,15,8.46440295794141
3,3,8,15,8.620888159187261
3,3,9,15,8.427206115241063
3,3,10,15,8.4853762049303
3,3,11,15,8.57306854427962
3,3,12,15,8.492351030202448
3,3,13,15,8.469755921047776
3,3,14,15,8.664644107888448
3,3,0,16,8.51745717750931
3,3,1,16,8.68178500313511
3,3,2,16,8.463584706659297
3,3,3,16,8.543135562298591
3,3,4,16,8.537514840590024
3,3,5,16,8.445743370313313
3,3,6,16,8.675178099467827
3,3,7,16,8.48062785306652
3,3,8,16,8.558152037062023
3,3,9,16,8.499684969745813
3,3,10,16,8.573538559742508
3,3,11,16,8.567295662474821
3,3,12,16,8.429181826798656
3,3,13,16,8.581404016181507
3,3,14,16,8.578009491862767
3,3,0,17,8.571625782801718
3,3,1,17,8.717641044867928
3,3,2,17,8.335639093261367
3,3,3,17,8.589949610948846
3,3,4,17,8.626497355796003
3,3,5,17,8.535239007399896
3,3,6,17,8.553566108029152
3,3,7,17,8.54375027582665
3,3,8,17,8.584815600638242
3,3,9,17,8.465562700482767
3,3,10,17,8.585501631592662
3,3,11,17,8.58655747222618
3,3,12,17,8.568356585260846
3,3,13,17,8.512202650585232
3,3,14,17,8.540676763570417
3,3,0,18,8.391409970866295
3,3,1,18,8.538306332918847
3,3,2,18,8.47352112544489
3,3,3,18,8.565926463292028
3,3,4,18,8.644030167787653
3,3,5,18,8.610481671755027
3,3,6,18,8.56540039925531
3,3,7,18,8.491690896323572
3,3,8,18,8.483920554451288
3,3,9,18,8.659593944878688
3,3,10,18,8.73150595454489
3,3,11,18,8.59157396542823
3,3,12,18,8.590824867850724
3,3,13,18,8.442479346070344
3,3,14,18,8.742240982613072
3,3,0,19,8.627704714602688
3,3,1,19,8.53020036030078
3,3,2,19,8.561740721276381
3,3,3,19,8.630166988672789
3,3,4,19,8.64815953323761
3,3,5,19,8.672505045968947
3,3,6,19,8.653963471865952
3,3,7,19,8.4887948599286
3,3,8,19,8.642817172694167
3,3,9,19,8.581260231497367
3,3,10,19,8.552425209775778
3,3,11,19,8.559485891778905
3,3,12,19,8.542929993697449
3,3,13,19,8.670576710700317
3,3,14,19,8.63304531486833
3,3,0,20,8.527897616407266
3,3,1,20,8.522174729219655
3,3,2,20,8.434631009496547
3,3,3,20,8.633037855893978
3,3,4,20,8.523199625417384
3,3,5,20,8.693010946767838
3,3,6,20,8.560947448313533
3,3,7,20,8.599423086475579
3,3,8,20,8.689407742919448
3,3,9,20,8.600801290265183
3,3,10,20,8.580267207910982
3,3,11,20,8.687595310556627
3,3,12,20,8.628621534757167
3,3,13,20,8.577324311341977
3,3,14,20,8.652145033963775
3,3,0,21,8.527519832410837
3,3,1,21,8.640575725896042
3,3,2,21,8.523495988705086
3,3,3,21,8.627573107537662
3,3,4,21,8.454321951431737
3,3,5,21,8.637592064650654
3,3,6,21,8.688721270661684
3,3,7,21,8.615655669910044
3,3,8,21,8.624935380404729
3,3,9,21,8.696128981072272
3,3,10,21,8.402038172517903
3,3,11,21,8.571949693239672
3,3,12,21,8.640993196189271
3,3,13,21,8.731321022381913
3,3,14,21,8.564260941765106
3,3,0,22,8.526881948152003
3,3,1,22,8.695426854024541
3,3,2,22,8.604154691643537
3,3,3,22,8.57288884704349
3,3,4,22,8.567971644631317
3,3,5,22,8.551415575282368
3,3,6,22,8.573273508138005
3,3,7,22,8.645957444800008
3,3,8,22,8.546625627352913
3,3,9,22,8.701242473270822
3,3,10,22,8.428577863722214
3,3,11,22,8.535241802404965
3,3,12,22,8.63362669445182
3,3,13,22,8.595906190904657
3,3,14,22,8.727144552104614
3,4,0,0,8.54891200667872
3,4,1,0,8.462869502750033
3,4,2,0,8.200716516139407
3,4,3,0,8.441537436856027
3,4,4,0,8.584935154451054
3,4,5,0,8.460430532681164
3,4,6,0,8.68606078493904
3,4,7,0,8.69190770382995
3,4,8,0,8.704839691869337
3,4,9,0,8.373611326580155
3,4,10,0,8.427962021781342
3,4,11,0,8.478081880348864
3,4,12,0,8.622134355710648
3,4,13,0,8.437264708439127
3,4,14,0,8.509643633345647
3,4,0,1,8.456677820926908
3,4,1,1,8.556064042629888
3,4,2,1,8.380524974884322
3,4,3,1,8.32589929301436
3,4,4,1,8.388295862864647
3,4,5,1,8.619517202308256
3,4,6,1,8.489458214885197
3,4,7,1,8.45835580330673
3,4,8,1,8.564490323708949
3,4,9,1,8.461495593654048
3,4,10,1,8.65345977687589
3,4,11,1,8.506498838279727
3,4,12,1,8.58212724506736
3,4,13,1,8.356326702706426
3,4,14,1,8.628072886969756
3,4,0,2,8.737301706171204
3,4,1,2,8.665498125096834
3,4,2,2,8.525109996208503
3,4,3,2,8.403506174351214
3,4,4,2,8.490662375524295
3,4,5,2,8.59678062822354
3,4,6,2,8.464051568299418
3,4,7,2,8.435379417828553
3,4,8,2,8.560404489198424
3,4,9,2,8.58503790605205
3,4,10,2,8.64767515051939
3,4,11,2,8.620717282016034
3,4,12,2,8.627213388002447
3,4,13,2,8.391520874673608
3,4,14,2,8.490349735680391
3,4,0,3,8.703871801727248
3,4,1,3,8.369081757712742
3,4,2,3,8.613017652550312
3,4,3,3,8.533156052941997
3,4,4,3,8.555316169687714
3,4,5,3,8.488950312565542
3,4,6,3,8.513585801980481
3,4,7,3,8.44766384770222
3,4,8,3,8.541399811998968
3,4,9,3,8.32913658019722
3,4,10,3,8.490902230711717
3,4,11,3,8.508281767961606
3,4,12,3,8.556747980571373
3,4,13,3,8.542598281997392
3,4,14,3,8.573790173276459
3,4,0,4,8.74446162100356
3,4,1,4,8.638775063024035
3,4,2,4,8.461367218868627
3,4,3,4,8.572120339464874
3,4,4,4,8.593438328979705
3,4,5,4,8.494600889859912
3,4,6,4,8.52420858848377
3,4,7,4,8.60561292560083
3,4,8,4,8.572938914210765
3,4,9,4,8.488825263125277
3,4,10,4,8.506229900167346
3,4,11,4,8.660478087567261
3,4,12,4,8.628606313814567
3,4,13,4,8.573551461777193
3,4,14,4,8.57907168779619
3,4,0,5,8.623401504927568
3,4,1,5,8.694193015722917
3,4,2,5,8.462656894938933
3,4,3,5,8.56128302236872
3,4,4,5,8.654998012647132
3,4,5,5,8.508929948294247
3,4,6,5,8.43958346116738
3,4,7,5,8.631485525150376
3,4,8,5,8.521075525194156
3,4,9,5,8.603919173751127
3,4,10,5,8.613634342031766
3,4,11,5,8.44248868350125
3,4,12,5,8.710916603491187
3,4,13,5,8.544724563913658
3,4,14,5,8.441553166980095
3,4,0,6,8.69033827857169
3,4,1,6,8.618202223618201
3,4,2,6,8.306968272541644
3,4,3,6,8.649881204716511
3,4,4,6,8.60862606933533
3,4,5,6,8.673128295335692
3,4,6,6,8.46328704764101
3,4,7,6,8.615809256198558
3,4,8,6,8.520377857758827
3,4,9,6,8.543398501735682
3,4,10,6,8.602273402254085
3,4,11,6,8.599415212231513
3,4,12,6,8.60386747248437
3,4,13,6,8.484055799261032
3,4,14,6,8.471659633256182
3,4,0,7,8.500557227049454
3,4,1,7,8.510647358543574
3,4,2,7,8.421283467370591
3,4,3,7,8.4116332354167
3,4,4,7,8.682764282232487
3,4,5,7,8.630161889800691
3,4,6,7,8.68176841703191
3,4,7,7,8.525824719095189
3,4,8,7,8.56826008649247
3,4,9,7,8.502949312890362
3,4,10,7,8.668448909473776
3,4,11,7,8.578953135250913
3,4,12,7,8.454274649255572
3,4,13,7,8.596052044633153
3,4,14,7,8.686720484794087
3,4,0,8,8.4716709326932
3,4,1,8,8.644599252348815
3,4,2,8,8.584519240285378
3,4,3,8,8.466420531317192
3,4,4,8,8.799258737598015
3,4,5,8,8.65159267026332
3,4,6,8,8.398631946945756
3,4,7,8,8.437033466894476
3,4,8,8,8.482291569945327
3,4,9,8,8.470550554814757
3,4,10,8,8.491306884340565
3,4,11,8,8.646094548699239
3,4,12,8,8.592232512812462
3,4,13,8,8.507112101943807
3,4,14,8,8.637351539706588
3,4,0,9,8.780429566688461
3,4,1,9,8.543202357124889
3,4,2,9,8.559438128365013
3,4,3,9,8.485776292823013
3,4,4,9,8.436461697311055
3,4,5,9,8.576620263714032
3,4,6,9,8.491050915980022
3,4,7,9,8.448324648726116
3,4,8,9,8.56377387563124
3,4,9,9,8.601039308875102
3,4,10,9,8.509307614209387
3,4,11,9,8.6353762454846
3,4,12,9,8.562020960776085
3,4,13,9,8.428293025961143
3,4,14,9,8.541896321878857
3,4,0,10,8.584872814523083
3,4,1,10,8.517320310107019
3,4,2,10,8.36002479079788
3,4,3,10,8.51086685907809
3,4,4,10,8.458539078667863
3,4,5,10,8.296463044736324
3,4,6,10,8.558353110303843
3,4,7,10,8.379822073886343
3,4,8,10,8.503761822704499
3,4,9,10,8.548150854721815
3,4,10,10,8.699680149987753
3,4,11,10,8.629805718260014
3,4,12,10,8.564039072888942
3,4,13,10,8.521587423968123
3,4,14,10,8.442660442399482
3,4,0,11,8.612985323952433
3,4,1,11,8.585092156390568
3,4,2,11,8.404179525476788
3,4,3,11,8.506520114258915
3,4,4,11,8.506244177152468
3,4,5,11,8.55975912112122
3,4,6,11,8.609331493312462
3,4,7,11,8.639335035109006
3,4,8,11,8.645824912633781
3,4,9,11,8.398389928608825
3,4,10,11,8.548426034684343
3,4,11,11,8.497982587157662
3,4,12,11,8.721888766693803
3,4,13,11,8.425172170902488
3,4,14,11,8.47403772659789
3,4,0,12,8.637084389651594
3,4,1,12,8.594232991751655
3,4,2,12,8.409936723711253
3,4,3,12,8.464042752560106
3,4,4,12,8.506930206955465
3,4,5,12,8.530960336589741
3,4,6,12,8.51029399695405
3,4,7,12,8.60441832335516
3,4,8,12,8.486108134603697
3,4,9,12,8.475379330381374
3,4,10,12,8.523608826209339
3,4,11,12,8.526604275477608
3,4,12,12,8.522340022377584
3,4,13,12,8.498210756501038
3,4,14,12,8.56433938507065
3,4,0,13,8.43354330566742
3,4,1,13,8.589349914759838
3,4,2,13,8.457018313169359
3,4,3,13,8.566265659067867
3,4,4,13,8.632803625661513
3,4,5,13,8.409708127558067
3,4,6,13,8.502865438918494
3,4,7,13,8.500468895257674
3,4,8,13,8.477518014516148
3,4,9,13,8.512093933146819
3,4,10,13,8.665929446061163
3,4,11,13,8.492626163968334
3,4,12,13,8.59279863302632
3,4,13,13,8.52155029820937
3,4,14,13,8.668239275118006
3,4,0,14,8.564499239553745
3,4,1,14,8.648028049361535
3,4,2,14,8.505486931712952
3,4,3,14,8.449329627268947
3,4,4,14,8.694637321844075
3,4,5,14,8.512696739457677
3,4,6,14,8.529195401030531
3,4,7,14,8.601469826307362
3,4,8,14,8.44428042953744
3,4,9,14,8.609780081134295
3,4,10,14,8.4990484807574
3,4,11,14,8.538646639647089
3,4,12,14,8.607754756387903
3,4,13,14,8.556432732342683
3,4,14,14,8.615442382154198
3,4,0,15,8.648822827642547
3,4,1,15,8.489778091443018
3,4,2,15,8.536695046303112
3,4,3,15,8.617978592006846
3,4,4,15,8.70685460738677
3,4,5,15,8.454517272787095
3,4,6,15,8.663114823571396
3,4,7,15,8.509455043674265
3,4,8,15,8.439198650170159
3,4,9,15,8.47606893886954
3,4,10,15,8.467363839296478
3,4,11,15,8.68741546427974
3,4,12,15,8.562030095870695
3,4,13,15,8.61974532186706
3,4,14,15,8.649517500576236
3,4,0,16,8.707221977683815
3,4,1,16,8.399954649790994
3,4,2,16,8.609066807055166
3,4,3,16,8.604668606085744
3,4,4,16,8.644807752601917
3,4,5,16,8.459674949699174
3,4,6,16,8.730461959356456
3,4,7,16,8.389062243866382
3,4,8,16,8.451230325904097
3,4,9,16,8.429884956316535
3,4,10,16,8.636946817486407
3,4,11,16,8.715876249619322
3,4,12,16,8.769824093851996
3,4,13,16,8.533810514175906
3,4,14,16,8.625125654088958
3,4,0,17,8.713136554724333
3,4,1,17,8.469338291669795
3,4,2,17,8.563720684790468
3,4,3,17,8.667908315527292
3,4,4,17,8.495714457394275
3,4,5,17,8.416276253542684
3,4,6,17,8.425172801949577
3,4,7,17,8.462960212373378
3,4,8,17,8.457049035030478
3,4,9,17,8.60413881115481
3,4,10,17,8.63269663406979
3,4,11,17,8.541545251587948
3,4,12,17,8.496694226450247
3,4,13,17,8.594301148350914
3,4,14,17,8.280692331382532
3,4,0,18,8.452298773606104
3,4,1,18,8.644870421849962
3,4,2,18,8.531568617105144
3,4,3,18,8.611187968041504
3,4,4,18,8.594138919307348
3,4,5,18,8.616439505645156
3,4,6,18,8.548267032305475
3,4,7,18,8.6317625214398
3,4,8,18,8.40955187187923
3,4,9,18,8.349025071461588
3,4,10,18,8.42706575976215
3,4,11,18,8.499848608290504
3,4,12,18,8.520237328137616
3,4,13,18,8.484062095578063
3,4,14,18,8.547017255795025
3,4,0,19,8.476704487380934
3,4,1,19,8.523180099188407
3,4,2,19,8.66757559967397
3,4,3,19,8.700148568179634
3,4,4,19,8.626091815872893
3,4,5,19,8.692486421343187
3,4,6,19,8.52057771441699
3,4,7,19,8.652180075047058
3,4,8,19,8.294435622794127
3,4,9,19,8.632416995027967
3,4,10,19,8.57394291161957
3,4,11,19,8.485081735006894
3,4,12,19,8.630205756098192
3,4,13,19,8.463013045170813
3,4,14,19,8.251159598532924
3,4,0,20,8.412056697874783
3,4,1,20,8.607939222787307
3,4,2,20,8.640049323814173
3,4,3,20,8.602231047298728
3,4,4,20,8.496528888730207
3,4,5,20,8.692476902240903
3,4,6,20,8.63955163843844
3,4,7,20,8.416985935828235
3,4,8,20,8.452461276135882
3,4,9,20,8.666106832632327
3,4,10,20,8.571996530059156
3,4,11,20,8.533896447303745
3,4,12,20,8.475703011620796
3,4,13,20,8.668333081449845
3,4,14,20,8.541124384923071
3,4,0,21,8.47485391027365
3,4,1,21,8.726294482476648
3,4,2,21,8.621899515346168
3,4,3,21,8.553172937434251
3,4,4,21,8.552425209581575
3,4,5,21,8.530032115531398
3,4,6,21,8.389802233922843
3,4,7,21,8.441778207063374
3,4,8,21,8.490590075985434
3,4,9,21,8.467751978679274
3,4,10,21,8.418798090607543
3,4,11,21,8.39153916345127
3,4,12,21,8.424385692214168
3,4,13,21,8.62369431675205
3,4,14,21,8.506311156827083
3,4,0,22,8.598053256880096
3,4,1,22,8.501014493779183
3,4,2,22,8.61175828415597
3,4,3,22,8.43755861014049
3,4,4,22,8.553010644258954
3,4,5,22,8.543561112119399
3,4,6,22,8.614370349816381
3,4,7,22,8.611934218555168
3,4,8,22,8.48176913656184
3,4,9,22,8.495307583765104
3,4,10,22,8.393456490329793
3,4,11,22,8.591010434794054
3,4,12,22,8.57514354813472
3,4,13,22,8.772770896847538
3,4,14,22,8.513763046656805
3,5,0,0,8.5175217376642
3,5,1,0,8.704995258239535
3,5,2,0,8.74143256292481
3,5,3,0,8.487361827794158
3,5,4,0,8.582877795988917
3,5,5,0,8.686448010593066
3,5,6,0,8.722264802815282
3,5,7,0,8.568622944416008
3,5,8,0,8.364674047417356
3,5,9,0,8.47347149458788
3,5,10,0,8.342128776974532
3,5,11,0,8.426716680231667
3,5,12,0,8.415551851771376
3,5,13,0,8.42964215634813
3,5,14,0,8.671112124034234
3,5,0,1,8.615469053255696
3,5,1,1,8.519402190880985
3,5,2,1,8.38458222636779
3,5,3,1,8.59279471327218
3,5,4,1,8.5695216218616
3,5,5,1,8.409499171147145
3,5,6,1,8.430436615036815
3,5,7,1,8.551144825120295
3,5,8,1,8.272215189718295
3,5,9,1,8.61421170009684
3,5,10,1,8.708778413351201
3,5,11,1,8.309803298777766
3,5,12,1,8.544672619415559
3,5,13,1,8.520185520584139
3,5,14,1,8.552239388904727
3,5,0,2,8.42204490244802
3,5,1,2,8.48264046359989
3,5,2,2,8.432530380120166
3,5,3,2,8.462386443510573
3,5,4,2,8.449736106278108
3,5,5,2,8.425282493193606
3,5,6,2,8.459513216186618
3,5,7,2,8.436928540766342
3,5,8,2,8.485329182605511
3,5,9,2,8.697593792025458
3,5,10,2,8.40291993117901
3,5,11,2,8.578330832983625
3,5,12,2,8.478797289146671
3,5,13,2,8.341118073223438
3,5,14,2,8.341165586805921
3,5,0,3,8.492982061252127
3,5,1,3,8.463754723202637
3,5,2,3,8.332633138369955
3,5,3,3,8.434478883851146
3,5,4,3,8.397861480837205
3,5,5,3,8.455916977701202
3,5,6,3,8.394649796832029
3,5,7,3,8.640307520139569
3,5,8,3,8.416547298712786
3,5,9,3,8.552451900476777
3,5,10,3,8.509282477930373
3,5,11,3,8.492877445133031
3,5,12,3,8.490398284370238
3,5,13,3,8.446007791221058
3,5,14,3,8.477395129327938
3,5,0,4,8.45273805343398
3,5,1,4,8.39915595472257
3,5,2,4,8.320905120850554
3,5,3,4,8.495930835148725
3,5,4,4,8.678321186657236
3,5,5,4,8.344009919964913
3,5,6,4,8.427180858721005
3,5,7,4,8.715402313969093
3,5,8,4,8.492462619030414
3,5,9,4,8.573193983486519
3,5,10,4,8.615724105333436
3,5,11,4,8.57406000576148
3,5,12,4,8.499447861980402
3,5,13,4,8.51475975279011
3,5,14,4,8.399021726120404
3,5,0,5,8.718015184985104
3,5,1,5,8.483864477992082
3,5,2,5,8.445632920064872
3,5,3,5,8.56005573351499
3,5,4,5,8.659735764387014
3,5,5,5,8.553490470320826
3,5,6,5,8.574914692187761
3,5,7,5,8.502941062807592
3,5,8,5,8.42442874784047
3,5,9,5,8.537179950857825
3,5,10,5,8.554037129567584
3,5,11,5,8.65300059219659
3,5,12,5,8.605418803453468
3,5,13,5,8.625163833933026
3,5,14,5,8.547952535671062
3,5,0,6,8.751603777912997
3,5,1,6,8.553610224774594
3,5,2,6,8.593659094387736
3,5,3,6,8.561186269932884
3,5,4,6,8.598400516763261
3,5,5,6,8.57537879991145
3,5,6,6,8.613544635676833
3,5,7,6,8.727703622695484
3,5,8,6,8.538555090509583
3,5,9,6,8.42366583510119
3,5,10,6,8.513775329939623
3,5,11,6,8.226761518279625
3,5,12,6,8.620535222186632
3,5,13,6,8.53528840059797
3,5,14,6,8.454345077949794
3,5,0,7,8.463504854656172
3,5,1,7,8.560014284039127
3,5,2,7,8.508869158554592
3,5,3,7,8.471167949947208
3,5,4,7,8.666435759502123
3,5,5,7,8.580799456238378
3,5,6,7,8.495937962410416
3,5,7,7,8.67651401698263
3,5,8,7,8.485259654475835
3,5,9,7,8.420983404344474
3,5,10,7,8.322769804459089
3,5,11,7,8.33475735451411
3,5,12,7,8.410776182072686
3,5,13,7,8.631365575373454
3,5,14,7,8.370211086619888
3,5,0,8,8.60937472582966
3,5,1,8,8.404647684496721
3,5,2,8,8.393505895275993
3,5,3,8,8.372435950280066
3,5,4,8,8.72374379140285
3,5,5,8,8.63467625308294
3,5,6,8,8.658636384473484
3,5,7,8,8.62967735501428
3,5,8,8,8.824838123171945
3,5,9,8,8.369111308366737
3,5,10,8,8.538900640552832
3,5,11,8,8.424312062004528
3,5,12,8,8.504372306139311
3,5,13,8,8.635402375327706
3,5,14,8,8.540374422460701
3,5,0,9,8.602969788463701
3,5,1,9,8.52730188738934
3,5,2,9,8.45352250614522
3,5,3,9,8.417659427737272
3,5,4,9,8.594657626718183
3,5,5,9,8.489763135912611
3,5,6,9,8.458881239830227
3,5,7,9,8.506611776172498
3,5,8,9,8.498927597424835
3,5,9,9,8.687302795480406
3,5,10,9,8.49852832174801
3,5,11,9,8.659847853877894
3,5,12,9,8.207998702452171
3,5,13,9,8.616278638089469
3,5,14,9,8.523832156090004
3,5,0,10,8.414985274224208
3,5,1,10,8.436941975304356
3,5,2,10,8.497610498302805
3,5,3,10,8.539354456080403
3,5,4,10,8.537688347836937
3,5,5,10,8.676956295315753
3,5,6,10,8.383468235465802
3,5,7,10,8.646610574505655
3,5,8,10,8.262341560968958
3,5,9,10,8.452442299094708
3,5,10,10,8.57997649483334
3,5,11,10,8.682418482639585
3,5,12,10,8.753139372591361
3,5,13,10,8.488418749177695
3,5,14,10,8.533404465628141
3,5,0,11,8.409890443673852
3,5,1,11,8.444091895847771
3,5,2,11,8.635573769188582
3,5,3,11,8.585924224172807
3,5,4,11,8.592049497702428
3,5,5,11,8.550225817079511
3,5,6,11,8.639928531933867
3,5,7,11,8.478865977990777
3,5,8,11,8.499151933195668
3,5,9,11,8.256288362239424
3,5,10,11,8.42368593467307
3,5,11,11,8.680757794228931
3,5,12,11,8.670284963896808
3,5,13,11,8.751802856030896
3,5,14,11,8.58716803324437
3,5,0,12,8.367083942876597
3,5,1,12,8.535455428556789
3,5,2,12,8.638589386063558
3,5,3,12,8.520724897996182
3,5,4,12,8.493204411842525
3,5,5,12,8.605214517462242
3,5,6,12,8.522216964946196
3,5,7,12,8.725236067514334
3,5,8,12,8.570063418479695
3,5,9,12,8.435559607717105
3,5,10,12,8.357510413442187
3,5,11,12,8.410491421552006
3,5,12,12,8.687203297227754
3,5,13,12,8.71391352714898
3,5,14,12,8.392745879378758
3,5,0,13,8.470478852555296
3,5,1,13,8.575253918286565
3,5,2,13,8.749840157256326
3,5,3,13,8.547081199246724
3,5,4,13,8.479731275865102
3,5,5,13,8.634658943744647
3,5,6,13,8.401936997554603
3,5,7,13,8.27807696680005
3,5,8,13,8.476960651017494
3,5,9,13,8.337740555739195
3,5,10,13,8.49669398690554
3,5,11,13,8.532371633374892
3,5,12,13,8.649860541339246
3,5,13,13,8.566007848640277
3,5,14,13,8.53762788638258
3,5,0,14,8.40275289673756
3,5,1,14,8.50970694356308
3,5,2,14,8.699424358155307
3,5,3,14,8.60090468450813
3,5,4,14,8.55545221357959
3,5,5,14,8.605192241814795
3,5,6,14,8.6029046610408
3,5,7,14,8.419072148705355
3,5,8,14,8.514826822053516
3,5,9,14,8.456285524745375
3,5,10,14,8.468822674288434
3,5,11,14,8.518701753850761
3,5,12,14,8.205788375466689
3,5,13,14,8.43030303701177
3,5,14,14,8.606384242471249
3,5,0,15,8.403099131492588
3,5,1,15,8.431438550931095
3,5,2,15,8.640915548966241
3,5,3,15,8.53816907682629
3,5,4,15,8.652900619504953
3,5,5,15,8.432703462401141
3,5,6,15,8.530529121070213
3,5,7,15,8.398075399715829
3,5,8,15,8.262503997894688
3,5,9,15,8.443618314765711
3,5,10,15,8.60877866815334
3,5,11,15,8.520173737027548
3,5,12,15,8.386087577517271
3,5,13,15,8.598262150598947
3,5,14,15,8.557181568733318
3,5,0,16,8.26212503598773
3,5,1,16,8.489433663159009
3,5,2,16,8.52176679390729
3,5,3,16,8.240243045613408
3,5,4,16,8.598378530942911
3,5,5,16,8.593241522218044
3,5,6,16,8.493323387550912
3,5,7,16,8.573916135928405
3,5,8,16,8.364912891716063
3,5,9,16,8.55322300511127
3,5,10,16,8.606273840211763
3,5,11,16,8.434416725601848
3,5,12,16,8.490749283564224
3,5,13,16,8.544313571736337
3,5,14,16,8.50912801841231
3,5,0,17,8.168835790589535
3,5,1,17,8.572349756999357
3,5,2,17,8.590430885077632
3,5,3,17,8.562707496215122
3,5,4,17,8.565790293286074
3,5,5,17,8.678428637320202
3,5,6,17,8.605836874072798
3,5,7,17,8.581728167392603
3,5,8,17,8.317835676386352
3,5,9,17,8.53368096809893
3,5,10,17,8.603285395847404
3,5,11,17,8.427959217298104
3,5,12,17,8.658570006418442
3,5,13,17,8.629598010510211
3,5,14,17,8.622189726831005
3,5,0,18,8.46927878192453
3,5,1,18,8.366007180777906
3,5,2,18,8.226275283991006
3,5,3,18,8.377939340364538
3,5,4,18,8.411444600632747
3,5,5,18,8.435626769787367
3,5,6,18,8.659928153997367
3,5,7,18,8.52874614873239
3,5,8,18,8.34284077267382
3,5,9,18,8.638702147644082
3,5,10,18,8.641387042295694
3,5,11,18,8.489033436468514
3,5,12,18,8.523547756567295
3,5,13,18,8.648900191206499
3,5,14,18,8.466673594002064
3,5,0,19,8.528265390750246
3,5,1,19,8.616168230287656
3,5,2,19,8.575120254854259
3,5,3,19,8.388169299376928
3,5,4,19,8.606573323921117
3,5,5,19,8.530601986386085
3,5,6,19,8.61475846051161
3,5,7,19,8.383235592177426
3,5,8,19,8.459893234946026
3,5,9,19,8.540035342409864
3,5,10,19,8.492966186426047
3,5,11,19,8.576752632228947
3,5,12,19,8.438471192881735
3,5,13,19,8.441635779922855
3,5,14,19,8.478927244781016
3,5,0,20,8.598227426586583
3,5,1,20,8.454347377411406
3,5,2,20,8.63331968382295
3,5,3,20,8.3544724192085
3,5,4,20,8.711030256376036
3,5,5,20,8.56526206047893
3,5,6,20,8.484655002457293
3,5,7,20,8.613245343165687
3,5,8,20,8.471085896378085
3,5,9,20,8.490755411996647
3,5,10,20,8.522580833483783
3,5,11,20,8.450531261553992
3,5,12,20,8.705944571724466
3,5,13,20,8.476694786260781
3,5,14,20,8.50759615827944
3,5,0,21,8.691988000003189
3,5,1,21,8.629264337076531
3,5,2,21,8.466308514781359
3,5,3,21,8.43463740608688
3,5,4,21,8.748811370583942
3,5,5,21,8.537266153091709
3,5,6,21,8.616905754810308
3,5,7,21,8.78244667681967
3,5,8,21,8.523706936694683
3,5,9,21,8.551190864816363
3,5,10,21,8.440158038045432
3,5,11,21,8.516232732078254
3,5,12,21,8.449497604490267
3,5,13,21,8.404523075533993
3,5,14,21,8.452857717826546
3,5,0,22,8.446862759717995
3,5,1,22,8.467926007423618
3,5,2,22,8.574643839828525
3,5,3,22,8.601463771239246
3,5,4,22,8.631298385278605
3,5,5,22,8.544831560563635
3,5,6,22,8.734563083038715
3,5,7,22,8.704668526180674
3,5,8,22,8.355476409571814
3,5,9,22,8.533082041107509
3,5,10,22,8.485944005379748
3,5,11,22,8.566361191776727
3,5,12,22,8.629310905438343
3,5,13,22,8.499363167068193
3,5,14,22,8.515205531597276
3,6,0,0,8.461734198791895
3,6,1,0,8.650056534162543
3,6,2,0,8.539942214853076
3,6,3,0,8.633070798927083
3,6,4,0,8.561058597245813
3,6,5,0,8.613813833257048
3,6,6,0,8.50269999102363
3,6,7,0,8.331470978166742
3,6,8,0,8.376199140786762
3,6,9,0,8.660966918287878
3,6,10,0,8.639138068544709
3,6,11,0,8.458787289130967
3,6,12,0,8.590917004270764
3,6,13,0,8.478949326272197
3,6,14,0,8.637009546848018
3,6,0,1,8.489236148019332
3,6,1,1,8.569445792515355
3,6,2,1,8.465033594720147
3,6,3,1,8.410195651499679
3,6,4,1,8.53638101978178
3,6,5,1,8.527933237644262
3,6,6,1,8.30925352535662
3,6,7,1,8.430681827850727
3,6,8,1,8.532879900157202
3,6,9,1,8.323180385028211
3,6,10,1,8.489522490943777
3,6,11,1,8.57529291252268
3,6,12,1,8.729008845420745
3,6,13,1,8.170891752606233
3,6,14,1,8.755802023235256
3,6,0,2,8.519612341903235
3,6,1,2,8.501980999289618
3,6,2,2,8.60695410238311
3,6,3,2,8.715316332659821
3,6,4,2,8.553375080725642
3,6,5,2,8.625910019176851
3,6,6,2,8.438322179884436
3,6,7,2,8.435116943943749
3,6,8,2,8.661470277098562
3,6,9,2,8.404143557693182
3,6,10,2,8.607502402970734
3,6,11,2,8.548721578908523
3,6,12,2,8.538827128138541
3,6,13,2,8.250025911588933
3,6,14,2,8.595078601936637
3,6,0,3,8.604159634573573
3,6,1,3,8.66405990071674
3,6,2,3,8.47640934136824
3,6,3,3,8.533763341377577
3,6,4,3,8.63415999898824
3,6,5,3,8.719478481178589
3,6,6,3,8.414146070558782
3,6,7,3,8.496941376684717
3,6,8,3,8.283072079118785
3,6,9,3,8.380455523470438
3,6,10,3,8.495137341348403
3,6,11,3,8.606844720744082
3,6,12,3,8.682892568876767
3,6,13,3,8.499184953633614
3,6,14,3,8.541575236312683
3,6,0,4,8.520949224172252
3,6,1,4,8.51023050130658
3,6,2,4,8.621165700337034
3,6,3,4,8.302260959829102
3,6,4,4,8.61033494481093
3,6,5,4,8.736727518470827
3,6,6,4,8.357759077656866
3,6,7,4,8.414022071658886
3,6,8,4,8.462148973140769
3,6,9,4,8.476499041891499
3,6,10,4,8.318319442409239
3,6,11,4,8.514451089055097
3,6,12,4,8.49896081861945
3,6,13,4,8.613309702029134
3,6,14,4,8.391901948329364
3,6,0,5,8.500148377917085
3,6,1,5,8.39371156623225
3,6,2,5,8.412501183485546
3,6,3,5,8.561692051156067
3,6,4,5,8.49618495327187
3,6,5,5,8.660490213535322
3,6,6,5,8.578025490739211
3,6,7,5,8.508947912196817
3,6,8,5,8.419424322346357
3,6,9,5,8.54246428315472
3,6,10,5,8.412546657826875
3,6,11,5,8.564555234528642
3,6,12,5,8.334540656851997
3,6,13,5,8.499868888723176
3,6,14,5,8.599474727960533
3,6,0,6,8.525775235892473
3,6,1,6,8.539602964283038
3,6,2,6,8.478657754829348
3,6,3,6,8.388610091850294
3,6,4,6,8.268404156983044
3,6,5,6,8.640643871094658
3,6,6,6,8.578304574236338
3,6,7,6,8.510841828388068
3,6,8,6,8.537175807827126
3,6,9,6,8.360197477982602
3,6,10,6,8.42027505655038
3,6,11,6,8.46365217023564
3,6,12,6,8.514030051682774
3,6,13,6,8.534733894019617
3,6,14,6,8.56512402867472
3,6,0,7,8.402997331784231
3,6,1,7,8.591172974903946
3,6,2,7,8.648925716758182
3,6,3,7,8.158745845045834
3,6,4,7,8.315791998244409
3,6,5,7,8.833337312843087
3,6,6,7,8.596312997371353
3,6,7,7,8.549454730502141
3,6,8,7,8.55900574276264
3,6,9,7,8.504644139914568
3,6,10,7,8.52306768712344
3,6,11,7,8.579382850352372
3,6,12,7,8.517205387734865
3,6,13,7,8.594356563202544
3,6,14,7,8.61120282564812
3,6,0,8,8.255001159709346
3,6,1,8,8.535845912112295
3,6,2,8,8.67313899759662
3,6,3,8,8.403435598072004
3,6,4,8,8.578966403545063
3,6,5,8,8.375181732033457
3,6,6,8,8.320475258536316
3,6,7,8,8.298932480783273
3,6,8,8,8.583238068199394
3,6,9,8,8.412335658693454
3,6,10,8,8.519909166959623
3,6,11,8,8.650291445289989
3,6,12,8,8.216204079617322
3,6,13,8,8.369146715861257
3,6,14,8,8.656317621500666
3,6,0,9,8.616578939934547
3,6,1,9,8.576667153622148
3,6,2,9,8.657999370991844
3,6,3,9,8.363269438963519
3,6,4,9,8.49112810330271
3,6,5,9,8.402435399560577
3,6,6,9,8.402589224937818
3,6,7,9,8.311724575250246
3,6,8,9,8.292591639887565
3,6,9,9,8.530540018764098
3,6,10,9,8.523233813301509
3,6,11,9,8.617615699042432
3,6,12,9,8.493817494452319
3,6,13,9,8.286996689619187
3,6,14,9,8.617580752093632
3,6,0,10,8.504383724891714
3,6,1,10,8.430044461844153
3,6,2,10,8.215817531372046
3,6,3,10,8.317473749051949
3,6,4,10,8.533424999856992
3,6,5,10,8.601578422033748
3,6,6,10,8.40099726383926
3,6,7,10,8.438871378689994
3,6,8,10,8.63364111776905
3,6,9,10,8.641766758212308
3,6,10,10,8.470833131333023
3,6,11,10,8.459104999152132
3,6,12,10,8.591977600209116
3,6,13,10,8.350060831024612
3,6,14,10,8.601128821333413
3,6,0,11,8.626034615796982
3,6,1,11,8.463898823596073
3,6,2,11,8.42308311790222
3,6,3,11,8.390458949121486
3,6,4,11,8.331920239301908
3,6,5,11,8.355455289252529
3,6,6,11,8.585265315347701
3,6,7,11,8.401999750089768
3,6,8,11,8.655511385719961
3,6,9,11,8.395716573505487
3,6,10,11,8.560024573022673
3,6,11,11,8.476100229397145
3,6,12,11,8.378573463916283
3,6,13,11,8.388609559289817
3,6,14,11,8.567281901631512
3,6,0,12,8.63948170174372
3,6,1,12,8.597106854197161
3,6,2,12,8.542103494279292
3,6,3,12,8.397065063822533
3,6,4,12,8.511187366589247
3,6,5,12,8.532289016318106
3,6,6,12,8.565029910673987
3,6,7,12,8.344165814756263
3,6,8,12,8.376357715032308
3,6,9,12,8.294397718201417
3,6,10,12,8.607711773387182
3,6,11,12,8.560648119979911
3,6,12,12,8.469896036696436
3,6,13,12,8.431270751106421
3,6,14,12,8.732304431228737
3,6,0,13,8.770552544784254
3,6,1,13,8.704005409883846
3,6,2,13,8.705596344143565
3,6,3,13,8.533192625902819
3,6,4,13,8.55585710529873
3,6,5,13,8.51430842304859
3,6,6,13,8.580538502415086
3,6,7,13,8.528482148088562
3,6,8,13,8.532571073668297
3,6,9,13,8.456934578442311
3,6,10,13,8.519979454847874
3,6,11,13,8.425804531624925
3,6,12,13,8.44392056898722
3,6,13,13,8.395188833113103
3,6,14,13,8.57996275597428
3,6,0,14,8.524967477580569
3,6,1,14,8.729249526590936
3,6,2,14,8.64381409244328
3,6,3,14,8.609233619075374
3,6,4,14,8.487401927556736
3,6,5,14,8.465198262859976
3,6,6,14,8.36767048979779
3,6,7,14,8.553552245009305
3,6,8,14,8.614877027600304
3,6,9,14,8.527520239007096
3,6,10,14,8.52606304673484
3,6,11,14,8.213378255202166
3,6,12,14,8.572641755566602
3,6,13,14,8.507563512845453
3,6,14,14,8.57990572500097
3,6,0,15,8.464642770340268
3,6,1,15,8.702011178014144
3,6,2,15,8.54646215136657
3,6,3,15,8.570995186814386
3,6,4,15,8.268223689527952
3,6,5,15,8.354582015907907
3,6,6,15,8.407379742209466
3,6,7,15,8.583876357801685
3,6,8,15,8.45543663064674
3,6,9,15,8.36617069995444
3,6,10,15,8.54202316880613
3,6,11,15,8.27352597078671
3,6,12,15,8.525634740880669
3,6,13,15,8.392525009908255
3,6,14,15,8.351070636587217
3,6,0,16,8.570637467832139
3,6,1,16,8.673293839390322
3,6,2,16,8.257701272761423
3,6,3,16,8.468130242564595
3,6,4,16,8.408439876383767
3,6,5,16,8.487598865021305
3,6,6,16,8.33067444536384
3,6,7,16,8.35231356654788
3,6,8,16,8.29486492730395
3,6,9,16,8.720924127740505
3,6,10,16,8.544453195636873
3,6,11,16,8.33480226631006
3,6,12,16,8.431501206216883
3,6,13,16,8.428789080725977
3,6,14,16,8.402116729609086
3,6,0,17,8.456745959084325
3,6,1,17,8.524056087814346
3,6,2,17,8.397023749029271
3,6,3,17,8.471098080623303
3,6,4,17,8.619772106254247
3,6,5,17,8.610401860873777
3,6,6,17,8.495482455876884
3,6,7,17,8.310123595606013
3,6,8,17,8.497254449555255
3,6,9,17,8.54084976960094
3,6,10,17,8.597330649470004
3,6,11,17,8.438014635871447
3,6,12,17,8.330351098102541
3,6,13,17,8.461435427956495
3,6,14,17,8.618208398883759
3,6,0,18,8.41634969741028
3,6,1,18,8.701829701337298
3,6,2,18,8.61440427630883
3,6,3,18,8.509770395997007
3,6,4,18,8.562433063691326
3,6,5,18,8.427821880678525
3,6,6,18,8.526232765811331
3,6,7,18,8.423088422913171
3,6,8,18,8.324809371001876
3,6,9,18,8.63119596575411
3,6,10,18,8.463026447394629
3,6,11,18,8.618359797919256
3,6,12,18,8.427665819372129
3,6,13,18,8.555052245983637
3,6,14,18,8.486919400859533
3,6,0,19,8.348576088247565
3,6,1,19,8.36582020464999
3,6,2,19,8.317136533062026
3,6,3,19,8.510736556387407
3,6,4,19,8.373295532310134
3,6,5,19,8.552756121440364
3,6,6,19,8.411895845676229
3,6,7,19,8.340398783936617
3,6,8,19,8.541071981868411
3,6,9,19,8.684220214305553
3,6,10,19,8.283489631752063
3,6,11,19,8.697618623997071
3,6,12,19,8.674968162435738
3,6,13,19,8.630427575426674
3,6,14,19,8.725881714898694
3,6,0,20,8.576100082310319
3,6,1,20,8.538506288088882
3,6,2,20,8.41148700233829
3,6,3,20,8.468629490252818
3,6,4,20,8.524635225547541
3,6,5,20,8.504846542808243
3,6,6,20,8.399578418627769
3,6,7,20,8.477164354767499
3,6,8,20,8.472230602554166
3,6,9,20,8.627180754537399
3,6,10,20,8.716941202884355
3,6,11,20,8.762310930853472
3,6,12,20,8.517282381316432
3,6,13,20,8.501527553077889
3,6,14,20,8.643187237624764
3,6,0,21,8.32229025092028
3,6,1,21,8.544797192450215
3,6,2,21,8.441467498154793
3,6,3,21,8.665564549236581
3,6,4,21,8.51104203873036
3,6,5,21,8.565490123202444
3,6,6,21,8.41960356872533
3,6,7,21,8.456698015919287
3,6,8,21,8.531480339629509
3,6,9,21,8.391708454621487
3,6,10,21,8.637106369591748
3,6,11,21,8.538290149165535
3,6,12,21,8.493390267401216
3,6,13,21,8.593509272270925
3,6,14,21,8.369420785410481
3,6,0,22,8.496809249042062
3,6,1,22,8.613051923360805
3,6,2,22,8.45879509085401
3,6,3,22,8.361664347495703
3,6,4,22,8.439375870038742
3,6,5,22,8.57511248999295
3,6,6,22,8.273228865575646
3,6,7,22,8.664177902421098
3,6,8,22,8.620278580832778
3,6,9,22,8.587661882072856
3,6,10,22,8.63028735587637
3,6,11,22,8.451794982109059
3,6,12,22,8.513251513091703
3,6,13,22,8.65392756801681
3,6,14,22,8.811989709810138
3,7,0,0,8.326499011797107
3,7,1,0,8.608370294929598
3,7,2,0,8.446591946530013
3,7,3,0,8.694299272680672
3,7,4,0,8.465081338079093
3,7,5,0,8.226975934376508
3,7,6,0,8.555055873536327
3,7,7,0,8.559374628641585
3,7,8,0,8.584067870555808
3,7,9,0,8.588785862087654
3,7,10,0,8.517468085897534
3,7,11,0,8.430793770989975
3,7,12,0,8.662168294796952
3,7,13,0,8.467415409395711
3,7,14,0,8.633713907304088
3,7,0,1,8.641332179550083
3,7,1,1,8.608374347509704
3,7,2,1,8.467204550908757
3,7,3,1,8.53747475643318
3,7,4,1,8.598548878911634
3,7,5,1,8.335552879303911
3,7,6,1,8.532025801985538
3,7,7,1,8.375117492522174
3,7,8,1,8.509026507330619
3,7,9,1,8.512932226491023
3,7,10,1,8.594547804391595
3,7,11,1,8.67583079366655
3,7,12,1,8.26462875554082
3,7,13,1,8.448145605730675
3,7,14,1,8.732410979425854
3,7,0,2,8.4294085020225
3,7,1,2,8.553822968378856
3,7,2,2,8.482259040954178
3,7,3,2,8.593355626478246
3,7,4,2,8.503431619767692
3,7,5,2,8.372280764313475
3,7,6,2,8.584772534556569
3,7,7,2,8.582229725649972
3,7,8,2,8.184572632488692
3,7,9,2,8.561955273140603
3,7,10,2,8.354100835368284
3,7,11,2,8.723386024814992
3,7,12,2,8.495774057426393
3,7,13,2,8.534815876832173
3,7,14,2,8.495072567605026
3,7,0,3,8.5200738611925
3,7,1,3,8.478010174911793
3,7,2,3,8.355618732371084
3,7,3,3,8.513527183409273
3,7,4,3,8.456674135805226
3,7,5,3,8.491848273066752
3,7,6,3,8.559565443047983
3,7,7,3,8.651009174926784
3,7,8,3,8.430217410071002
3,7,9,3,8.37318831220814
3,7,10,3,8.513819955080645
3,7,11,3,8.536868192877705
3,7,12,3,8.508529339601973
3,7,13,3,8.47063561900515
3,7,14,3,8.450234970983113
3,7,0,4,8.621347598494795
3,7,1,4,8.636961332464368
3,7,2,4,8.2542030874488
3,7,3,4,8.32490806938402
3,7,4,4,8.316972572692189
3,7,5,4,8.161949836074978
3,7,6,4,8.249145388292494
3,7,7,4,8.696110638992968
3,7,8,4,8.288566412436314
3,7,9,4,8.593245242995797
3,7,10,4,8.531844665745565
3,7,11,4,8.392535861550682
3,7,12,4,8.408759962619506
3,7,13,4,8.61735513744067
3,7,14,4,8.520604890447254
3,7,0,5,8.473493090569656
3,7,1,5,8.432205348430083
3,7,2,5,8.601343030827898
3,7,3,5,8.600558074988752
3,7,4,5,8.597113189569459
3,7,5,5,8.419770078228536
3,7,6,5,8.00504185580027
3,7,7,5,8.4119607883554
3,7,8,5,8.628930367403944
3,7,9,5,8.645413247576133
3,7,10,5,8.575357268103842
3,7,11,5,8.525712079116794
3,7,12,5,8.580113891484816
3,7,13,5,8.639980671279725
3,7,14,5,8.214058513903284
3,7,0,6,8.516642517707869
3,7,1,6,8.453117200947862
3,7,2,6,8.543480581334023
3,7,3,6,8.582670001770055
3,7,4,6,8.643235764548049
3,7,5,6,8.52908195064748
3,7,6,6,8.173524992592446
3,7,7,6,8.549890836827007
3,7,8,6,8.66972610305688
3,7,9,6,8.422023259507885
3,7,10,6,8.613637739947745
3,7,11,6,8.61187076648975
3,7,12,6,8.76086795472052
3,7,13,6,8.526837068880921
3,7,14,6,8.537703421475484
3,7,0,7,8.54228491243687
3,7,1,7,8.016725163046372
3,7,2,7,8.396730954371566
3,7,3,7,8.357718439087241
3,7,4,7,8.49955423632981
3,7,5,7,8.263241706611016
3,7,6,7,8.182582529603785
3,7,7,7,8.573072853921065
3,7,8,7,8.70139906186694
3,7,9,7,8.49271521113015
3,7,10,7,8.590741509086541
3,7,11,7,8.236403590864487
3,7,12,7,8.687033050639808
3,7,13,7,8.567199130417826
3,7,14,7,8.556184660432004
3,7,0,8,8.433143383793864
3,7,1,8,8.127658789082545
3,7,2,8,8.251607191764144
3,7,3,8,8.240774048444115
3,7,4,8,8.482580449390582
3,7,5,8,8.545024316758292
3,7,6,8,8.37429424321449
3,7,7,8,8.371072780384988
3,7,8,8,8.48909161323555
3,7,9,8,8.519735060273252
3,7,10,8,8.36771051862435
3,7,11,8,8.54084646686326
3,7,12,8,8.742286458349412
3,7,13,8,8.644023919886406
3,7,14,8,8.311948184475664
3,7,0,9,8.505016950293404
3,7,1,9,8.235122384782933
3,7,2,9,8.347616272521531
3,7,3,9,8.211783940874273
3,7,4,9,8.540096275589821
3,7,5,9,8.477707025325849
3,7,6,9,8.376307947246865
3,7,7,9,8.383640572714098
3,7,8,9,8.366406253666312
3,7,9,9,8.569945120665311
3,7,10,9,8.30077751225492
3,7,11,9,8.366798925566368
3,7,12,9,8.437814480373296
3,7,13,9,8.527028981054185
3,7,14,9,8.438370146261173
3,7,0,10,8.582308218303531
3,7,1,10,8.362515067577972
3,7,2,10,8.385690049352533
3,7,3,10,8.652484413058765
3,7,4,10,8.401763639809285
3,7,5,10,8.409153645102222
3,7,6,10,8.436643798216934
3,7,7,10,8.435275753703138
3,7,8,10,8.631096457931864
3,7,9,10,8.420422603089639
3,7,10,10,8.447898709863924
3,7,11,10,8.254952045311487
3,7,12,10,8.329491375878831
3,7,13,10,8.587533403205292
3,7,14,10,8.285476567818657
3,7,0,11,8.468006985835876
3,7,1,11,8.277402688340064
3,7,2,11,8.566860420102001
3,7,3,11,8.227264530182836
3,7,4,11,8.303508920718748
3,7,5,11,8.587021824063578
3,7,6,11,8.250220071392075
3,7,7,11,8.440009589817008
3,7,8,11,8.39901357522436
3,7,9,11,8.52474056021245
3,7,10,11,8.627312677888998
3,7,11,11,8.414052487801086
3,7,12,11,8.612193270938151
3,7,13,11,8.401335424230497
3,7,14,11,8.373855198025476
3,7,0,12,8.454949459981625
3,7,1,12,8.292890286467197
3,7,2,12,8.499000853922173
3,7,3,12,8.324393771029412
3,7,4,12,7.997728758817959
3,7,5,12,8.531870108236754
3,7,6,12,8.598191452526764
3,7,7,12,8.371589992836036
3,7,8,12,8.35169230048064
3,7,9,12,8.684628988377568
3,7,10,12,8.575338902355515
3,7,11,12,8.385889573102098
3,7,12,12,8.5161270607084
3,7,13,12,8.616973039419253
3,7,14,12,8.36680695953199
3,7,0,13,8.456596342685522
3,7,1,13,8.64988159063472
3,7,2,13,8.500760312530058
3,7,3,13,8.370631979960578
3,7,4,13,8.28840096902903
3,7,5,13,8.422379284504574
3,7,6,13,8.39756375971756
3,7,7,13,8.64120205195702
3,7,8,13,8.399635521766536
3,7,9,13,8.427642403507749
3,7,10,13,8.412787717957817
3,7,11,13,8.381483779653838
3,7,12,13,8.493370280193803
3,7,13,13,8.435391524018428
3,7,14,13,8.071984360739352
3,7,0,14,8.569298222615789
3,7,1,14,8.46033984310903
3,7,2,14,8.514350418390597
3,7,3,14,8.340375432198586
3,7,4,14,8.403795966857581
3,7,5,14,8.072037555538342
3,7,6,14,8.466901750163661
3,7,7,14,8.483881644088482
3,7,8,14,8.628796871710714
3,7,9,14,8.447641995314372
3,7,10,14,8.567210337497645
3,7,11,14,8.596474443059806
3,7,12,14,8.371470607949675
3,7,13,14,8.478697627029156
3,7,14,14,8.42605537032056
3,7,0,15,8.562223807706383
3,7,1,15,8.378459490253245
3,7,2,15,8.549519279335064
3,7,3,15,8.16783630761918
3,7,4,15,8.619963187370054
3,7,5,15,8.408942322413726
3,7,6,15,8.43868368968372
3,7,7,15,8.553104575648618
3,7,8,15,8.471700840005195
3,7,9,15,8.364841366132682
3,7,10,15,8.342464908405756
3,7,11,15,8.29554473702014
3,7,12,15,8.507617505421296
3,7,13,15,8.49605992699702
3,7,14,15,8.270211487831842
3,7,0,16,8.445326751829066
3,7,1,16,8.469789633801398
3,7,2,16,8.439883275950338
3,7,3,16,8.357970818012243
3,7,4,16,8.628935797591444
3,7,5,16,8.53942879683472
3,7,6,16,8.484157553835702
3,7,7,16,8.775198253273544
3,7,8,16,8.307504726596541
3,7,9,16,8.47361714415653
3,7,10,16,8.408322785696209
3,7,11,16,8.321870097218627
3,7,12,16,8.52311556999859
3,7,13,16,8.445848014272537
3,7,14,16,8.423939182113056
3,7,0,17,8.487522506171052
3,7,1,17,8.400281352666642
3,7,2,17,8.510694531900628
3,7,3,17,8.638994893310025
3,7,4,17,8.476102634504377
3,7,5,17,8.066279799306141
3,7,6,17,8.461147618689315
3,7,7,17,8.592558490100132
3,7,8,17,8.603433761702581
3,7,9,17,8.511943351943984
3,7,10,17,8.44107138370267
3,7,11,17,8.588487756657639
3,7,12,17,8.516574814802443
3,7,13,17,8.426924409610342
3,7,14,17,8.59167325041376
3,7,0,18,8.505619757993452
3,7,1,18,8.754451629453404
3,7,2,18,8.272248044453187
3,7,3,18,8.699901573389113
3,7,4,18,8.260093935984251
3,7,5,18,8.474916909444971
3,7,6,18,8.370332517329027
3,7,7,18,8.662309665200384
3,7,8,18,8.474694890406699
3,7,9,18,8.494370411646818
3,7,10,18,8.373586920289828
3,7,11,18,8.560938620302535
3,7,12,18,8.4534105833328
3,7,13,18,8.643585345147287
3,7,14,18,8.6155023299493
3,7,0,19,8.508411622890572
3,7,1,19,8.542691368410306
3,7,2,19,8.412671190654335
3,7,3,19,8.317759883911666
3,7,4,19,8.419339334492316
3,7,5,19,8.597250232967069
3,7,6,19,8.53015829748987
3,7,7,19,8.572415734874037
3,7,8,19,8.571585301169982
3,7,9,19,8.466800494225428
3,7,10,19,8.466503875229558
3,7,11,19,8.626108844021804
3,7,12,19,8.623070699961508
3,7,13,19,8.625107431506063
3,7,14,19,8.478365232461531
3,7,0,20,8.429797276937352
3,7,1,20,8.554209934452901
3,7,2,20,8.266446917495207
3,7,3,20,8.6197525357131
3,7,4,20,8.53677739643279
3,7,5,20,8.412949572072037
3,7,6,20,8.44766536809449
3,7,7,20,8.55069277584128
3,7,8,20,8.34561901500117
3,7,9,20,8.484083833323067
3,7,10,20,8.463569077175245
3,7,11,20,8.368414516019627
3,7,12,20,8.712134110528774
3,7,13,20,8.420582706317076
3,7,14,20,8.443547764196724
3,7,0,21,8.438306238923486
3,7,1,21,8.54595834991579
3,7,2,21,8.322336366032165
3,7,3,21,8.561557490087766
3,7,4,21,8.484631898227546
3,7,5,21,8.280707703532173
3,7,6,21,8.630649103171898
3,7,7,21,8.564584622127466
3,7,8,21,8.317035797558137
3,7,9,21,8.426969441860878
3,7,10,21,8.618443269333637
3,7,11,21,8.653221415529643
3,7,12,21,8.63308561710464
3,7,13,21,8.157594165520324
3,7,14,21,8.496395686717037
3,7,0,22,8.408515095705729
3,7,1,22,8.429165343815113
3,7,2,22,8.552758227819591
3,7,3,22,8.069470168785683
3,7,4,22,8.635590569993827
3,7,5,22,8.599058698332383
3,7,6,22,8.387840674859351
3,7,7,22,8.492007697197588
3,7,8,22,8.442647865725888
3,7,9,22,8.496952052435686
3,7,10,22,8.538643966543676
3,7,11,22,8.327200847517652
3,7,12,22,8.660043898025178
3,7,13,22,8.512070425942463
3,7,14,22,8.6498996577625
3,8,0,0,8.407203487406772
3,8,1,0,8.48828169372135
3,8,2,0,8.545861861488271
3,8,3,0,8.420807126792411
3,8,4,0,8.32464788746725
3,8,5,0,8.592148143448663
3,8,6,0,8.573849760883173
3,8,7,0,8.466403964864082
3,8,8,0,8.384313567258902
3,8,9,0,8.348713846419988
3,8,10,0,8.588324297070658
3,8,11,0,8.381471928297424
3,8,12,0,8.59833606252282
3,8,13,0,8.553579633938412
3,8,14,0,8.458241864971598
3,8,0,1,8.2846110294156
3,8,1,1,8.427956827841538
3,8,2,1,8.411351965127922
3,8,3,1,8.274534467844354
3,8,4,1,8.375020407897589
3,8,5,1,8.503769903571538
3,8,6,1,8.26637902633124
3,8,7,1,8.281969252291058
3,8,8,1,8.566356612657247
3,8,9,1,8.442907844614105
3,8,10,1,8.630965387765958
3,8,11,1,8.502967931940288
3,8,12,1,8.50856039834875
3,8,13,1,8.577035268568247
3,8,14,1,8.586078087425118
3,8,0,2,8.279506065194564
3,8,1,2,8.661263856910638
3,8,2,2,8.355310683722582
3,8,3,2,8.455360844506046
3,8,4,2,8.425452854577625
3,8,5,2,8.5570701318654
3,8,6,2,8.388478830300658
3,8,7,2,8.008225919848089
3,8,8,2,8.538471977722788
3,8,9,2,8.45098306257298
3,8,10,2,8.68400314249016
3,8,11,2,8.36401188275997
3,8,12,2,8.484517604097567
3,8,13,2,8.203680679252773
3,8,14,2,8.333135743221519
3,8,0,3,8.260521813271051
3,8,1,3,8.705629089058403
3,8,2,3,8.484670028068189
3,8,3,3,8.525793494606045
3,8,4,3,8.637284596652101
3,8,5,3,8.569580657179865
3,8,6,3,8.331814675009786
3,8,7,3,8.368978446919769
3,8,8,3,8.656482607856981
3,8,9,3,8.212702483137782
3,8,10,3,8.64336832217812
3,8,11,3,8.429687329765262
3,8,12,3,8.2225874303751
3,8,13,3,8.472273497937504
3,8,14,3,8.076074484269952
3,8,0,4,8.494095824728316
3,8,1,4,8.518096307582836
3,8,2,4,8.518790245927772
3,8,3,4,8.819731849136451
3,8,4,4,8.484861520641052
3,8,5,4,8.59607552459085
3,8,6,4,8.498623847061086
3,8,7,4,8.536605603941346
3,8,8,4,8.634911783562996
3,8,9,4,8.384667153388255
3,8,10,4,8.591656288030856
3,8,11,4,8.195303131796976
3,8,12,4,8.351663399079468
3,8,13,4,8.510028940243638
3,8,14,4,8.529441300173447
3,8,0,5,8.521449588977811
3,8,1,5,8.414774623302135
3,8,2,5,8.410839144610147
3,8,3,5,8.598999358079572
3,8,4,5,8.373112012535358
3,8,5,5,8.459215807565657
3,8,6,5,8.371712474928842
3,8,7,5,8.456450989900262
3,8,8,5,8.397417541581964
3,8,9,5,8.319706279065814
3,8,10,5,8.33282011686743
3,8,11,5,8.423061167226178
3,8,12,5,8.540166343575095
3,8,13,5,8.384484353630938
3,8,14,5,8.65756782729568
3,8,0,6,8.165719017000578
3,8,1,6,8.328833323322565
3,8,2,6,8.70065918929587
3,8,3,6,8.37558763553582
3,8,4,6,8.515959051311855
3,8,5,6,8.540314517196258
3,8,6,6,8.37802017744248
3,8,7,6,8.519958579869494
3,8,8,6,8.502466701302984
3,8,9,6,8.526268340919664
3,8,10,6,8.426807497965202
3,8,11,6,8.491291149960562
3,8,12,6,8.518501243552995
3,8,13,6,8.489749711231466
3,8,14,6,8.466680947365175
3,8,0,7,8.134050359384318
3,8,1,7,8.440809678697661
3,8,2,7,8.335734355317685
3,8,3,7,8.344140917255187
3,8,4,7,8.159620422180057
3,8,5,7,8.65068842855372
3,8,6,7,8.54197968456483
3,8,7,7,7.4583873718562455
3,8,8,7,8.53648039288247
3,8,9,7,8.451384759146197
3,8,10,7,8.459628606693999
3,8,11,7,8.490736677181467
3,8,12,7,8.375654564135743
3,8,13,7,8.181795779634816
3,8,14,7,8.664874918055874
3,8,0,8,8.361121380612435
3,8,1,8,8.348144536815646
3,8,2,8,8.661860589172123
3,8,3,8,8.52071632915191
3,8,4,8,8.0868170482367
3,8,5,8,8.661696147428508
3,8,6,8,8.270967662207465
3,8,7,8,8.418556427708822
3,8,8,8,8.61054067865441
3,8,9,8,8.618971213228713
3,8,10,8,8.537316158776164
3,8,11,8,8.555910622010288
3,8,12,8,8.338681784268124
3,8,13,8,8.548811459680074
3,8,14,8,8.562463150731583
3,8,0,9,8.462680143910982
3,8,1,9,8.400860297407235
3,8,2,9,8.491375357762857
3,8,3,9,8.427037028427739
3,8,4,9,8.280452597560792
3,8,5,9,8.557514748922296
3,8,6,9,8.7543671255656
3,8,7,9,8.428285985393606
3,8,8,9,8.540495873199808
3,8,9,9,8.549341267233498
3,8,10,9,8.624555692138308
3,8,11,9,8.567471484035355
3,8,12,9,8.403542516004407
3,8,13,9,8.469268664029773
3,8,14,9,8.322234600640359
3,8,0,10,8.355149192436807
3,8,1,10,8.474931841799476
3,8,2,10,8.505311519484797
3,8,3,10,8.56029192551113
3,8,4,10,8.389781640611128
3,8,5,10,8.419845098817985
3,8,6,10,8.571773502979058
3,8,7,10,8.380593249399467
3,8,8,10,8.530081943887655
3,8,9,10,8.63615257110146
3,8,10,10,8.699841714964572
3,8,11,10,8.303071152133953
3,8,12,10,8.437386460611837
3,8,13,10,8.539528938473728
3,8,14,10,8.472140176282466
3,8,0,11,8.535491881327822
3,8,1,11,8.667663831748236
3,8,2,11,8.549145609832
3,8,3,11,8.400508116733612
3,8,4,11,8.413875456845263
3,8,5,11,8.472490197132347
3,8,6,11,8.519433118851861
3,8,7,11,8.647058749914892
3,8,8,11,8.740631381675248
3,8,9,11,8.605620367109427
3,8,10,11,8.608222207635695
3,8,11,11,8.330612108805198
3,8,12,11,8.5420760837409
3,8,13,11,8.414376521529201
3,8,14,11,8.307874373516801
3,8,0,12,8.546218914811613
3,8,1,12,8.295503779042388
3,8,2,12,8.589274821260336
3,8,3,12,8.551410370154539
3,8,4,12,8.434512762026747
3,8,5,12,8.44956160946095
3,8,6,12,8.592209542241395
3,8,7,12,8.33982263893736
3,8,8,12,8.583846751953253
3,8,9,12,8.6441882388057
3,8,10,12,8.424627151857402
3,8,11,12,8.51522733512675
3,8,12,12,8.680560965869995
3,8,13,12,8.689485162030532
3,8,14,12,8.275817121495875
3,8,0,13,8.224054155076065
3,8,1,13,8.500480566302961
3,8,2,13,8.698519844203362
3,8,3,13,8.494925590595935
3,8,4,13,8.231010284842167
3,8,5,13,8.068606943364456
3,8,6,13,8.300400032512691
3,8,7,13,8.47001050748452
3,8,8,13,8.55904532291432
3,8,9,13,8.480453314947365
3,8,10,13,8.42813176137086
3,8,11,13,8.453726356017981
3,8,12,13,8.453145982200239
3,8,13,13,8.42271756441855
3,8,14,13,8.412354454471949
3,8,0,14,8.161097694694693
3,8,1,14,8.360335179509539
3,8,2,14,8.31524652974634
3,8,3,14,8.596658651424328
3,8,4,14,8.469213419659875
3,8,5,14,8.475126457018348
3,8,6,14,8.572031858826152
3,8,7,14,8.726157033731898
3,8,8,14,8.589691872499333
3,8,9,14,8.429087667375475
3,8,10,14,8.630157643080913
3,8,11,14,8.71072731168004
3,8,12,14,8.417241526188977
3,8,13,14,8.171496219257131
3,8,14,14,8.607875190155774
3,8,0,15,8.250502562359305
3,8,1,15,8.470087935249683
3,8,2,15,8.666245279750342
3,8,3,15,8.691629720037586
3,8,4,15,8.34743626038459
3,8,5,15,8.439879597426826
3,8,6,15,8.526122171690984
3,8,7,15,8.601904890738004
3,8,8,15,8.599263581331128
3,8,9,15,8.581123653836094
3,8,10,15,8.414084707915492
3,8,11,15,8.483589789906304
3,8,12,15,8.09080560209663
3,8,13,15,8.221368558565755
3,8,14,15,8.285982876081633
3,8,0,16,8.34780858468653
3,8,1,16,8.299986114186215
3,8,2,16,8.300448570312522
3,8,3,16,8.356045177291787
3,8,4,16,8.613228671222112
3,8,5,16,8.553271311640836
3,8,6,16,8.568560067363808
3,8,7,16,8.486683042395809
3,8,8,16,8.760472048035757
3,8,9,16,8.403781699580678
3,8,10,16,8.298149412529442
3,8,11,16,8.446626862041663
3,8,12,16,8.34640755032846
3,8,13,16,8.494046218788617
3,8,14,16,8.517560764608406
3,8,0,17,8.345588328406231
3,8,1,17,8.423133845441841
3,8,2,17,8.522285472177462
3,8,3,17,8.560434087063193
3,8,4,17,8.621613220601418
3,8,5,17,8.323143972100047
3,8,6,17,8.367473249330796
3,8,7,17,8.378293275816796
3,8,8,17,8.545833580603231
3,8,9,17,8.418644338922851
3,8,10,17,8.785061298840183
3,8,11,17,8.537290232371358
3,8,12,17,8.43737351700971
3,8,13,17,8.470261172320159
3,8,14,17,8.288037592603706
3,8,0,18,8.485585787715918
3,8,1,18,8.489076009627297
3,8,2,18,8.59015307311816
3,8,3,18,8.44269643476784
3,8,4,18,8.291704419678094
3,8,5,18,8.22500438487598
3,8,6,18,8.508329408875158
3,8,7,18,8.590960687566605
3,8,8,18,8.637702566021401
3,8,9,18,8.37714050302828
3,8,10,18,8.70719446228907
3,8,11,18,8.57319348458597
3,8,12,18,8.420227799563294
3,8,13,18,8.239916330824977
3,8,14,18,8.516208775844623
3,8,0,19,8.482494062828309
3,8,1,19,8.756752963103478
3,8,2,19,8.474140545500473
3,8,3,19,8.616173100686632
3,8,4,19,8.363698782165773
3,8,5,19,8.36227881455977
3,8,6,19,8.409836773412389
3,8,7,19,8.64914300040274
3,8,8,19,8.556043927810908
3,8,9,19,8.340010745387554
3,8,10,19,8.701203825665644
3,8,11,19,8.555317695171574
3,8,12,19,8.303140343806973
3,8,13,19,8.447208811874809
3,8,14,19,8.508661218148568
3,8,0,20,8.377831172241766
3,8,1,20,8.6721526550126
3,8,2,20,8.49116444430192
3,8,3,20,8.741638403692765
3,8,4,20,8.538827923446272
3,8,5,20,8.216905382615021
3,8,6,20,8.633568637130638
3,8,7,20,8.40077670714703
3,8,8,20,8.217252134313279
3,8,9,20,8.348977958876358
3,8,10,20,8.724162772104346
3,8,11,20,8.406433844882994
3,8,12,20,8.379242273254594
3,8,13,20,8.511492254826495
3,8,14,20,8.392608348578701
3,8,0,21,8.40080967442065
3,8,1,21,8.419578573124642
3,8,2,21,8.47756164717438
3,8,3,21,8.46046144754302
3,8,4,21,8.6008574967331
3,8,5,21,8.261880145495
3,8,6,21,8.384387344574543
3,8,7,21,8.567177443990822
3,8,8,21,8.531605091953372
3,8,9,21,8.41408791606091
3,8,10,21,8.53775870238955
3,8,11,21,8.407866617537715
3,8,12,21,8.543217168240748
3,8,13,21,8.51272380310061
3,8,14,21,8.394134442290238
3,8,0,22,8.511240099440036
3,8,1,22,8.123062111891487
3,8,2,22,8.407941901430231
3,8,3,22,8.592797466025198
3,8,4,22,8.47766693521419
3,8,5,22,8.32319759737374
3,8,6,22,8.152528217431687
3,8,7,22,8.60761853201292
3,8,8,22,8.106187161989522
3,8,9,22,8.22907952066567
3,8,10,22,8.375837198228961
3,8,11,22,8.498156748176402
3,8,12,22,8.448279818804375
3,8,13,22,8.388453020885649
3,8,14,22,8.633498814122754
3,9,0,0,8.559175156841313
3,9,1,0,8.3637958682721
3,9,2,0,8.481261850885701
3,9,3,0,8.587447117279712
3,9,4,0,8.425060500179674
3,9,5,0,8.549780261258906
3,9,6,0,8.163171620415998
3,9,7,0,8.292739816266769
3,9,8,0,8.371840780056823
3,9,9,0,8.448923569833608
3,9,10,0,8.147448596475522
3,9,11,0,8.189270187304833
3,9,12,0,8.527077551407313
3,9,13,0,8.445981384626142
3,9,14,0,8.326226296528546
3,9,0,1,8.275461783696453
3,9,1,1,8.67505564832291
3,9,2,1,8.437583526149114
3,9,3,1,8.599925072396541
3,9,4,1,8.149335648758262
3,9,5,1,8.331318700913148
3,9,6,1,7.916865658431303
3,9,7,1,8.258870614343612
3,9,8,1,8.53806419325958
3,9,9,1,8.464723257231253
3,9,10,1,8.043207896983747
3,9,11,1,8.04157710125581
3,9,12,1,8.156043968456729
3,9,13,1,7.948447160449863
3,9,14,1,8.503704344403406
3,9,0,2,8.711952759808286
3,9,1,2,8.487597085081541
3,9,2,2,8.24108951681258
3,9,3,2,8.189096732060857
3,9,4,2,8.232999406385764
3,9,5,2,8.464943549596141
3,9,6,2,8.382381793661906
3,9,7,2,8.08609949364493
3,9,8,2,8.464421127388283
3,9,9,2,8.234976909326743
3,9,10,2,8.443937606588998
3,9,11,2,8.075004484178338
3,9,12,2,8.513983145477587
3,9,13,2,8.372983111742862
3,9,14,2,8.532107706733573
3,9,0,3,8.506757570410157
3,9,1,3,8.399750324318969
3,9,2,3,8.624299848851082
3,9,3,3,8.267346775466825
3,9,4,3,8.272023025081753
3,9,5,3,8.620874156455058
3,9,6,3,8.562310020670807
3,9,7,3,8.534773290200166
3,9,8,3,8.491226041147657
3,9,9,3,8.351162484761094
3,9,10,3,8.419560218654672
3,9,11,3,8.176132329959543
3,9,12,3,8.349451915748208
3,9,13,3,8.39336147123825
3,9,14,3,8.605756971054744
3,9,0,4,8.415878061245241
3,9,1,4,8.454044011889428
3,9,2,4,8.588593838286084
3,9,3,4,8.512921957630496
3,9,4,4,8.432409659250403
3,9,5,4,8.462607820733467
3,9,6,4,8.694938188804517
3,9,7,4,8.407402758842812
3,9,8,4,8.203965536934732
3,9,9,4,8.177261458015687
3,9,10,4,8.450834338134966
3,9,11,4,8.222056930042616
3,9,12,4,8.384935900417489
3,9,13,4,8.58734414442745
3,9,14,4,8.531171780515326
3,9,0,5,8.253249973650655
3,9,1,5,8.138571448616446
3,9,2,5,8.58452896508156
3,9,3,5,8.157972471094102
3,9,4,5,8.400824426923048
3,9,5,5,8.415396606993454
3,9,6,5,8.45250904212233
3,9,7,5,8.267405622713028
3,9,8,5,8.592151774989507
3,9,9,5,8.358152316423658
3,9,10,5,8.28959324957757
3,9,11,5,8.495207527348656
3,9,12,5,8.345267888610202
3,9,13,5,8.426503090048556
3,9,14,5,8.08094843506488
3,9,0,6,8.522332466246482
3,9,1,6,8.393656593544568
3,9,2,6,8.12206621700274
3,9,3,6,8.461944151651435
3,9,4,6,8.198686710317602
3,9,5,6,8.739519135573405
3,9,6,6,8.45240220571377
3,9,7,6,7.887700250484588
3,9,8,6,8.40220130914579
3,9,9,6,8.148529919485615
3,9,10,6,8.626175828059582
3,9,11,6,8.505256419552815
3,9,12,6,8.28773565101615
3,9,13,6,8.22367214955991
3,9,14,6,7.8417917187713275
3,9,0,7,8.384158912215183
3,9,1,7,8.422529941737487
3,9,2,7,8.304043652692258
3,9,3,7,8.482249570329165
3,9,4,7,8.423540641060661
3,9,5,7,8.54116785890168
3,9,6,7,8.543038275245495
3,9,7,7,8.012857705867576
3,9,8,7,8.827063496786156
3,9,9,7,8.514110166822334
3,9,10,7,8.51001222443998
3,9,11,7,8.416355809722326
3,9,12,7,8.62631595283072
3,9,13,7,8.31047173080294
3,9,14,7,8.257712909236744
3,9,0,8,8.363055440281032
3,9,1,8,8.455188499894158
3,9,2,8,8.313218740607585
3,9,3,8,8.252327982285276
3,9,4,8,8.500274922940104
3,9,5,8,8.474575961973239
3,9,6,8,8.469681738532078
3,9,7,8,7.949959947620178
3,9,8,8,8.542363665620377
3,9,9,8,8.27489753114092
3,9,10,8,8.722713199362545
3,9,11,8,8.5369435096425
3,9,12,8,8.400743475942315
3,9,13,8,8.072636514551156
3,9,14,8,8.554809207418725
3,9,0,9,8.194706950780818
3,9,1,9,8.364125557063854
3,9,2,9,8.653532668077649
3,9,3,9,8.43885437526528
3,9,4,9,8.484191706831128
3,9,5,9,8.446145328037057
3,9,6,9,8.216462374940159
3,9,7,9,8.463876737052548
3,9,8,9,8.400927540562302
3,9,9,9,8.520830544242829
3,9,10,9,8.42449501577074
3,9,11,9,8.453862541813217
3,9,12,9,8.184910173070744
3,9,13,9,8.456741815637846
3,9,14,9,8.56890677851174
3,9,0,10,8.250028933963065
3,9,1,10,8.276871640546776
3,9,2,10,8.621215861052347
3,9,3,10,8.494619688637385
3,9,4,10,8.334634618237967
3,9,5,10,8.451718953335893
3,9,6,10,8.435023457038833
3,9,7,10,8.402937197717623
3,9,8,10,8.528585086329352
3,9,9,10,8.238978029102888
3,9,10,10,8.260355151180907
3,9,11,10,8.162795005522343
3,9,12,10,8.444213030108079
3,9,13,10,8.502401009462128
3,9,14,10,8.498837181644994
3,9,0,11,8.590729952003361
3,9,1,11,8.393095183492752
3,9,2,11,8.573139273469403
3,9,3,11,8.685989194230096
3,9,4,11,8.52408505652484
3,9,5,11,8.497935056828581
3,9,6,11,8.511671979409332
3,9,7,11,8.375445101969223
3,9,8,11,8.101888423342686
3,9,9,11,8.41762480605386
3,9,10,11,8.194044407309592
3,9,11,11,8.311595510065072
3,9,12,11,8.195159512283569
3,9,13,11,8.366504869377
3,9,14,11,8.516012371593858
3,9,0,12,8.644436335728862
3,9,1,12,8.413520451644679
3,9,2,12,8.559396563113122
3,9,3,12,8.572107297472602
3,9,4,12,8.327052209493509
3,9,5,12,8.342151562528853
3,9,6,12,8.392879205745468
3,9,7,12,8.316348655329493
3,9,8,12,8.051388837240134
3,9,9,12,8.57692074463902
3,9,10,12,8.234245662412185
3,9,11,12,8.315737943298041
3,9,12,12,8.519908843628029
3,9,13,12,8.661159380090066
3,9,14,12,8.28343387411112
3,9,0,13,8.429447382732436
3,9,1,13,7.822070264246681
3,9,2,13,8.516176587543232
3,9,3,13,8.571554579674945
3,9,4,13,8.263058886281899
3,9,5,13,8.403429451035677
3,9,6,13,8.412516720095114
3,9,7,13,8.065396871225886
3,9,8,13,8.348849051669733
3,9,9,13,8.297658516210786
3,9,10,13,8.150100202465385
3,9,11,13,8.55210884627366
3,9,12,13,8.404488653951228
3,9,13,13,8.582244855768792
3,9,14,13,8.237123503220952
3,9,0,14,8.501321518966146
3,9,1,14,8.628591283858173
3,9,2,14,8.545162167784907
3,9,3,14,8.347079159410615
3,9,4,14,8.458367637431989
3,9,5,14,8.48542557632739
3,9,6,14,8.455376432918149
3,9,7,14,8.416295701807863
3,9,8,14,8.574037012708803
3,9,9,14,8.309658656515797
3,9,10,14,8.10453556575122
3,9,11,14,8.41720825212684
3,9,12,14,8.32708988612454
3,9,13,14,8.449281616526045
3,9,14,14,8.393264963488216
3,9,0,15,8.328323545990342
3,9,1,15,8.546154396626298
3,9,2,15,8.506720539662807
3,9,3,15,8.551696296425945
3,9,4,15,8.294014361217041
3,9,5,15,8.386772650767
3,9,6,15,8.329371795912701
3,9,7,15,8.624830683965376
3,9,8,15,8.467811094183046
3,9,9,15,8.45686717146219
3,9,10,15,8.62319365714242
3,9,11,15,8.399742181064202
3,9,12,15,8.2941191743149
3,9,13,15,8.548907753393962
3,9,14,15,8.459543358003371
3,9,0,16,8.412350244998018
3,9,1,16,8.59956926707595
3,9,2,16,8.336329422929609
3,9,3,16,8.442898008784598
3,9,4,16,8.39177366485021
3,9,5,16,8.317542788757272
3,9,6,16,8.527203151634579
3,9,7,16,8.317536208703556
3,9,8,16,8.506220830791635
3,9,9,16,8.53203800557021
3,9,10,16,8.577485054568474
3,9,11,16,8.252743677188331
3,9,12,16,8.402205739709586
3,9,13,16,8.012644715922482
3,9,14,16,8.595059375915957
3,9,0,17,8.303635837094511
3,9,1,17,8.479141726953813
3,9,2,17,8.375264050380931
3,9,3,17,8.308372940156733
3,9,4,17,8.446228022296985
3,9,5,17,8.480866422804498
3,9,6,17,8.462274915779515
3,9,7,17,8.560343863519664
3,9,8,17,8.60250223119515
3,9,9,17,8.273412300333984
3,9,10,17,8.477645652161117
3,9,11,17,8.40286176096817
3,9,12,17,8.528258537676319
3,9,13,17,8.374562540796234
3,9,14,17,8.435693315036097
3,9,0,18,8.383689694128554
3,9,1,18,8.291574921360118
3,9,2,18,8.293673221312101
3,9,3,18,8.550252714675432
3,9,4,18,8.574151423674603
3,9,5,18,8.555510800865415
3,9,6,18,8.469263664573871
3,9,7,18,8.492986982776262
3,9,8,18,8.386576140355727
3,9,9,18,8.300187324409208
3,9,10,18,8.504215680913862
3,9,11,18,8.46351209965439
3,9,12,18,8.307921679143888
3,9,13,18,8.28272014476959
3,9,14,18,8.484034618524056
3,9,0,19,8.114257008587309
3,9,1,19,8.532873678661925
3,9,2,19,8.547996340503472
3,9,3,19,8.37924029533568
3,9,4,19,8.230047648139545
3,9,5,19,8.500317574164285
3,9,6,19,8.547435206323078
3,9,7,19,8.541849811718503
3,9,8,19,8.462161545261894
3,9,9,19,8.412408294050834
3,9,10,19,8.338500112141348
3,9,11,19,8.362889776267503
3,9,12,19,8.295830053900547
3,9,13,19,8.354219613253653
3,9,14,19,8.240039186001573
3,9,0,20,7.994027375931569
3,9,1,20,8.39098591404928
3,9,2,20,8.563763080540095
3,9,3,20,8.339605051072033
3,9,4,20,8.760191876848333
3,9,5,20,8.155778149891889
3,9,6,20,8.631923344498867
3,9,7,20,8.608790197743605
3,9,8,20,8.619414886389768
3,9,9,20,8.304935191118616
3,9,10,20,8.262279942923735
3,9,11,20,8.433233373699913
3,9,12,20,8.635019533758937
3,9,13,20,8.307051074915906
3,9,14,20,8.250296214785633
3,9,0,21,8.295193296975551
3,9,1,21,8.51160468331076
3,9,2,21,8.693697165278943
3,9,3,21,8.368551916458793
3,9,4,21,8.096936570745711
3,9,5,21,8.334505653638798
3,9,6,21,8.501264138747777
3,9,7,21,8.491705353303923
3,9,8,21,8.664408043274625
3,9,9,21,8.271444810222297
3,9,10,21,8.2223426399089
3,9,11,21,8.483511470593193
3,9,12,21,8.788457224630385
3,9,13,21,8.417512157042776
3,9,14,21,8.198519877706278
3,9,0,22,8.348830282626052
3,9,1,22,8.665335201244753
3,9,2,22,8.421605581844906
3,9,3,22,8.246184081605817
3,9,4,22,8.407327012030102
3,9,5,22,8.377409925540642
3,9,6,22,8.605801839051257
3,9,7,22,8.601370968681222
3,9,8,22,8.385581633686138
3,9,9,22,8.267691814692391
3,9,10,22,8.251837960188809
3,9,11,22,8.203283506856295
3,9,12,22,8.384887841184142
3,9,13,22,8.170010230945564
3,9,14,22,8.402995989100157
3,10,0,0,8.182778662297647
3,10,1,0,8.006951421981888
3,10,2,0,8.288256126732579
3,10,3,0,8.245659280091822
3,10,4,0,8.319799932518523
3,10,5,0,8.126515241426013
3,10,6,0,8.215888942907894
3,10,7,0,8.379020042023608
3,10,8,0,8.440859741126918
3,10,9,0,8.448183020126413
3,10,10,0,8.61995022666981
3,10,11,0,8.429748663178755
3,10,12,0,8.446823119296903
3,10,13,0,8.445833741674528
3,10,14,0,8.31714451011345
3,10,0,1,8.167985028097792
3,10,1,1,8.219117503325233
3,10,2,1,8.592182328236262
3,10,3,1,8.693043647106151
3,10,4,1,8.387013421752341
3,10,5,1,8.475115455459196
3,10,6,1,8.305574435919
3,10,7,1,8.258108151209283
3,10,8,1,8.154960958830591
3,10,9,1,8.674934889140063
3,10,10,1,8.365815392989408
3,10,11,1,8.271190927276713
3,10,12,1,8.543047315857644
3,10,13,1,8.273158680817252
3,10,14,1,8.190928750654615
3,10,0,2,8.384589132738443
3,10,1,2,8.385748705831565
3,10,2,2,8.491126977170614
3,10,3,2,8.54387037111806
3,10,4,2,8.24856292790629
3,10,5,2,8.458994492110278
3,10,6,2,7.823908777667258
3,10,7,2,8.252720800807483
3,10,8,2,8.001379839251195
3,10,9,2,8.520688187026725
3,10,10,2,8.219792356297924
3,10,11,2,8.353848537540385
3,10,12,2,8.418285719495671
3,10,13,2,8.306754795194143
3,10,14,2,8.636714025500748
3,10,0,3,8.392378707309126
3,10,1,3,8.179467197058068
3,10,2,3,8.393217157247836
3,10,3,3,8.561992722199925
3,10,4,3,7.60151282718586
3,10,5,3,8.322496673826285
3,10,6,3,8.42850874192126
3,10,7,3,8.309254304925624
3,10,8,3,8.492949650763377
3,10,9,3,8.46717821840041
3,10,10,3,8.169324628207228
3,10,11,3,8.318511430301193
3,10,12,3,8.046832663716406
3,10,13,3,8.317899610023314
3,10,14,3,8.38109774329582
3,10,0,4,8.312533610156931
3,10,1,4,8.385848853056771
3,10,2,4,8.594800476126277
3,10,3,4,8.311130703397698
3,10,4,4,8.4318787439163
3,10,5,4,8.484071971347861
3,10,6,4,8.30369250368218
3,10,7,4,8.452959398847877
3,10,8,4,8.014316464330241
3,10,9,4,8.533332406797518
3,10,10,4,8.442638797811004
3,10,11,4,8.22537246039594
3,10,12,4,8.524676564605688
3,10,13,4,8.348306424128419
3,10,14,4,8.377088026588256
3,10,0,5,8.301084108760342
3,10,1,5,8.325780408811106
3,10,2,5,8.388794803379163
3,10,3,5,7.841270187753989
3,10,4,5,8.530901625887465
3,10,5,5,8.535844282012771
3,10,6,5,8.548690307418472
3,10,7,5,8.706360064546619
3,10,8,5,8.22666149658032
3,10,9,5,8.312020083493783
3,10,10,5,8.439153997308756
3,10,11,5,8.445416929990152
3,10,12,5,8.547873647276756
3,10,13,5,8.543196111519233
3,10,14,5,8.571099353158736
3,10,0,6,8.629785529644616
3,10,1,6,8.032912459467866
3,10,2,6,8.205567389012266
3,10,3,6,8.260914485098722
3,10,4,6,8.362820090684954
3,10,5,6,8.430589750413354
3,10,6,6,8.222358935564191
3,10,7,6,8.519576218860761
3,10,8,6,8.119746468365474
3,10,9,6,8.244471953306338
3,10,10,6,8.666238351520049
3,10,11,6,8.32260453884435
3,10,12,6,8.64994116546244
3,10,13,6,8.255900757337733
3,10,14,6,8.625361643795546
3,10,0,7,8.376211751732363
3,10,1,7,8.628090818600581
3,10,2,7,8.450019598647573
3,10,3,7,8.507902965236482
3,10,4,7,8.402095955999924
3,10,5,7,8.287601107227704
3,10,6,7,8.280287182988001
3,10,7,7,8.39589874974776
3,10,8,7,8.189656666364737
3,10,9,7,8.27679268631804
3,10,10,7,8.389377116089637
3,10,11,7,8.061912112032019
3,10,12,7,8.373586154089026
3,10,13,7,8.099716671126625
3,10,14,7,8.41677862007663
3,10,0,8,8.467345794997568
3,10,1,8,8.464275339298405
3,10,2,8,8.351656186966807
3,10,3,8,8.317569607986112
3,10,4,8,8.09848265997625
3,10,5,8,8.503159006728486
3,10,6,8,8.360012832588453
3,10,7,8,7.9776710901684895
3,10,8,8,8.187845230944333
3,10,9,8,8.317788890338125
3,10,10,8,8.272989847094093
3,10,11,8,8.092201468954782
3,10,12,8,8.520112243597922
3,10,13,8,8.186672995621436
3,10,14,8,8.458202864764347
3,10,0,9,8.604350653988364
3,10,1,9,8.211765714759895
3,10,2,9,8.301929694072962
3,10,3,9,8.41868238529765
3,10,4,9,8.224691154155385
3,10,5,9,8.521433563579627
3,10,6,9,8.50159245704798
3,10,7,9,8.313693824526366
3,10,8,9,8.326750875904048
3,10,9,9,8.517166342790842
3,10,10,9,8.275516048630879
3,10,11,9,8.510044515137974
3,10,12,9,8.400149623650167
3,10,13,9,8.456521104644292
3,10,14,9,8.483766897521853
3,10,0,10,8.514554269231171
3,10,1,10,8.159189758767099
3,10,2,10,8.05010260375944
3,10,3,10,8.458008418046996
3,10,4,10,8.343390714770726
3,10,5,10,8.269994810444215
3,10,6,10,8.613448255518882
3,10,7,10,8.388989046898324
3,10,8,10,8.521595821415469
3,10,9,10,8.45569436894794
3,10,10,10,8.263090419931364
3,10,11,10,8.53217611812151
3,10,12,10,8.420963078033932
3,10,13,10,8.417993983597267
3,10,14,10,8.403035367956262
3,10,0,11,8.452517629939097
3,10,1,11,8.360692892165336
3,10,2,11,8.498809008693517
3,10,3,11,8.62592379786
3,10,4,11,8.322724445307028
3,10,5,11,8.18883472921026
3,10,6,11,8.474223063095758
3,10,7,11,8.442744443664782
3,10,8,11,8.482751642257716
3,10,9,11,8.37489080241191
3,10,10,11,8.275401923669856
3,10,11,11,8.45417508843865
3,10,12,11,8.001189835992088
3,10,13,11,8.355976248065058
3,10,14,11,8.41877253802139
3,10,0,12,8.362558971129761
3,10,1,12,8.616754580080167
3,10,2,12,8.176466460584404
3,10,3,12,8.615909984984446
3,10,4,12,8.333799193461907
3,10,5,12,8.29892209213159
3,10,6,12,8.422489513176515
3,10,7,12,8.311994489635985
3,10,8,12,8.340599830404958
3,10,9,12,8.414566854609241
3,10,10,12,7.919421114925809
3,10,11,12,8.446467950255682
3,10,12,12,8.40335929436787
3,10,13,12,8.309047914993215
3,10,14,12,8.319224270227252
3,10,0,13,8.103807433321727
3,10,1,13,8.06910143848485
3,10,2,13,8.193943631387965
3,10,3,13,8.253760353349172
3,10,4,13,8.207781847009644
3,10,5,13,8.201269311019768
3,10,6,13,8.577428574838429
3,10,7,13,8.415645623861474
3,10,8,13,8.70578174784118
3,10,9,13,8.421137627972236
3,10,10,13,8.301441750838682
3,10,11,13,8.49537122944089
3,10,12,13,8.572161673429639
3,10,13,13,8.085075934911298
3,10,14,13,7.289123300296084
3,10,0,14,8.371127139613087
3,10,1,14,8.390115022641972
3,10,2,14,8.067822144982586
3,10,3,14,8.09784709395001
3,10,4,14,8.041283158139413
3,10,5,14,8.481149041526601
3,10,6,14,8.61624187201514
3,10,7,14,8.007272905991787
3,10,8,14,8.644378165577118
3,10,9,14,8.081781991237246
3,10,10,14,8.14851309362111
3,10,11,14,8.091313695131376
3,10,12,14,8.496759484643272
3,10,13,14,8.010194833113705
3,10,14,14,8.303995962336238
3,10,0,15,8.195586884673695
3,10,1,15,8.466995838577065
3,10,2,15,7.992560431814813
3,10,3,15,7.903513634891995
3,10,4,15,8.36604336345762
3,10,5,15,8.042213641194639
3,10,6,15,8.706646610761752
3,10,7,15,8.511269997452148
3,10,8,15,8.453183039033295
3,10,9,15,8.571091399682105
3,10,10,15,8.198518290078574
3,10,11,15,8.44887860103698
3,10,12,15,8.658428054175328
3,10,13,15,8.300992814208232
3,10,14,15,8.540294419506996
3,10,0,16,8.611235961849188
3,10,1,16,8.430183448797688
3,10,2,16,7.886865750433117
3,10,3,16,8.459552185431733
3,10,4,16,8.459487248280197
3,10,5,16,8.374622254859812
3,10,6,16,8.783857874481114
3,10,7,16,8.7199183851966
3,10,8,16,8.17765782575945
3,10,9,16,8.260445471623424
3,10,10,16,8.432201004144257
3,10,11,16,8.28373179052151
3,10,12,16,8.218319390298173
3,10,13,16,8.537489953829768
3,10,14,16,8.38920563261015
3,10,0,17,8.12732980787865
3,10,1,17,8.151218566286559
3,10,2,17,8.107223011353778
3,10,3,17,8.535555797629682
3,10,4,17,8.184443042330024
3,10,5,17,8.538799223728777
3,10,6,17,8.603560662997369
3,10,7,17,8.393877528295393
3,10,8,17,8.443817168297924
3,10,9,17,8.342709725913315
3,10,10,17,8.375708987690944
3,10,11,17,8.458773748139853
3,10,12,17,8.151058783957806
3,10,13,17,8.453711516628763
3,10,14,17,8.522153556078088
3,10,0,18,8.369099625243326
3,10,1,18,8.42879803784407
3,10,2,18,8.288273285414638
3,10,3,18,8.334945688983204
3,10,4,18,8.139355078536424
3,10,5,18,8.471862788485238
3,10,6,18,8.192016864451878
3,10,7,18,8.272655547495576
3,10,8,18,8.518982738472117
3,10,9,18,8.414985007944141
3,10,10,18,8.274373543470734
3,10,11,18,8.40258968764326
3,10,12,18,8.320772713802857
3,10,13,18,8.268615530433388
3,10,14,18,8.42515685856944
3,10,0,19,8.162859925505982
3,10,1,19,8.543059400949112
3,10,2,19,8.39703815743352
3,10,3,19,8.212913664136517
3,10,4,19,8.184312885756862
3,10,5,19,8.353410425952625
3,10,6,19,8.33253167693163
3,10,7,19,8.478331840058267
3,10,8,19,8.625726280049044
3,10,9,19,8.548324771829433
3,10,10,19,8.402878154135966
3,10,11,19,8.312029713474681
3,10,12,19,8.367141113439395
3,10,13,19,8.215847730983997
3,10,14,19,8.318537952606206
3,10,0,20,8.16947048346375
3,10,1,20,8.467104783534666
3,10,2,20,8.645016534726311
3,10,3,20,8.522912131216252
3,10,4,20,8.234267580765021
3,10,5,20,8.247819274530977
3,10,6,20,8.252967219587157
3,10,7,20,8.42102844540001
3,10,8,20,8.439441427900487
3,10,9,20,8.586123982013445
3,10,10,20,8.201485213859169
3,10,11,20,8.288036909987522
3,10,12,20,8.288644840903299
3,10,13,20,8.383056088714067
3,10,14,20,8.492861966517077
3,10,0,21,8.303981420623757
3,10,1,21,8.11866524041628
3,10,2,21,8.368227837685401
3,10,3,21,8.695498243727336
3,10,4,21,8.43703958744643
3,10,5,21,8.529864039466686
3,10,6,21,8.170355042029414
3,10,7,21,8.242108643517533
3,10,8,21,8.523132297943265
3,10,9,21,8.453609350042928
3,10,10,21,8.07609220507402
3,10,11,21,8.33001185535057
3,10,12,21,8.171850574160816
3,10,13,21,8.451223514860452
3,10,14,21,8.221190259188269
3,10,0,22,8.659366728788788
3,10,1,22,8.547807310784513
3,10,2,22,8.619875276974721
3,10,3,22,8.46435095743614
3,10,4,22,8.544415208342766
3,10,5,22,8.547503430131902
3,10,6,22,8.413644033486657
3,10,7,22,8.385135329048465
3,10,8,22,8.205931038101317
3,10,9,22,8.588250719866549
3,10,10,22,8.474949080193085
3,10,11,22,8.253243994760803
3,10,12,22,7.977054520160323
3,10,13,22,8.570115090043544
3,10,14,22,8.269700513457442
4,3,0,0,8.437369164853731
4,3,1,0,8.513333419363674
4,3,2,0,8.522742267559607
4,3,3,0,8.115991481527562
4,3,4,0,8.391805476600606
4,3,5,0,8.195975892364492
4,3,6,0,8.3075803864743
4,3,7,0,8.267023904829012
4,3,8,0,8.407865569618409
4,3,9,0,8.494661021932705
4,3,10,0,8.250546544813183
4,3,11,0,8.273228198490607
4,3,12,0,8.471653587998407
4,3,13,0,8.173112844063997
4,3,14,0,8.293473426298082
4,3,0,1,8.562938449123049
4,3,1,1,8.381732628458206
4,3,2,1,8.532423520678531
4,3,3,1,8.353936388375166
4,3,4,1,8.443217772215927
4,3,5,1,8.305596502624974
4,3,6,1,8.356447322740932
4,3,7,1,8.30918008379508
4,3,8,1,8.398251204327053
4,3,9,1,8.284823022907247
4,3,10,1,8.308040991896751
4,3,11,1,8.346031400015718
4,3,12,1,8.32277579321647
4,3,13,1,8.343635893669799
4,3,14,1,8.311474214109365
4,3,0,2,8.314879845594124
4,3,1,2,8.356677778832825
4,3,2,2,8.239512797755925
4,3,3,2,8.31665166380079
4,3,4,2,8.558818497800027
4,3,5,2,8.423799754256025
4,3,6,2,8.398871072276908
4,3,7,2,8.263342697022633
4,3,8,2,8.478103692759541
4,3,9,2,8.340449881549088
4,3,10,2,8.31439529011567
4,3,11,2,8.435015882147052
4,3,12,2,8.197408000338493
4,3,13,2,8.301963632379078
4,3,14,2,8.401927874745557
4,3,0,3,8.375988053540507
4,3,1,3,8.423177438292807
4,3,2,3,8.155104082255715
4,3,3,3,8.334996156289186
4,3,4,3,8.39747865286405
4,3,5,3,8.408908153296615
4,3,6,3,8.56052809606447
4,3,7,3,8.219979087363877
4,3,8,3,8.363359317507735
4,3,9,3,8.274154509538352
4,3,10,3,8.340503266509145
4,3,11,3,8.330437447487181
4,3,12,3,8.245858710672492
4,3,13,3,8.43703004123361
4,3,14,3,8.320184254525348
4,3,0,4,8.30294699319956
4,3,1,4,8.334194255524492
4,3,2,4,8.281748805283547
4,3,3,4,8.462498250637474
4,3,4,4,8.35493923004797
4,3,5,4,8.253079193045227
4,3,6,4,8.431489750349748
4,3,7,4,8.318220306359873
4,3,8,4,8.26858643971676
4,3,9,4,8.361272613325813
4,3,10,4,8.462066931319999
4,3,11,4,8.579724815882399
4,3,12,4,8.484556507509685
4,3,13,4,8.433274178835298
4,3,14,4,8.308091805449747
4,3,0,5,8.157469954882966
4,3,1,5,8.281094220334062
4,3,2,5,8.332395238143702
4,3,3,5,8.334870634756927
4,3,4,5,8.445780886849068
4,3,5,5,8.421055272491143
4,3,6,5,8.39576113276143
4,3,7,5,8.39620328643777
4,3,8,5,8.367707093720163
4,3,9,5,8.394894362700056
4,3,10,5,8.36063096140231
4,3,11,5,8.346793507993688
4,3,12,5,8.366996042360263
4,3,13,5,8.3946859254297
4,3,14,5,8.221945298467167
4,3,0,6,8.183737854813359
4,3,1,6,8.307507552347975
4,3,2,6,8.280714519815868
4,3,3,6,8.255139225508081
4,3,4,6,8.441468263666636
4,3,5,6,8.497206928627053
4,3,6,6,8.214721460256785
4,3,7,6,8.35635398134221
4,3,8,6,8.310266720111265
4,3,9,6,8.43132869989526
4,3,10,6,8.181427334168916
4,3,11,6,8.416102963162082
4,3,12,6,8.528517162608914
4,3,13,6,8.355777053687378
4,3,14,6,8.390849958968113
4,3,0,7,8.46848590830905
4,3,1,7,8.314192756077281
4,3,2,7,8.373804206758484
4,3,3,7,8.29327467101131
4,3,4,7,8.397750322071394
4,3,5,7,8.292078197056512
4,3,6,7,8.12462010001686
4,3,7,7,8.321985349615588
4,3,8,7,8.211576372141039
4,3,9,7,8.311265800094432
4,3,10,7,8.201936150870386
4,3,11,7,8.388472583567237
4,3,12,7,8.441683445140553
4,3,13,7,8.413026724914117
4,3,14,7,8.320051283418053
4,3,0,8,8.473320123105625
4,3,1,8,8.354770750921675
4,3,2,8,8.379152015780537
4,3,3,8,8.401228285444722
4,3,4,8,8.29686725483271
4,3,5,8,8.250042206849775
4,3,6,8,8.227867475577312
4,3,7,8,8.217248988034848
4,3,8,8,8.210858931120784
4,3,9,8,8.366255288184842
4,3,10,8,8.410120702222041
4,3,11,8,8.377789337703277
4,3,12,8,8.443370147139289
4,3,13,8,8.350567557689144
4,3,14,8,8.461174702843344
4,3,0,9,8.355307284034575
4,3,1,9,8.306635408528889
4,3,2,9,8.456469802900365
4,3,3,9,8.304324522914843
4,3,4,9,8.208075361424585
4,3,5,9,8.375804279576146
4,3,6,9,8.364527501463613
4,3,7,9,8.1634564090692
4,3,8,9,8.171059006173481
4,3,9,9,8.52749417158612
4,3,10,9,8.329833721739673
4,3,11,9,8.154833270954922
4,3,12,9,8.31085084714076
4,3,13,9,8.215483337082606
4,3,14,9,8.29202947095274
4,3,0,10,8.525631598709912
4,3,1,10,8.181835574475295
4,3,2,10,8.367579242164995
4,3,3,10,8.355303594752815
4,3,4,10,8.307052815750641
4,3,5,10,8.543471065481935
4,3,6,10,8.31670931636726
4,3,7,10,8.216806016251317
4,3,8,10,8.48571567067342
4,3,9,10,8.124992781422707
4,3,10,10,8.238593280731946
4,3,11,10,8.409974648630016
4,3,12,10,8.266886200393046
4,3,13,10,8.272104841166223
4,3,14,10,8.297075329510712
4,3,0,11,8.332373316894818
4,3,1,11,7.973800743846197
4,3,2,11,8.502580377725062
4,3,3,11,8.458132605025929
4,3,4,11,8.318847977362129
4,3,5,11,8.452592531585665
4,3,6,11,8.278957192062489
4,3,7,11,8.2863807485176
4,3,8,11,8.499944049038877
4,3,9,11,8.148809063944874
4,3,10,11,8.551256215021033
4,3,11,11,8.49781806791066
4,3,12,11,8.353689856481509
4,3,13,11,8.348464452736089
4,3,14,11,8.481852083345297
4,3,0,12,8.381517499751661
4,3,1,12,8.040630118349352
4,3,2,12,8.293066589632703
4,3,3,12,8.396111893786808
4,3,4,12,8.225806293366256
4,3,5,12,8.38922533013226
4,3,6,12,8.361256248911998
4,3,7,12,8.174301320945546
4,3,8,12,8.383850856173801
4,3,9,12,8.246721118147356
4,3,10,12,8.441886525496415
4,3,11,12,8.353591903112976
4,3,12,12,8.306226979469407
4,3,13,12,8.309229460548586
4,3,14,12,8.421115849098397
4,3,0,13,8.385513862663235
4,3,1,13,8.431994931216396
4,3,2,13,8.094301786362337
4,3,3,13,8.396048277971293
4,3,4,13,8.282092902775414
4,3,5,13,8.436196469505845
4,3,6,13,8.472355138118779
4,3,7,13,8.286913325921287
4,3,8,13,8.282149179639452
4,3,9,13,8.25802203668932
4,3,10,13,8.342761910611113
4,3,11,13,8.374695982938624
4,3,12,13,8.441037383875628
4,3,13,13,8.302517498004354
4,3,14,13,8.429987784814582
4,3,0,14,8.266674259787443
4,3,1,14,8.252740374774202
4,3,2,14,8.340260801004206
4,3,3,14,8.348531732753349
4,3,4,14,8.301830756359722
4,3,5,14,8.482992988378758
4,3,6,14,8.331384767689558
4,3,7,14,8.348899411987388
4,3,8,14,8.29798893916126
4,3,9,14,8.353503293239234
4,3,10,14,8.315073718899148
4,3,11,14,8.382220462689613
4,3,12,14,8.332856366973726
4,3,13,14,8.253246331670173
4,3,14,14,8.328784244058614
4,3,0,15,8.39119137880761
4,3,1,15,8.450582995482856
4,3,2,15,8.330766116662
4,3,3,15,8.233796814028468
4,3,4,15,8.154237197637777
4,3,5,15,8.465295313151486
4,3,6,15,8.3142578889304
4,3,7,15,8.227814870637216
4,3,8,15,8.42088990074682
4,3,9,15,8.280886856637554
4,3,10,15,8.27157068720907
4,3,11,15,8.338328971866234
4,3,12,15,8.222542439511887
4,3,13,15,8.298916564313306
4,3,14,15,8.40192280824802
4,3,0,16,8.42638588323477
4,3,1,16,8.487510483966902
4,3,2,16,8.311340180417554
4,3,3,16,8.327718880476205
4,3,4,16,8.411543640302483
4,3,5,16,8.513546786953562
4,3,6,16,8.340231666393501
4,3,7,16,8.29292922113376
4,3,8,16,8.42501251293263
4,3,9,16,8.380535699492645
4,3,10,16,8.368394706185693
4,3,11,16,8.479743140256897
4,3,12,16,8.413751285625938
4,3,13,16,8.38123752925756
4,3,14,16,8.36549487762597
4,3,0,17,8.217179018945215
4,3,1,17,8.383414425795605
4,3,2,17,8.430026077066092
4,3,3,17,8.416217693433557
4,3,4,17,8.31958812510396
4,3,5,17,8.473665281910016
4,3,6,17,8.208246482950527
4,3,7,17,8.31322978391175
4,3,8,17,8.306713168356104
4,3,9,17,8.47979475313075
4,3,10,17,8.251632606918209
4,3,11,17,8.590053975735325
4,3,12,17,8.311285747529514
4,3,13,17,8.468565581171884
4,3,14,17,8.180368571216272
4,3,0,18,8.404320689581544
4,3,1,18,8.473071295299015
4,3,2,18,8.454016314013169
4,3,3,18,8.283280864298241
4,3,4,18,8.393758516663043
4,3,5,18,8.269971657150053
4,3,6,18,8.007241109410945
4,3,7,18,8.290479965928222
4,3,8,18,8.478319619131645
4,3,9,18,8.287309156784936
4,3,10,18,8.243086390272428
4,3,11,18,8.446059385929779
4,3,12,18,8.392518243728073
4,3,13,18,8.520004845809272
4,3,14,18,8.313593318694068
4,3,0,19,8.449104498252247
4,3,1,19,8.301792811556178
4,3,2,19,8.286798537407554
4,3,3,19,8.3596730285954
4,3,4,19,8.414269715850729
4,3,5,19,8.301737366618596
4,3,6,19,8.290821666184728
4,3,7,19,8.190214740451827
4,3,8,19,8.35489086650568
4,3,9,19,8.217696053553544
4,3,10,19,8.299110704086218
4,3,11,19,8.362543393732079
4,3,12,19,8.334855053234302
4,3,13,19,8.430904519744107
4,3,14,19,8.377578187914114
4,3,0,20,8.438950271235466
4,3,1,20,8.39873033638808
4,3,2,20,8.31773821708376
4,3,3,20,8.251579886425892
4,3,4,20,8.233653655129334
4,3,5,20,8.44443804456373
4,3,6,20,8.313100448777256
4,3,7,20,8.44785631111465
4,3,8,20,8.394934448733387
4,3,9,20,8.318469165950072
4,3,10,20,8.396443917424085
4,3,11,20,8.300821700308052
4,3,12,20,8.422786723956378
4,3,13,20,8.38146116233694
4,3,14,20,8.368055431280363
4,3,0,21,8.480519660740846
4,3,1,21,8.330725535163555
4,3,2,21,8.347631992812818
4,3,3,21,8.535977974557856
4,3,4,21,8.297537287485548
4,3,5,21,8.462143685742548
4,3,6,21,8.402117570739176
4,3,7,21,8.381082637135863
4,3,8,21,8.566751730652536
4,3,9,21,8.266191538744005
4,3,10,21,8.247397136292111
4,3,11,21,8.317359430508384
4,3,12,21,8.488385473503612
4,3,13,21,8.326464624866642
4,3,14,21,8.26951840057154
4,3,0,22,8.494662091694359
4,3,1,22,8.499978085791543
4,3,2,22,8.242764175366146
4,3,3,22,8.404086709811224
4,3,4,22,8.252006972160064
4,3,5,22,8.329498957487314
4,3,6,22,8.24439975337173
4,3,7,22,8.416822463096256
4,3,8,22,8.480460938801537
4,3,9,22,8.289830198032922
4,3,10,22,8.27454823325704
4,3,11,22,8.268905631177935
4,3,12,22,8.33591544967944
4,3,13,22,8.359744042806453
4,3,14,22,8.294081671042743
4,4,0,0,8.169535918075292
4,4,1,0,8.22347990623722
4,4,2,0,8.11646156540434
4,4,3,0,8.268953497831937
4,4,4,0,8.40867248775811
4,4,5,0,8.355619717343298
4,4,6,0,8.325878844098245
4,4,7,0,8.27928881832066
4,4,8,0,8.467096097551433
4,4,9,0,8.293254334233366
4,4,10,0,8.394136425961365
4,4,11,0,8.318288069012931
4,4,12,0,8.250407778197554
4,4,13,0,8.46931587513894
4,4,14,0,8.39986581959818
4,4,0,1,8.29816397323072
4,4,1,1,8.38583509415219
4,4,2,1,8.260446575686569
4,4,3,1,8.304302731261972
4,4,4,1,8.41597042354613
4,4,5,1,8.283728910269218
4,4,6,1,8.30127020590422
4,4,7,1,8.287876395119863
4,4,8,1,8.560646235389692
4,4,9,1,8.215679979152258
4,4,10,1,8.500608137305319
4,4,11,1,8.257843319078473
4,4,12,1,8.509245491988237
4,4,13,1,8.287650260597163
4,4,14,1,8.371323288273828
4,4,0,2,8.486580516058
4,4,1,2,8.422050310502744
4,4,2,2,8.419303191442689
4,4,3,2,8.136087324863276
4,4,4,2,8.430026158639059
4,4,5,2,8.436144575125304
4,4,6,2,8.345525758670176
4,4,7,2,8.281007659083995
4,4,8,2,8.441551097789448
4,4,9,2,8.229807979088804
4,4,10,2,8.331262536467593
4,4,11,2,8.27478959688654
4,4,12,2,8.297045421473358
4,4,13,2,8.443420161453695
4,4,14,2,8.380532160649258
4,4,0,3,8.446605024496046
4,4,1,3,8.35218178688376
4,4,2,3,8.429475035742652
4,4,3,3,8.352653798282434
4,4,4,3,8.44521983818677
4,4,5,3,8.556068834746512
4,4,6,3,8.33844254441564
4,4,7,3,8.409927642149453
4,4,8,3,8.27390964215436
4,4,9,3,8.276827189235762
4,4,10,3,8.31932235574898
4,4,11,3,8.31384756636591
4,4,12,3,8.205278087573598
4,4,13,3,8.279242020915508
4,4,14,3,8.357859416810884
4,4,0,4,8.405511405060704
4,4,1,4,8.57161672310006
4,4,2,4,8.25231644703045
4,4,3,4,8.381801368550185
4,4,4,4,8.487707053561142
4,4,5,4,8.391317810434723
4,4,6,4,8.4695594718807
4,4,7,4,8.351519045950921
4,4,8,4,8.325495476046115
4,4,9,4,8.207590581547691
4,4,10,4,8.346362411078383
4,4,11,4,8.214104934517644
4,4,12,4,8.199782967353713
4,4,13,4,8.217097274437206
4,4,14,4,8.529796995316573
4,4,0,5,8.378471694243585
4,4,1,5,8.395516363511689
4,4,2,5,8.337969442954757
4,4,3,5,8.428346180265573
4,4,4,5,8.246697379532836
4,4,5,5,8.137712912281218
4,4,6,5,8.403029903464521
4,4,7,5,8.233306126602603
4,4,8,5,8.335835370698737
4,4,9,5,8.45062791229055
4,4,10,5,8.249919760702799
4,4,11,5,8.163550665605719
4,4,12,5,8.04405226015651
4,4,13,5,8.311411213013496
4,4,14,5,8.501667421486236
4,4,0,6,8.476837792369082
4,4,1,6,8.348591118352314
4,4,2,6,8.315310616793504
4,4,3,6,8.35775660511092
4,4,4,6,8.353254774819455
4,4,5,6,8.177964237262538
4,4,6,6,8.412532491992991
4,4,7,6,8.418138087129371
4,4,8,6,8.417860543624528
4,4,9,6,8.258835020841454
4,4,10,6,8.389076879124906
4,4,11,6,8.226717794072254
4,4,12,6,8.205938579827885
4,4,13,6,8.398957652923412
4,4,14,6,8.418444817632741
4,4,0,7,8.38489258273645
4,4,1,7,8.409217346201585
4,4,2,7,8.396291773360028
4,4,3,7,8.358638376345763
4,4,4,7,8.343766967370732
4,4,5,7,8.430961179132137
4,4,6,7,8.354389348485409
4,4,7,7,8.338239082249132
4,4,8,7,8.3500612441959
4,4,9,7,8.331068542534249
4,4,10,7,8.504375855294718
4,4,11,7,8.209428779472807
4,4,12,7,8.399445299953312
4,4,13,7,8.183872722629314
4,4,14,7,8.31822597008571
4,4,0,8,8.28423959771376
4,4,1,8,8.515419777678867
4,4,2,8,8.320130908828544
4,4,3,8,8.305751227447221
4,4,4,8,8.426360064422857
4,4,5,8,8.19733867651133
4,4,6,8,8.383221576199853
4,4,7,8,8.218874638868506
4,4,8,8,8.294327199235374
4,4,9,8,8.25500144842435
4,4,10,8,8.421678103224876
4,4,11,8,8.48877593197038
4,4,12,8,8.486393777559064
4,4,13,8,8.285145575183318
4,4,14,8,8.116320547336654
4,4,0,9,8.474638021635952
4,4,1,9,8.373964981633264
4,4,2,9,8.21493457008744
4,4,3,9,8.297124201022411
4,4,4,9,8.562599996211237
4,4,5,9,8.384820655737766
4,4,6,9,8.402662826297972
4,4,7,9,8.369228263327745
4,4,8,9,8.22471719991166
4,4,9,9,8.409331986001938
4,4,10,9,8.343106884230702
4,4,11,9,8.460784781916642
4,4,12,9,8.415847599524986
4,4,13,9,8.187153204277081
4,4,14,9,8.203551591168349
4,4,0,10,8.210007640658237
4,4,1,10,8.53824916134661
4,4,2,10,8.426375490719202
4,4,3,10,8.418953007864067
4,4,4,10,8.339840270945524
4,4,5,10,8.332456048250657
4,4,6,10,8.520620680511628
4,4,7,10,8.333264874246256
4,4,8,10,8.091981941404411
4,4,9,10,8.475049629371878
4,4,10,10,8.468878490984805
4,4,11,10,8.453833098796657
4,4,12,10,8.440369085970262
4,4,13,10,8.399657725948586
4,4,14,10,8.246851498716989
4,4,0,11,8.27899131316906
4,4,1,11,8.325126530452371
4,4,2,11,8.327096570744128
4,4,3,11,8.368052112072359
4,4,4,11,8.391160365604808
4,4,5,11,8.353339610455784
4,4,6,11,8.5672671288751
4,4,7,11,8.322667997195685
4,4,8,11,8.270820370725536
4,4,9,11,8.409207610669291
4,4,10,11,8.323984167384305
4,4,11,11,8.243196432712907
4,4,12,11,8.404931237547155
4,4,13,11,8.403991832909083
4,4,14,11,8.271659467601982
4,4,0,12,8.306057420798417
4,4,1,12,8.258277075465536
4,4,2,12,8.375214566710312
4,4,3,12,8.365057660785814
4,4,4,12,8.328739523852157
4,4,5,12,8.323485438560418
4,4,6,12,8.36613757524451
4,4,7,12,8.46336799017592
4,4,8,12,8.14341032227224
4,4,9,12,8.454709720204333
4,4,10,12,8.351806944987304
4,4,11,12,8.13662996271605
4,4,12,12,8.322486593772677
4,4,13,12,8.413138721562218
4,4,14,12,8.374254893006041
4,4,0,13,8.453503265858053
4,4,1,13,8.426446831857305
4,4,2,13,8.363855891750172
4,4,3,13,8.377441270823835
4,4,4,13,8.313356495841
4,4,5,13,8.196267539680813
4,4,6,13,8.38065268759265
4,4,7,13,8.439455576165482
4,4,8,13,8.45127516622294
4,4,9,13,8.353285241002414
4,4,10,13,8.41490568382362
4,4,11,13,8.274099780123244
4,4,12,13,8.512548294317591
4,4,13,13,8.515145448256693
4,4,14,13,8.377233841120928
4,4,0,14,8.371610447228406
4,4,1,14,8.484573309043784
4,4,2,14,8.179271242475114
4,4,3,14,8.187222860658869
4,4,4,14,8.333640803859282
4,4,5,14,8.22318498168565
4,4,6,14,8.518369717867154
4,4,7,14,8.455936183854
4,4,8,14,8.143243845772647
4,4,9,14,8.423873897227924
4,4,10,14,8.310904036418655
4,4,11,14,8.444447995429831
4,4,12,14,8.472950777018164
4,4,13,14,8.335900573595099
4,4,14,14,8.279097593402868
4,4,0,15,8.332174450031756
4,4,1,15,8.275255855549233
4,4,2,15,8.199964681098058
4,4,3,15,8.046866993035676
4,4,4,15,8.440730090973615
4,4,5,15,8.160328675832526
4,4,6,15,8.443525129382204
4,4,7,15,8.371742986181914
4,4,8,15,8.22343568797144
4,4,9,15,8.339496007822962
4,4,10,15,8.218626597583999
4,4,11,15,8.287693054544649
4,4,12,15,8.410400366024579
4,4,13,15,8.200656391052755
4,4,14,15,8.455176485208659
4,4,0,16,8.450468031284528
4,4,1,16,8.350348018293662
4,4,2,16,8.382969729666542
4,4,3,16,8.25957610886252
4,4,4,16,8.289538417983149
4,4,5,16,8.38329040801455
4,4,6,16,8.283601270648116
4,4,7,16,8.425898242734243
4,4,8,16,8.13326020221573
4,4,9,16,8.55707008249778
4,4,10,16,8.459803946739985
4,4,11,16,8.453768758652833
4,4,12,16,8.351147874192293
4,4,13,16,8.32997090870178
4,4,14,16,8.498193957810722
4,4,0,17,8.400653888326374
4,4,1,17,8.336178858193373
4,4,2,17,8.411705183508264
4,4,3,17,8.36372975543285
4,4,4,17,8.585156075312215
4,4,5,17,8.296195377654561
4,4,6,17,8.344186551869027
4,4,7,17,8.298505635261556
4,4,8,17,8.37617057426641
4,4,9,17,8.517328522508867
4,4,10,17,8.288013407914379
4,4,11,17,8.301867407755696
4,4,12,17,8.4592620995862
4,4,13,17,8.38090788908685
4,4,14,17,8.35376557104775
4,4,0,18,8.39057185240201
4,4,1,18,8.485185682159829
4,4,2,18,8.497831201030746
4,4,3,18,8.346792734862673
4,4,4,18,8.388670201850072
4,4,5,18,8.405084468712984
4,4,6,18,8.358590646156163
4,4,7,18,8.226726750465419
4,4,8,18,8.270102680040202
4,4,9,18,8.38676316565006
4,4,10,18,8.358456466463258
4,4,11,18,8.501669116238462
4,4,12,18,8.231550190773703
4,4,13,18,8.566719536122182
4,4,14,18,8.414520369922414
4,4,0,19,8.235337434799446
4,4,1,19,8.33247354393078
4,4,2,19,8.551709542263715
4,4,3,19,8.274723255817753
4,4,4,19,8.389389294151645
4,4,5,19,8.332158246388179
4,4,6,19,8.406150632335445
4,4,7,19,8.300585510447334
4,4,8,19,8.539040825771744
4,4,9,19,8.335001597270267
4,4,10,19,8.439735997004203
4,4,11,19,8.217789703341607
4,4,12,19,8.220138660008402
4,4,13,19,8.387001213797836
4,4,14,19,8.421049709600494
4,4,0,20,8.280789680156367
4,4,1,20,8.231840976263488
4,4,2,20,8.511164353618618
4,4,3,20,8.517132025639237
4,4,4,20,8.348474807625783
4,4,5,20,8.376696800066227
4,4,6,20,8.301716937880212
4,4,7,20,8.29242335240494
4,4,8,20,8.26451700947971
4,4,9,20,8.391657895107384
4,4,10,20,8.364925487315682
4,4,11,20,8.2549619308705
4,4,12,20,8.431860482138228
4,4,13,20,8.250857680636146
4,4,14,20,8.390526495169691
4,4,0,21,8.320014385183734
4,4,1,21,8.369915126118483
4,4,2,21,8.441301274907381
4,4,3,21,8.391501382141895
4,4,4,21,8.466585588380743
4,4,5,21,8.368766107617176
4,4,6,21,8.279948127414256
4,4,7,21,8.406291230662925
4,4,8,21,8.327490371248583
4,4,9,21,8.49574978416932
4,4,10,21,8.39925244279404
4,4,11,21,8.368946767317786
4,4,12,21,8.327062912655377
4,4,13,21,8.389103830082215
4,4,14,21,8.385064486777365
4,4,0,22,8.222661008345165
4,4,1,22,8.334981391008533
4,4,2,22,8.428139245872531
4,4,3,22,8.21650197740567
4,4,4,22,8.497741302949214
4,4,5,22,8.418889030404157
4,4,6,22,8.317180083538375
4,4,7,22,8.464036085368246
4,4,8,22,8.465749375948416
4,4,9,22,8.36681462398599
4,4,10,22,8.277981487004274
4,4,11,22,8.276742044975869
4,4,12,22,8.40927329755814
4,4,13,22,8.513619102393632
4,4,14,22,8.426270748252781
4,5,0,0,8.113461659869854
4,5,1,0,8.243767005097075
4,5,2,0,8.314215200925451
4,5,3,0,8.4867145047506
4,5,4,0,8.327938564605414
4,5,5,0,8.324682872766092
4,5,6,0,8.382862233284603
4,5,7,0,8.320301599579745
4,5,8,0,8.406339583564138
4,5,9,0,8.412111754242503
4,5,10,0,8.231244964097161
4,5,11,0,8.253811226673816
4,5,12,0,8.264681778751735
4,5,13,0,8.492269905609842
4,5,14,0,8.51430686349646
4,5,0,1,8.386256539811813
4,5,1,1,8.290564737561846
4,5,2,1,8.253873129952805
4,5,3,1,8.349435589224033
4,5,4,1,8.270543668239918
4,5,5,1,8.55107344407805
4,5,6,1,8.329741920944754
4,5,7,1,8.39054803059676
4,5,8,1,8.430969723845381
4,5,9,1,8.291139570441262
4,5,10,1,8.341455187866906
4,5,11,1,8.541023526614211
4,5,12,1,8.337270314031144
4,5,13,1,8.290072187502059
4,5,14,1,8.20279999348607
4,5,0,2,8.244775461249706
4,5,1,2,8.189536581905413
4,5,2,2,8.435846491806647
4,5,3,2,8.407316897994338
4,5,4,2,8.383418050992436
4,5,5,2,8.385608925930706
4,5,6,2,8.329384774919026
4,5,7,2,8.310067590544968
4,5,8,2,8.157571278442836
4,5,9,2,8.419286547440468
4,5,10,2,8.487230465618248
4,5,11,2,8.515129042581098
4,5,12,2,8.318247024242389
4,5,13,2,8.378371761351952
4,5,14,2,8.134234367698932
4,5,0,3,8.18705526683892
4,5,1,3,8.102574398957303
4,5,2,3,8.468471474168378
4,5,3,3,8.50112567480013
4,5,4,3,8.318040595335212
4,5,5,3,8.233284855380505
4,5,6,3,8.233999640911554
4,5,7,3,8.456726061923206
4,5,8,3,8.409697177137186
4,5,9,3,8.322924566237111
4,5,10,3,8.160518963295372
4,5,11,3,8.526034835011217
4,5,12,3,8.205745273830225
4,5,13,3,8.496307947401146
4,5,14,3,8.206675678058126
4,5,0,4,8.504474704398584
4,5,1,4,8.238237961958054
4,5,2,4,8.454214754969186
4,5,3,4,8.47733075007827
4,5,4,4,8.364399177612267
4,5,5,4,8.17524444443314
4,5,6,4,8.32111447685311
4,5,7,4,8.446254311246632
4,5,8,4,8.167002602844779
4,5,9,4,8.293439808441915
4,5,10,4,8.311541178191582
4,5,11,4,8.483653932933699
4,5,12,4,8.403168326348409
4,5,13,4,8.323207371482734
4,5,14,4,8.245875974600414
4,5,0,5,8.530994542349642
4,5,1,5,8.274678192231935
4,5,2,5,8.43739030055238
4,5,3,5,8.180344184478253
4,5,4,5,8.12331192801362
4,5,5,5,8.1209171834101
4,5,6,5,8.409852702484036
4,5,7,5,8.319650989227208
4,5,8,5,8.240665462445996
4,5,9,5,8.323028563932551
4,5,10,5,8.478210674655086
4,5,11,5,8.23612987404154
4,5,12,5,8.440448796519915
4,5,13,5,8.064806100465733
4,5,14,5,8.413273105017469
4,5,0,6,8.386923627094237
4,5,1,6,8.273739804051164
4,5,2,6,8.36657405509299
4,5,3,6,8.316643613624509
4,5,4,6,8.255084594597534
4,5,5,6,8.437418508264066
4,5,6,6,8.304792797798441
4,5,7,6,8.233548709280011
4,5,8,6,8.465797492956032
4,5,9,6,8.387250961899946
4,5,10,6,8.467483745781358
4,5,11,6,8.205404305600448
4,5,12,6,8.411012021923721
4,5,13,6,8.26461001830387
4,5,14,6,8.437036730253395
4,5,0,7,8.470196867324088
4,5,1,7,8.406850542298375
4,5,2,7,8.22978991556127
4,5,3,7,8.232564725008949
4,5,4,7,8.146208242357709
4,5,5,7,8.287036767257142
4,5,6,7,8.376820532983308
4,5,7,7,8.244102584927077
4,5,8,7,8.609511168862147
4,5,9,7,8.391406533036804
4,5,10,7,8.54698489873663
4,5,11,7,8.139559003696986
4,5,12,7,8.383380505284412
4,5,13,7,8.288586805900657
4,5,14,7,8.451459960689952
4,5,0,8,8.452306429458657
4,5,1,8,8.223364091109127
4,5,2,8,8.257964667399134
4,5,3,8,8.41013996335179
4,5,4,8,8.226677356904567
4,5,5,8,8.386716615985685
4,5,6,8,8.308404577035494
4,5,7,8,8.1389874738698
4,5,8,8,8.304376647804089
4,5,9,8,8.335768186894676
4,5,10,8,8.451890330936259
4,5,11,8,8.266427948341583
4,5,12,8,8.193522997075577
4,5,13,8,8.296102367735916
4,5,14,8,8.510028677030986
4,5,0,9,8.466096548340815
4,5,1,9,8.50073742846938
4,5,2,9,8.446047323963095
4,5,3,9,8.362098052739459
4,5,4,9,8.31819434981887
4,5,5,9,8.292778966515444
4,5,6,9,8.425686194663735
4,5,7,9,8.291756316715574
4,5,8,9,8.050928237522868
4,5,9,9,8.281841983329397
4,5,10,9,8.25973321408928
4,5,11,9,8.213952084736801
4,5,12,9,8.206822173862014
4,5,13,9,8.593662396831066
4,5,14,9,8.405083300727517
4,5,0,10,8.376055005144812
4,5,1,10,8.513291039553446
4,5,2,10,8.438580832421303
4,5,3,10,8.465751872346056
4,5,4,10,8.430186246439426
4,5,5,10,8.34271706443279
4,5,6,10,8.448161942390117
4,5,7,10,8.192620815745036
4,5,8,10,8.288496744357078
4,5,9,10,8.317811635421805
4,5,10,10,8.172269816203219
4,5,11,10,8.369728459420887
4,5,12,10,8.13279721649443
4,5,13,10,8.412494428889904
4,5,14,10,8.28049446407919
4,5,0,11,8.463978919441937
4,5,1,11,8.369893065895893
4,5,2,11,8.433467097652075
4,5,3,11,8.328348690802905
4,5,4,11,8.283050147517544
4,5,5,11,8.300455153039149
4,5,6,11,8.469426477951043
4,5,7,11,8.30382703352006
4,5,8,11,8.178575661646974
4,5,9,11,8.239672456090446
4,5,10,11,8.315077328501923
4,5,11,11,8.301696318031574
4,5,12,11,8.272717241651977
4,5,13,11,8.28495451682829
4,5,14,11,8.229524487486819
4,5,0,12,8.442786333160877
4,5,1,12,8.319441880695079
4,5,2,12,7.947947316416978
4,5,3,12,8.29889032012161
4,5,4,12,8.348701114204612
4,5,5,12,8.276274519210885
4,5,6,12,8.429008608065692
4,5,7,12,8.395865142346004
4,5,8,12,8.254612109479323
4,5,9,12,8.407194891668002
4,5,10,12,8.400239973643817
4,5,11,12,8.278618315754287
4,5,12,12,8.188157123966405
4,5,13,12,8.348450762995647
4,5,14,12,8.240548830275564
4,5,0,13,8.38246678600674
4,5,1,13,8.31309791110412
4,5,2,13,8.209649660651056
4,5,3,13,8.18286782260724
4,5,4,13,8.371450562313148
4,5,5,13,8.377639413088742
4,5,6,13,8.289796277615253
4,5,7,13,8.275572365476204
4,5,8,13,8.29441723412705
4,5,9,13,8.329798132622914
4,5,10,13,8.463893358688603
4,5,11,13,8.289686385575923
4,5,12,13,8.315122286739696
4,5,13,13,8.389281822454642
4,5,14,13,8.401444885886052
4,5,0,14,8.440596531453235
4,5,1,14,8.254326866576415
4,5,2,14,8.462916677992139
4,5,3,14,8.320693317761378
4,5,4,14,8.360319173915865
4,5,5,14,8.123878378938805
4,5,6,14,8.395849689763448
4,5,7,14,8.401126087189681
4,5,8,14,8.272340469516447
4,5,9,14,8.439692764678579
4,5,10,14,8.383906682242207
4,5,11,14,8.198043883970513
4,5,12,14,8.17182355674038
4,5,13,14,8.423555641170037
4,5,14,14,8.50423211077491
4,5,0,15,8.436262779481405
4,5,1,15,8.410536884451222
4,5,2,15,8.435650127179688
4,5,3,15,8.240009960555218
4,5,4,15,8.452850386377875
4,5,5,15,8.162014155487597
4,5,6,15,8.524878008486754
4,5,7,15,8.345484316869243
4,5,8,15,8.11282712707482
4,5,9,15,8.30794737863044
4,5,10,15,8.307440428431079
4,5,11,15,8.34087030388444
4,5,12,15,8.192588818023106
4,5,13,15,8.346154422564856
4,5,14,15,8.40280704744366
4,5,0,16,8.504598431296541
4,5,1,16,8.290934603734312
4,5,2,16,8.436798979918219
4,5,3,16,8.215894023073755
4,5,4,16,8.40715072552703
4,5,5,16,8.200127779527055
4,5,6,16,8.647257195262686
4,5,7,16,8.439071621599508
4,5,8,16,8.297662477910704
4,5,9,16,8.408439942329341
4,5,10,16,8.259909955491025
4,5,11,16,8.36249836212811
4,5,12,16,8.364530260009257
4,5,13,16,8.403540581039499
4,5,14,16,8.296990728284433
4,5,0,17,8.34817221321089
4,5,1,17,8.378629829716838
4,5,2,17,8.083923906082177
4,5,3,17,8.444721637177633
4,5,4,17,8.03752488614254
4,5,5,17,8.30679729539599
4,5,6,17,8.484424624792773
4,5,7,17,8.375692428760136
4,5,8,17,8.342068373113733
4,5,9,17,8.49249196774539
4,5,10,17,8.118434203015406
4,5,11,17,8.535657654571507
4,5,12,17,8.45811049960921
4,5,13,17,8.435343443064575
4,5,14,17,8.22228008916594
4,5,0,18,8.331642909272153
4,5,1,18,8.298445494772235
4,5,2,18,8.36857040618653
4,5,3,18,8.304211196275348
4,5,4,18,8.062136796988797
4,5,5,18,8.277800866536676
4,5,6,18,8.182306312091447
4,5,7,18,8.313486116078554
4,5,8,18,8.38017419509286
4,5,9,18,8.316529861909174
4,5,10,18,8.268565374237578
4,5,11,18,8.234678729441889
4,5,12,18,8.289288640645657
4,5,13,18,8.42652658468968
4,5,14,18,8.09844425232562
4,5,0,19,8.23241163240517
4,5,1,19,8.467907579072227
4,5,2,19,8.479582200369332
4,5,3,19,8.229516158329663
4,5,4,19,8.252177085037115
4,5,5,19,8.48427307722124
4,5,6,19,8.349035090926842
4,5,7,19,8.425999002472478
4,5,8,19,8.405553040158106
4,5,9,19,8.278989064117226
4,5,10,19,8.145145996787726
4,5,11,19,8.257563262055422
4,5,12,19,8.450208745579063
4,5,13,19,8.446850497799666
4,5,14,19,8.220120046856232
4,5,0,20,8.224987321391497
4,5,1,20,8.317301066802749
4,5,2,20,8.334273224702981
4,5,3,20,8.308138717763164
4,5,4,20,8.304488277753036
4,5,5,20,8.326912809551665
4,5,6,20,8.528020377221074
4,5,7,20,8.309211150464572
4,5,8,20,8.487475721395723
4,5,9,20,8.266213777438953
4,5,10,20,8.338604039038124
4,5,11,20,8.33355731837685
4,5,12,20,8.326423310374077
4,5,13,20,8.321230814309247
4,5,14,20,8.20360710140834
4,5,0,21,8.449710745011464
4,5,1,21,8.371291125138058
4,5,2,21,8.542810478055227
4,5,3,21,8.428740482067113
4,5,4,21,8.302295144729195
4,5,5,21,8.29055756011081
4,5,6,21,8.532805545285175
4,5,7,21,8.371969987123412
4,5,8,21,8.522937455555374
4,5,9,21,8.186125530902528
4,5,10,21,8.182011093440362
4,5,11,21,8.417653590817919
4,5,12,21,8.435895812626294
4,5,13,21,8.409920079718338
4,5,14,21,8.343826721698038
4,5,0,22,8.614047035396213
4,5,1,22,8.31472774784407
4,5,2,22,8.469060338629934
4,5,3,22,8.47024159252014
4,5,4,22,8.262221007328433
4,5,5,22,8.321281212506364
4,5,6,22,8.349586247353836
4,5,7,22,8.19606229177569
4,5,8,22,8.50632929211824
4,5,9,22,8.142084000112847
4,5,10,22,8.3690385839731
4,5,11,22,8.424385051134115
4,5,12,22,8.405911472376687
4,5,13,22,8.340218337410954
4,5,14,22,8.330734680718134
4,6,0,0,8.570698388267363
4,6,1,0,8.395897065377365
4,6,2,0,8.355879414250326
4,6,3,0,8.539859852954075
4,6,4,0,8.231812345027304
4,6,5,0,8.334812262095417
4,6,6,0,7.996952748857829
4,6,7,0,8.412920802609305
4,6,8,0,8.513153289424546
4,6,9,0,8.300636947735402
4,6,10,0,8.47046040678072
4,6,11,0,8.434436173547505
4,6,12,0,8.114777260784205
4,6,13,0,8.126743286863599
4,6,14,0,8.292530477375536
4,6,0,1,8.41821653832571
4,6,1,1,8.117750984253327
4,6,2,1,8.16604425070688
4,6,3,1,8.393065029576826
4,6,4,1,8.270814866334517
4,6,5,1,8.306415558163511
4,6,6,1,8.298720960232393
4,6,7,1,8.39637715936983
4,6,8,1,8.305127823009645
4,6,9,1,8.45915400846216
4,6,10,1,8.49691524347928
4,6,11,1,8.397023334340291
4,6,12,1,8.45508323888053
4,6,13,1,8.12165501010678
4,6,14,1,8.301537317046765
4,6,0,2,8.240633489993147
4,6,1,2,8.249604028804963
4,6,2,2,8.367569809399193
4,6,3,2,8.327650497631637
4,6,4,2,8.224526951015958
4,6,5,2,8.376202423875846
4,6,6,2,8.171338831245327
4,6,7,2,8.317690045770075
4,6,8,2,8.507193893478279
4,6,9,2,8.32055657522602
4,6,10,2,8.153578164934556
4,6,11,2,8.321062996869648
4,6,12,2,8.35571779602767
4,6,13,2,8.090296909688137
4,6,14,2,8.272892944734561
4,6,0,3,8.471503664065015
4,6,1,3,8.542319843082991
4,6,2,3,8.227395473305227
4,6,3,3,8.300962761271496
4,6,4,3,8.266342161891455
4,6,5,3,8.32051058723226
4,6,6,3,8.44918335827897
4,6,7,3,8.372891560942312
4,6,8,3,8.301413695305918
4,6,9,3,8.3730711383397
4,6,10,3,8.243767776775337
4,6,11,3,8.469002227565708
4,6,12,3,8.268673008468399
4,6,13,3,8.369917616799206
4,6,14,3,8.312634608595724
4,6,0,4,8.428166736132102
4,6,1,4,8.405792507064763
4,6,2,4,8.211520811784407
4,6,3,4,8.505329787762046
4,6,4,4,8.43981426516934
4,6,5,4,8.36175969123398
4,6,6,4,8.345598712321445
4,6,7,4,8.21412821858028
4,6,8,4,8.418534518065622
4,6,9,4,8.317698680049443
4,6,10,4,8.328170405263842
4,6,11,4,8.165828707643096
4,6,12,4,8.393651984321147
4,6,13,4,8.30148782336687
4,6,14,4,8.396873706775567
4,6,0,5,8.205964313756828
4,6,1,5,8.463870173587559
4,6,2,5,8.291767664820947
4,6,3,5,8.577282626459763
4,6,4,5,8.383008055297054
4,6,5,5,8.232526764959697
4,6,6,5,8.411853760986121
4,6,7,5,8.408991894449285
4,6,8,5,8.390984988359161
4,6,9,5,8.383560743068976
4,6,10,5,8.248989836405606
4,6,11,5,8.27542887667065
4,6,12,5,8.254905356283164
4,6,13,5,8.382766086089473
4,6,14,5,8.346226110476886
4,6,0,6,8.28830173149763
4,6,1,6,8.294050055303295
4,6,2,6,8.320953329293369
4,6,3,6,8.249785704135881
4,6,4,6,8.14585140375437
4,6,5,6,8.557256990795697
4,6,6,6,8.325140799429146
4,6,7,6,8.332610067024898
4,6,8,6,8.241683911349323
4,6,9,6,8.393153423939056
4,6,10,6,8.220939253707336
4,6,11,6,8.32894703813678
4,6,12,6,8.25684255294525
4,6,13,6,8.62692617373481
4,6,14,6,8.36461534205461
4,6,0,7,8.25462139954536
4,6,1,7,8.155771356706286
4,6,2,7,8.343192157773032
4,6,3,7,8.280103160736008
4,6,4,7,8.23413706342457
4,6,5,7,8.406790814248323
4,6,6,7,8.20510460281133
4,6,7,7,8.329146806014093
4,6,8,7,8.259729188762911
4,6,9,7,8.34531555700365
4,6,10,7,8.182041776448914
4,6,11,7,8.231462067968437
4,6,12,7,8.214280385590875
4,6,13,7,8.423696659805062
4,6,14,7,8.30820873731862
4,6,0,8,8.39926593894058
4,6,1,8,8.309631643109938
4,6,2,8,8.283984081251239
4,6,3,8,8.444594158917077
4,6,4,8,8.384093737530923
4,6,5,8,8.52379739210917
4,6,6,8,8.519911287987997
4,6,7,8,8.191107648210934
4,6,8,8,8.442591688683807
4,6,9,8,8.228982365293241
4,6,10,8,8.395976684509488
4,6,11,8,8.189316777093193
4,6,12,8,8.190563969075102
4,6,13,8,8.218502368837992
4,6,14,8,8.095817306556691
4,6,0,9,8.156160908076462
4,6,1,9,8.312339432011195
4,6,2,9,8.231909933958466
4,6,3,9,8.385803723755021
4,6,4,9,8.499036727622252
4,6,5,9,8.129895198964213
4,6,6,9,8.36677470025278
4,6,7,9,8.322973257484016
4,6,8,9,8.217852736921834
4,6,9,9,8.292833628781244
4,6,10,9,8.313464989874367
4,6,11,9,8.247860466703283
4,6,12,9,8.290297915399346
4,6,13,9,8.22170486279605
4,6,14,9,8.343257124159944
4,6,0,10,8.512667333319273
4,6,1,10,8.386856546199853
4,6,2,10,8.146071772677177
4,6,3,10,8.403295101836038
4,6,4,10,8.393572978524855
4,6,5,10,8.18725277875237
4,6,6,10,8.4140660954816
4,6,7,10,8.259682471973022
4,6,8,10,8.270726159461056
4,6,9,10,8.389022290063087
4,6,10,10,8.495159796429054
4,6,11,10,8.416006825835636
4,6,12,10,8.409847025494916
4,6,13,10,8.299794510190132
4,6,14,10,8.409358525856128
4,6,0,11,8.356378296299676
4,6,1,11,8.429410210578043
4,6,2,11,8.383558651564302
4,6,3,11,8.134493756393008
4,6,4,11,8.282030676594667
4,6,5,11,8.284414583234991
4,6,6,11,8.363876394554932
4,6,7,11,8.202097623874495
4,6,8,11,8.369878503818123
4,6,9,11,8.184076152594926
4,6,10,11,8.291274103628236
4,6,11,11,8.442735617182226
4,6,12,11,8.472762257184844
4,6,13,11,8.369798087964767
4,6,14,11,8.281052986870977
4,6,0,12,8.109806385126547
4,6,1,12,8.32515205103541
4,6,2,12,8.288846256266833
4,6,3,12,8.41005455068112
4,6,4,12,8.486596210065896
4,6,5,12,8.224553420854473
4,6,6,12,8.361886304667014
4,6,7,12,8.365740440910331
4,6,8,12,8.520582727055599
4,6,9,12,8.485790831283838
4,6,10,12,8.33386997642077
4,6,11,12,8.349801354299089
4,6,12,12,8.288736574328114
4,6,13,12,8.393625840756423
4,6,14,12,8.219098827703592
4,6,0,13,8.223679372723689
4,6,1,13,8.138147581043096
4,6,2,13,8.200710648348725
4,6,3,13,8.279637682035629
4,6,4,13,8.210928894157421
4,6,5,13,8.412427055381546
4,6,6,13,8.438923932387297
4,6,7,13,8.428319352196123
4,6,8,13,8.507815092577506
4,6,9,13,8.477909126443885
4,6,10,13,8.349755308367609
4,6,11,13,8.29712026322417
4,6,12,13,8.072451478769588
4,6,13,13,8.403155811155429
4,6,14,13,8.32257485421682
4,6,0,14,8.203165631765891
4,6,1,14,8.249771506984093
4,6,2,14,8.201265142242834
4,6,3,14,8.06242954420311
4,6,4,14,8.314077312283194
4,6,5,14,8.19288902879194
4,6,6,14,8.237879789633325
4,6,7,14,8.468789413390118
4,6,8,14,8.396510793324758
4,6,9,14,8.476762835372995
4,6,10,14,8.193880605380865
4,6,11,14,8.556590208034434
4,6,12,14,8.379976814704442
4,6,13,14,8.342221650570535
4,6,14,14,8.20394409128497
4,6,0,15,8.262247100940582
4,6,1,15,8.196253522633766
4,6,2,15,8.322116772650768
4,6,3,15,8.414180668381395
4,6,4,15,8.196309834899285
4,6,5,15,8.281911019508247
4,6,6,15,8.385575456311987
4,6,7,15,8.366522143498782
4,6,8,15,8.27103628407923
4,6,9,15,8.431878609338774
4,6,10,15,8.508248658247533
4,6,11,15,8.533520125049353
4,6,12,15,8.314241508770317
4,6,13,15,8.363063178581703
4,6,14,15,8.329556448755946
4,6,0,16,8.458265799030126
4,6,1,16,8.212715885490484
4,6,2,16,8.285891271012677
4,6,3,16,8.50097744257197
4,6,4,16,8.457765101256117
4,6,5,16,8.29145819269487
4,6,6,16,8.336342318675726
4,6,7,16,8.498947108892947
4,6,8,16,8.271652237104837
4,6,9,16,8.14959007717626
4,6,10,16,8.379922331103833
4,6,11,16,8.398194549382765
4,6,12,16,8.356093687282653
4,6,13,16,8.311076015395399
4,6,14,16,8.217975177439508
4,6,0,17,8.170257451104728
4,6,1,17,8.348773850110025
4,6,2,17,8.303504788102424
4,6,3,17,8.343523069096138
4,6,4,17,8.328985665087032
4,6,5,17,8.161573250850578
4,6,6,17,8.476222734855783
4,6,7,17,8.397879645534248
4,6,8,17,8.395205572501865
4,6,9,17,8.418643545729585
4,6,10,17,8.387762819960907
4,6,11,17,8.556778578966524
4,6,12,17,8.368707768978368
4,6,13,17,8.152441443795091
4,6,14,17,8.225066935796628
4,6,0,18,8.146583694253119
4,6,1,18,8.31765398867034
4,6,2,18,8.34167542777169
4,6,3,18,8.309673212717403
4,6,4,18,8.420411642557768
4,6,5,18,8.125202252731102
4,6,6,18,8.412330376352337
4,6,7,18,8.397534916194791
4,6,8,18,8.318316441191639
4,6,9,18,8.515971047740376
4,6,10,18,8.300785779425304
4,6,11,18,8.341419340630916
4,6,12,18,8.41764175405429
4,6,13,18,8.266190064025338
4,6,14,18,8.120782360103567
4,6,0,19,8.454917841053613
4,6,1,19,8.316607089245045
4,6,2,19,8.39977858078019
4,6,3,19,8.243614169642614
4,6,4,19,8.297592446612166
4,6,5,19,7.9671097590367195
4,6,6,19,8.382463968649944
4,6,7,19,8.296063946178508
4,6,8,19,8.40049031536733
4,6,9,19,8.49513351622374
4,6,10,19,8.526394551938346
4,6,11,19,8.191957960472939
4,6,12,19,7.965968631936066
4,6,13,19,8.317986531448675
4,6,14,19,8.372724254277264
4,6,0,20,8.390758591165312
4,6,1,20,8.135456665460524
4,6,2,20,8.409371347245559
4,6,3,20,8.449842136814278
4,6,4,20,8.472194377741594
4,6,5,20,8.249404295847452
4,6,6,20,8.195649446946458
4,6,7,20,8.270797863118226
4,6,8,20,8.291615817922874
4,6,9,20,8.185241178181728
4,6,10,20,8.555823094081738
4,6,11,20,8.220630177791273
4,6,12,20,8.231248990818543
4,6,13,20,8.270355270836037
4,6,14,20,8.410712050154125
4,6,0,21,8.327986886252866
4,6,1,21,8.324777009048834
4,6,2,21,8.467491827747924
4,6,3,21,8.32373720164901
4,6,4,21,8.200270048250562
4,6,5,21,8.206685783960731
4,6,6,21,8.316524679427127
4,6,7,21,8.248846595287514
4,6,8,21,8.31871350783008
4,6,9,21,8.288240073208467
4,6,10,21,8.343500818711638
4,6,11,21,8.214788122199902
4,6,12,21,8.169194453578703
4,6,13,21,8.265609384968567
4,6,14,21,8.257422104785745
4,6,0,22,8.424426102116106
4,6,1,22,8.419281630886326
4,6,2,22,8.339184332564448
4,6,3,22,8.355122715668761
4,6,4,22,8.340703883759865
4,6,5,22,8.363645345489251
4,6,6,22,8.383543900245567
4,6,7,22,8.39803937449499
4,6,8,22,8.312761789890219
4,6,9,22,8.417104631898045
4,6,10,22,8.326076033558275
4,6,11,22,8.20700492264193
4,6,12,22,8.204210253547469
4,6,13,22,8.306563035926864
4,6,14,22,8.325874470711236
4,7,0,0,8.297264628340796
4,7,1,0,8.517027845792512
4,7,2,0,8.31915927236403
4,7,3,0,8.290614187763937
4,7,4,0,8.121183407272627
4,7,5,0,8.335110187833484
4,7,6,0,8.202167081662402
4,7,7,0,8.48063681651624
4,7,8,0,8.274551357602661
4,7,9,0,8.213168227984472
4,7,10,0,8.32235141226117
4,7,11,0,8.368672098375537
4,7,12,0,8.345033070358635
4,7,13,0,8.435023251143985
4,7,14,0,8.231772311940198
4,7,0,1,8.346169866833888
4,7,1,1,8.094329789606167
4,7,2,1,8.454646002906424
4,7,3,1,8.295735845912315
4,7,4,1,8.344618982470807
4,7,5,1,8.335290420507258
4,7,6,1,8.335018326371582
4,7,7,1,8.36289015827955
4,7,8,1,8.20510248320585
4,7,9,1,8.390869071770002
4,7,10,1,8.43382054105858
4,7,11,1,8.277559378944355
4,7,12,1,8.230182756235905
4,7,13,1,8.087948614373126
4,7,14,1,8.525272029820751
4,7,0,2,8.35508639025355
4,7,1,2,8.242281944904207
4,7,2,2,8.253723224547231
4,7,3,2,8.158173783366369
4,7,4,2,8.390129973709175
4,7,5,2,8.433381554392177
4,7,6,2,8.27586551857855
4,7,7,2,8.245156890565013
4,7,8,2,8.364962029146294
4,7,9,2,8.23837356138852
4,7,10,2,8.27644806163319
4,7,11,2,8.208105308020802
4,7,12,2,8.308051465428672
4,7,13,2,8.223182921790109
4,7,14,2,8.326291689727071
4,7,0,3,8.424892682528668
4,7,1,3,8.016107293893064
4,7,2,3,8.381369328872536
4,7,3,3,8.403445111548843
4,7,4,3,8.453076161041535
4,7,5,3,8.452392459866319
4,7,6,3,8.274820408945962
4,7,7,3,8.15364543619945
4,7,8,3,8.17053989290684
4,7,9,3,8.171816369329639
4,7,10,3,8.345212130667589
4,7,11,3,8.326809684858164
4,7,12,3,8.408007819028473
4,7,13,3,8.277755131574972
4,7,14,3,8.486868909781329
4,7,0,4,8.259906705509039
4,7,1,4,8.200097190610954
4,7,2,4,8.304876020395339
4,7,3,4,8.308498744689949
4,7,4,4,8.376137152397098
4,7,5,4,8.352664966897562
4,7,6,4,8.379603977728967
4,7,7,4,8.437139717815741
4,7,8,4,8.202801629367826
4,7,9,4,8.307308854634366
4,7,10,4,8.30161123086674
4,7,11,4,8.184654511527325
4,7,12,4,8.42598474992455
4,7,13,4,8.273695087889449
4,7,14,4,8.239220177275728
4,7,0,5,8.329011077449836
4,7,1,5,8.028601376639322
4,7,2,5,8.345287941058364
4,7,3,5,8.484156147244537
4,7,4,5,8.546698822587224
4,7,5,5,8.294253717519034
4,7,6,5,8.371810869773093
4,7,7,5,8.450782379172033
4,7,8,5,8.31336133393084
4,7,9,5,8.643971317574827
4,7,10,5,8.289483719310807
4,7,11,5,8.499600653384956
4,7,12,5,8.123678911642886
4,7,13,5,8.350702482031043
4,7,14,5,7.938286226842411
4,7,0,6,8.246240939306915
4,7,1,6,8.28359503646551
4,7,2,6,8.3504431736368
4,7,3,6,8.504516166182324
4,7,4,6,8.176444462169624
4,7,5,6,8.383700715286766
4,7,6,6,8.377328730906642
4,7,7,6,8.311660771602142
4,7,8,6,8.290156689482192
4,7,9,6,8.465452780288512
4,7,10,6,8.061661131925579
4,7,11,6,8.3792782348066
4,7,12,6,8.144352171800277
4,7,13,6,8.170631254261007
4,7,14,6,8.124921874422549
4,7,0,7,8.21727797547237
4,7,1,7,8.428256528872426
4,7,2,7,8.381372052622268
4,7,3,7,8.531444353512445
4,7,4,7,8.110548314729334
4,7,5,7,8.450272391942562
4,7,6,7,8.303827032415551
4,7,7,7,8.145812576949655
4,7,8,7,8.27779115582272
4,7,9,7,8.29212386428366
4,7,10,7,8.281350830338766
4,7,11,7,8.217924356616246
4,7,12,7,8.33950798876285
4,7,13,7,8.320081427168482
4,7,14,7,8.323975565305702
4,7,0,8,8.21812089577951
4,7,1,8,8.166915523046463
4,7,2,8,8.49789812083587
4,7,3,8,8.304286656701047
4,7,4,8,8.330678457769704
4,7,5,8,8.24144834008833
4,7,6,8,8.221950556070624
4,7,7,8,8.673480089825315
4,7,8,8,8.408257035919007
4,7,9,8,8.437149485519665
4,7,10,8,8.351868506014062
4,7,11,8,8.191862222326234
4,7,12,8,8.121232983935567
4,7,13,8,8.209088122188872
4,7,14,8,8.249939823583096
4,7,0,9,8.435378112638933
4,7,1,9,8.033368490298134
4,7,2,9,8.343104399964272
4,7,3,9,8.304364260903581
4,7,4,9,8.262785765949152
4,7,5,9,8.208395142587545
4,7,6,9,8.3168296097413
4,7,7,9,8.410156277805118
4,7,8,9,8.391548855257314
4,7,9,9,8.262051975177279
4,7,10,9,8.245635725787416
4,7,11,9,8.300793673186265
4,7,12,9,8.088270909227946
4,7,13,9,8.282282713334917
4,7,14,9,8.213726778080158
4,7,0,10,8.419339733079292
4,7,1,10,8.180909557718497
4,7,2,10,8.34208632535217
4,7,3,10,8.232967827605627
4,7,4,10,8.261595702802714
4,7,5,10,8.263602314072854
4,7,6,10,8.17969662192326
4,7,7,10,8.387309073175704
4,7,8,10,8.0936650224991
4,7,9,10,8.41436343296726
4,7,10,10,8.276611185091044
4,7,11,10,8.174649548690994
4,7,12,10,8.127866487141436
4,7,13,10,8.096556084736573
4,7,14,10,8.553149990658849
4,7,0,11,8.425271326295007
4,7,1,11,8.276064892648357
4,7,2,11,8.16379020363056
4,7,3,11,8.231389189391487
4,7,4,11,8.293894369008198
4,7,5,11,8.18347813511199
4,7,6,11,8.11175982668044
4,7,7,11,8.206416728926367
4,7,8,11,8.335620550595872
4,7,9,11,8.309713897836087
4,7,10,11,8.154784486970177
4,7,11,11,8.350729103429982
4,7,12,11,8.249185673014235
4,7,13,11,8.353588554022656
4,7,14,11,8.406233592685428
4,7,0,12,8.364895400040439
4,7,1,12,8.585885809402596
4,7,2,12,8.21331929131036
4,7,3,12,8.150219896768453
4,7,4,12,8.29053997056593
4,7,5,12,8.205029800128525
4,7,6,12,8.01870159069225
4,7,7,12,8.235211436801752
4,7,8,12,8.203137254817754
4,7,9,12,8.336004883204238
4,7,10,12,8.38103088155599
4,7,11,12,8.396301818261076
4,7,12,12,8.253912618042138
4,7,13,12,8.437940869764416
4,7,14,12,8.308767245810142
4,7,0,13,8.05150244749606
4,7,1,13,8.325301919581399
4,7,2,13,8.122488794860345
4,7,3,13,8.157646841634133
4,7,4,13,8.327835140504861
4,7,5,13,8.318852723923735
4,7,6,13,8.303308286017304
4,7,7,13,8.162445026524823
4,7,8,13,8.269902687760053
4,7,9,13,8.1725710693035
4,7,10,13,8.151696935060023
4,7,11,13,8.210723255429338
4,7,12,13,8.230088594590272
4,7,13,13,8.221026180834555
4,7,14,13,8.184271970466781
4,7,0,14,8.062722284929436
4,7,1,14,8.253055308556647
4,7,2,14,8.301331976859734
4,7,3,14,8.438681624747673
4,7,4,14,8.316051793737554
4,7,5,14,8.492685748793482
4,7,6,14,8.331799374559864
4,7,7,14,8.555922060120636
4,7,8,14,8.322380646668728
4,7,9,14,8.536627255064374
4,7,10,14,8.287910752813003
4,7,11,14,8.152953141766671
4,7,12,14,8.275637011046825
4,7,13,14,8.464857992108925
4,7,14,14,8.257742241261946
4,7,0,15,8.287782342927928
4,7,1,15,8.395793299009462
4,7,2,15,8.27517214674574
4,7,3,15,8.31425772291506
4,7,4,15,8.392856019232816
4,7,5,15,8.336729485283604
4,7,6,15,8.147350011762068
4,7,7,15,8.45776242984293
4,7,8,15,8.352912206229473
4,7,9,15,8.380191405967095
4,7,10,15,8.255931000905472
4,7,11,15,8.221410498615777
4,7,12,15,8.197017665499098
4,7,13,15,8.330950009422248
4,7,14,15,8.220392707219435
4,7,0,16,8.491868753903436
4,7,1,16,8.182358294218998
4,7,2,16,8.309470312293522
4,7,3,16,8.331584159488763
4,7,4,16,8.369400546374628
4,7,5,16,8.316853782789137
4,7,6,16,8.246493527041109
4,7,7,16,8.305737261313391
4,7,8,16,8.245418198588364
4,7,9,16,8.534339834035853
4,7,10,16,8.36324526404356
4,7,11,16,8.293976128036556
4,7,12,16,8.09114488075164
4,7,13,16,8.25872962521995
4,7,14,16,8.4039638843833
4,7,0,17,8.35135827272897
4,7,1,17,8.095809870915957
4,7,2,17,8.407147399923753
4,7,3,17,8.279953655728896
4,7,4,17,8.31151761589713
4,7,5,17,8.238096697427157
4,7,6,17,8.265091138286305
4,7,7,17,8.339027059445213
4,7,8,17,8.101939147453233
4,7,9,17,8.415472105476843
4,7,10,17,8.249547303306102
4,7,11,17,8.270008605123687
4,7,12,17,8.224154131112945
4,7,13,17,8.459832899833676
4,7,14,17,8.294684635992224
4,7,0,18,8.392848265861476
4,7,1,18,8.378416165408856
4,7,2,18,8.257298223012736
4,7,3,18,8.422426307605937
4,7,4,18,8.351749347214616
4,7,5,18,8.38291523672784
4,7,6,18,8.392140856333581
4,7,7,18,8.225630894304988
4,7,8,18,8.325020243049993
4,7,9,18,8.141088484156134
4,7,10,18,8.383349529006628
4,7,11,18,8.405903207538328
4,7,12,18,8.373727290035895
4,7,13,18,8.215014618382906
4,7,14,18,8.178471125302222
4,7,0,19,8.484363375691586
4,7,1,19,8.445176649358304
4,7,2,19,8.36094961733144
4,7,3,19,8.235520842349612
4,7,4,19,8.451907530359508
4,7,5,19,8.39763031750357
4,7,6,19,8.084224822247874
4,7,7,19,8.246376081846183
4,7,8,19,8.26251305181823
4,7,9,19,8.235238815001521
4,7,10,19,8.113947026057364
4,7,11,19,8.331060771590893
4,7,12,19,8.518597970021974
4,7,13,19,8.236005515920088
4,7,14,19,8.202595180551393
4,7,0,20,8.232699062299984
4,7,1,20,8.319373830311408
4,7,2,20,8.369109466323108
4,7,3,20,8.240223361982268
4,7,4,20,8.400756347844789
4,7,5,20,8.22411527801208
4,7,6,20,8.232516273924157
4,7,7,20,8.179970997200998
4,7,8,20,8.358439756731219
4,7,9,20,8.233872807523506
4,7,10,20,8.314187358716222
4,7,11,20,8.346599436704599
4,7,12,20,8.24768666631532
4,7,13,20,8.214828729339173
4,7,14,20,8.212900819613122
4,7,0,21,8.238606840648464
4,7,1,21,8.384588295914542
4,7,2,21,8.332679198175105
4,7,3,21,8.171192704696974
4,7,4,21,8.242712731269908
4,7,5,21,8.39119385980036
4,7,6,21,8.425206215041195
4,7,7,21,8.235703538016862
4,7,8,21,8.4566016554178
4,7,9,21,8.145549289416403
4,7,10,21,8.50373728503242
4,7,11,21,8.374862047600203
4,7,12,21,8.242797973184688
4,7,13,21,8.328453107644874
4,7,14,21,8.30647961867895
4,7,0,22,8.249211945539512
4,7,1,22,8.275273365163237
4,7,2,22,8.540738339131053
4,7,3,22,8.193820408110659
4,7,4,22,8.263190700523426
4,7,5,22,8.316955158474402
4,7,6,22,8.062967715656008
4,7,7,22,8.580374197310901
4,7,8,22,8.35056217224691
4,7,9,22,8.29969583892803
4,7,10,22,8.411865320564328
4,7,11,22,8.217918260981904
4,7,12,22,8.273122931444354
4,7,13,22,8.29301987349554
4,7,14,22,8.530940110585382
4,8,0,0,8.450376262353279
4,8,1,0,8.375867814253276
4,8,2,0,8.337097560662729
4,8,3,0,8.033402500131244
4,8,4,0,8.200769681771959
4,8,5,0,8.309190819396276
4,8,6,0,8.388041940832002
4,8,7,0,8.447401024848974
4,8,8,0,8.256515333313477
4,8,9,0,8.300121690513883
4,8,10,0,8.2236302233194
4,8,11,0,8.443010256527078
4,8,12,0,7.8827188289105425
4,8,13,0,8.318329173101073
4,8,14,0,8.317586501845941
4,8,0,1,8.215208959426109
4,8,1,1,8.368856707360175
4,8,2,1,8.417467493755955
4,8,3,1,8.077677274731466
4,8,4,1,8.15890645347745
4,8,5,1,8.499349563801319
4,8,6,1,8.28457225021462
4,8,7,1,8.355865349119265
4,8,8,1,8.442237595496447
4,8,9,1,8.146040504825347
4,8,10,1,8.28671044885686
4,8,11,1,8.070030495015494
4,8,12,1,8.242972359366199
4,8,13,1,8.2941094554895
4,8,14,1,8.256887981453758
4,8,0,2,8.448398531417697
4,8,1,2,8.392813339717684
4,8,2,2,8.331779534808735
4,8,3,2,8.331957140879705
4,8,4,2,8.248436529294022
4,8,5,2,8.585785931091378
4,8,6,2,8.254058205427105
4,8,7,2,8.26428216713133
4,8,8,2,8.327331836958317
4,8,9,2,8.127107702692248
4,8,10,2,8.270535768508836
4,8,11,2,8.40729760226614
4,8,12,2,8.406329395106885
4,8,13,2,8.338400453784375
4,8,14,2,8.06391058937157
4,8,0,3,8.4127372724816
4,8,1,3,8.272306989052131
4,8,2,3,7.985898196915757
4,8,3,3,8.292129893700798
4,8,4,3,8.131029165252743
4,8,5,3,8.525023081417809
4,8,6,3,8.232382225135124
4,8,7,3,8.239731170139152
4,8,8,3,8.20119570048918
4,8,9,3,8.490618559996111
4,8,10,3,8.158757242235847
4,8,11,3,8.33268453110235
4,8,12,3,8.435486267141338
4,8,13,3,8.224843426078603
4,8,14,3,8.389458565804734
4,8,0,4,8.204874968010541
4,8,1,4,8.335316741111633
4,8,2,4,8.403357366781394
4,8,3,4,8.073254325120834
4,8,4,4,8.389651161070834
4,8,5,4,8.40257270891036
4,8,6,4,8.425651128814206
4,8,7,4,8.388256898212697
4,8,8,4,8.441412837839652
4,8,9,4,8.39978487845162
4,8,10,4,8.359418401913565
4,8,11,4,8.288748381222856
4,8,12,4,8.30859015437553
4,8,13,4,8.460458311479742
4,8,14,4,8.49571793131235
4,8,0,5,8.52115076836391
4,8,1,5,8.27647339468938
4,8,2,5,8.368479880474547
4,8,3,5,8.46581181586177
4,8,4,5,8.215025851806264
4,8,5,5,8.158441169515621
4,8,6,5,8.526178555448096
4,8,7,5,8.307249725471939
4,8,8,5,8.352864538492517
4,8,9,5,8.512175653534657
4,8,10,5,8.28746326348111
4,8,11,5,8.343583890443302
4,8,12,5,8.08177157346384
4,8,13,5,8.268035697553392
4,8,14,5,8.514611139179445
4,8,0,6,8.342798156377325
4,8,1,6,8.306306819864439
4,8,2,6,8.347693605438753
4,8,3,6,8.278721366636324
4,8,4,6,8.057958465538945
4,8,5,6,8.405790442138354
4,8,6,6,8.423488386749927
4,8,7,6,8.193675748999592
4,8,8,6,8.356183056115437
4,8,9,6,8.375124674253888
4,8,10,6,8.207744401665755
4,8,11,6,8.168085541725189
4,8,12,6,8.391990549211272
4,8,13,6,8.059199069544158
4,8,14,6,8.412145561634592
4,8,0,7,8.396523134531522
4,8,1,7,8.475169551004747
4,8,2,7,8.30051128491602
4,8,3,7,8.490121198803985
4,8,4,7,8.339730915892067
4,8,5,7,8.42440602316752
4,8,6,7,8.15696093738913
4,8,7,7,8.365544644433124
4,8,8,7,8.390117649923042
4,8,9,7,8.190017761743377
4,8,10,7,8.374165185226888
4,8,11,7,8.294515463700892
4,8,12,7,8.268335700112727
4,8,13,7,8.004046041276986
4,8,14,7,8.347482024792665
4,8,0,8,8.452707795470797
4,8,1,8,8.445096220513207
4,8,2,8,8.335560206290474
4,8,3,8,8.266305277815356
4,8,4,8,8.19158112731163
4,8,5,8,8.470353980866424
4,8,6,8,8.195213657985533
4,8,7,8,8.449738212444082
4,8,8,8,8.3643144636366
4,8,9,8,8.324046780313235
4,8,10,8,8.405703252041778
4,8,11,8,8.298589191593198
4,8,12,8,8.321135403007593
4,8,13,8,8.110444997786981
4,8,14,8,8.189028404114547
4,8,0,9,8.194087722159558
4,8,1,9,8.32926718845131
4,8,2,9,8.202850664199783
4,8,3,9,8.364897044413592
4,8,4,9,8.358965561962625
4,8,5,9,8.45737284090228
4,8,6,9,8.320712092077267
4,8,7,9,8.473720265441601
4,8,8,9,8.29123733964276
4,8,9,9,8.14422280486719
4,8,10,9,8.245774075325867
4,8,11,9,8.394290045072363
4,8,12,9,8.285618233086819
4,8,13,9,8.129758494291877
4,8,14,9,8.199605558985487
4,8,0,10,8.287079151991392
4,8,1,10,8.112514459756303
4,8,2,10,8.189367432784932
4,8,3,10,8.39528371623431
4,8,4,10,8.310931412055782
4,8,5,10,8.555006534665573
4,8,6,10,8.354131496944497
4,8,7,10,8.3416855072152
4,8,8,10,8.403934047939279
4,8,9,10,8.19814982669881
4,8,10,10,7.92317060871686
4,8,11,10,8.294793299515284
4,8,12,10,8.329069594692886
4,8,13,10,8.346754836644635
4,8,14,10,8.307926923943327
4,8,0,11,8.08984786951276
4,8,1,11,8.113338506428043
4,8,2,11,8.493975927321875
4,8,3,11,8.335365567141618
4,8,4,11,8.24303618263997
4,8,5,11,8.339426421625861
4,8,6,11,8.267021863464805
4,8,7,11,8.160259430451777
4,8,8,11,8.18840899172867
4,8,9,11,8.293671883028669
4,8,10,11,8.048197015073653
4,8,11,11,8.536537419104326
4,8,12,11,8.308478570361597
4,8,13,11,8.413836978852451
4,8,14,11,8.501159691459902
4,8,0,12,8.243434221150086
4,8,1,12,8.302201550864465
4,8,2,12,8.501372095006936
4,8,3,12,8.448709053446747
4,8,4,12,8.331814619668846
4,8,5,12,8.34433749601625
4,8,6,12,8.403318750764464
4,8,7,12,8.427609885563895
4,8,8,12,8.313375551235097
4,8,9,12,8.14147431503804
4,8,10,12,8.333281609467809
4,8,11,12,8.342742693884727
4,8,12,12,8.336812487667302
4,8,13,12,8.21920611083218
4,8,14,12,7.908825943811899
4,8,0,13,8.297891615919346
4,8,1,13,8.353852270806744
4,8,2,13,8.383320175968539
4,8,3,13,8.503964252805616
4,8,4,13,8.35078909479361
4,8,5,13,8.30691137136981
4,8,6,13,8.298141994294157
4,8,7,13,8.340962205045647
4,8,8,13,8.231280184700752
4,8,9,13,8.192730086231212
4,8,10,13,8.29120178664184
4,8,11,13,8.397119139189977
4,8,12,13,8.484976455431111
4,8,13,13,8.311822194059989
4,8,14,13,8.201202755890112
4,8,0,14,8.40820539624539
4,8,1,14,8.347083015294698
4,8,2,14,8.217817499707078
4,8,3,14,8.336767360833184
4,8,4,14,8.407172532256151
4,8,5,14,8.09092415567262
4,8,6,14,8.487964570289883
4,8,7,14,8.133227431863626
4,8,8,14,8.304407089510333
4,8,9,14,8.090745572615614
4,8,10,14,8.421654777416736
4,8,11,14,8.256601931831892
4,8,12,14,8.368276279230187
4,8,13,14,8.415386615859823
4,8,14,14,8.13627948691146
4,8,0,15,8.444249428172792
4,8,1,15,8.295894933101339
4,8,2,15,8.368572796960605
4,8,3,15,8.685692753354628
4,8,4,15,8.356782641659292
4,8,5,15,7.95350094825651
4,8,6,15,8.567653758440716
4,8,7,15,8.467774047463443
4,8,8,15,8.388940466570874
4,8,9,15,8.235045997420091
4,8,10,15,8.32293630480226
4,8,11,15,8.334927729367259
4,8,12,15,8.48283258463813
4,8,13,15,8.414346270703469
4,8,14,15,8.285830646920191
4,8,0,16,8.431129488717819
4,8,1,16,8.226906108934868
4,8,2,16,8.301766316808061
4,8,3,16,8.252533959817262
4,8,4,16,8.381272300866062
4,8,5,16,8.193348734069964
4,8,6,16,8.243753692203539
4,8,7,16,8.220483439580873
4,8,8,16,8.212727172412372
4,8,9,16,8.470663970538393
4,8,10,16,8.314876734469797
4,8,11,16,8.40644141111134
4,8,12,16,8.176755003899652
4,8,13,16,8.512247170412005
4,8,14,16,8.377621623197053
4,8,0,17,8.3894258357441
4,8,1,17,8.435614891234684
4,8,2,17,8.2891424000338
4,8,3,17,8.516137776305182
4,8,4,17,8.298341077690733
4,8,5,17,8.295728988583528
4,8,6,17,8.21392940062553
4,8,7,17,8.472099056473462
4,8,8,17,8.393429415065139
4,8,9,17,8.535721989541095
4,8,10,17,8.126270952535839
4,8,11,17,8.300954932381305
4,8,12,17,8.4307739763185
4,8,13,17,8.088736594617126
4,8,14,17,8.537134738817302
4,8,0,18,8.120821684172563
4,8,1,18,8.475201113010593
4,8,2,18,8.437161372184859
4,8,3,18,8.453385272414149
4,8,4,18,8.259187508657211
4,8,5,18,8.180230408000408
4,8,6,18,8.14716843840867
4,8,7,18,8.289994900258115
4,8,8,18,8.49253091327842
4,8,9,18,8.46728208178793
4,8,10,18,8.070923950180475
4,8,11,18,8.304199759014441
4,8,12,18,8.2056367303696
4,8,13,18,8.497740511351266
4,8,14,18,8.219229939727411
4,8,0,19,8.236998406989533
4,8,1,19,8.355929167609961
4,8,2,19,8.53569685526661
4,8,3,19,8.393325950245327
4,8,4,19,8.22685042308265
4,8,5,19,8.305996619119115
4,8,6,19,8.3858810735538
4,8,7,19,8.271996281575639
4,8,8,19,8.23688379322789
4,8,9,19,8.28531807197782
4,8,10,19,8.368153220617222
4,8,11,19,8.257465474125375
4,8,12,19,8.273591868274464
4,8,13,19,8.400941469860417
4,8,14,19,7.992857154621175
4,8,0,20,8.220775151129208
4,8,1,20,8.466822043342056
4,8,2,20,8.323473339535878
4,8,3,20,8.311439724643
4,8,4,20,8.183549962281589
4,8,5,20,8.31357440859345
4,8,6,20,8.242586946678715
4,8,7,20,8.165592849814022
4,8,8,20,8.053409080079216
4,8,9,20,8.485716490850479
4,8,10,20,8.214475428756717
4,8,11,20,8.26128607603925
4,8,12,20,8.285369771289242
4,8,13,20,8.290970302828288
4,8,14,20,8.471339196838501
4,8,0,21,8.233428980859356
4,8,1,21,8.427524545934336
4,8,2,21,8.3410771701685
4,8,3,21,8.342602097782226
4,8,4,21,8.392449658122231
4,8,5,21,8.413308856152748
4,8,6,21,8.39469925541579
4,8,7,21,8.259340603075207
4,8,8,21,8.297718921493875
4,8,9,21,8.328580109057746
4,8,10,21,8.220290444018573
4,8,11,21,8.148410618615188
4,8,12,21,8.293035212158724
4,8,13,21,8.22102482978179
4,8,14,21,8.341191033368624
4,8,0,22,8.174804146218843
4,8,1,22,8.392504422402503
4,8,2,22,8.378155077236702
4,8,3,22,8.394328608424251
4,8,4,22,8.420571428074162
4,8,5,22,8.488370998170932
4,8,6,22,8.367568225221259
4,8,7,22,8.28845392433163
4,8,8,22,8.30182669045937
4,8,9,22,8.187298510425274
4,8,10,22,8.505387871831923
4,8,11,22,8.478892223872506
4,8,12,22,8.416444443951995
4,8,13,22,8.374408378123825
4,8,14,22,8.212719077252428
4,9,0,0,8.154944076644062
4,9,1,0,8.111978869436056
4,9,2,0,8.374644102074331
4,9,3,0,8.39325114449004
4,9,4,0,7.917071291634992
4,9,5,0,8.164112441666235
4,9,6,0,8.119196865721545
4,9,7,0,7.960529323656806
4,9,8,0,7.820094596241173
4,9,9,0,8.237418615977415
4,9,10,0,8.398131367240936
4,9,11,0,8.372920822137619
4,9,12,0,8.225882707590275
4,9,13,0,8.507662365726652
4,9,14,0,8.3065562025578
4,9,0,1,8.23907153715523
4,9,1,1,8.052357788445628
4,9,2,1,8.468088149155298
4,9,3,1,8.023623163142876
4,9,4,1,8.30151859968147
4,9,5,1,8.193343161485355
4,9,6,1,8.220258841579696
4,9,7,1,8.150353618426001
4,9,8,1,8.20085518693832
4,9,9,1,8.38748245828293
4,9,10,1,8.30401111125659
4,9,11,1,8.185837646950093
4,9,12,1,7.971527235568734
4,9,13,1,8.597675143040194
4,9,14,1,8.427629189299088
4,9,0,2,8.338164869672841
4,9,1,2,8.487480979927371
4,9,2,2,8.35630863117358
4,9,3,2,8.22725550153313
4,9,4,2,8.291024356232953
4,9,5,2,8.1433896522192
4,9,6,2,8.25898923973363
4,9,7,2,8.423022852756434
4,9,8,2,8.016661005391823
4,9,9,2,8.252447095704255
4,9,10,2,8.258722594642807
4,9,11,2,8.252581984045184
4,9,12,2,8.198706053179624
4,9,13,2,8.21272046109583
4,9,14,2,8.30307670596205
4,9,0,3,8.14453892639913
4,9,1,3,8.187910068242191
4,9,2,3,8.255311942850714
4,9,3,3,8.228982385379298
4,9,4,3,8.257355703342508
4,9,5,3,8.216910616628558
4,9,6,3,8.1278578513907
4,9,7,3,8.150999992713675
4,9,8,3,8.128112026468374
4,9,9,3,8.273001411033574
4,9,10,3,8.225141607695345
4,9,11,3,8.34697940014029
4,9,12,3,8.295308808100955
4,9,13,3,8.260145060079218
4,9,14,3,8.096386963498897
4,9,0,4,8.43789562401306
4,9,1,4,8.246625034349204
4,9,2,4,8.175859665272139
4,9,3,4,8.373612506860802
4,9,4,4,8.322136232377318
4,9,5,4,8.148217417721742
4,9,6,4,8.409829681721279
4,9,7,4,8.320427572899924
4,9,8,4,8.104700955061178
4,9,9,4,8.218085697240973
4,9,10,4,8.320330829807636
4,9,11,4,8.31231951661456
4,9,12,4,8.451854356264814
4,9,13,4,8.245149425171483
4,9,14,4,8.066710264811833
4,9,0,5,8.190151553956346
4,9,1,5,8.376759750624904
4,9,2,5,8.377460682382749
4,9,3,5,8.11091810224423
4,9,4,5,8.339881246626165
4,9,5,5,8.074598531757742
4,9,6,5,8.183070158869194
4,9,7,5,8.415356370313658
4,9,8,5,8.25442387427008
4,9,9,5,8.033341103193491
4,9,10,5,8.39491415816454
4,9,11,5,8.436189261551318
4,9,12,5,8.398885461429874
4,9,13,5,8.264320918167682
4,9,14,5,7.991123476023309
4,9,0,6,8.268761716272358
4,9,1,6,8.505480845401387
4,9,2,6,8.409412529598576
4,9,3,6,8.057450708035503
4,9,4,6,8.336516653386026
4,9,5,6,8.0656084635671
4,9,6,6,8.384568973409985
4,9,7,6,8.438517229114398
4,9,8,6,8.40778811108765
4,9,9,6,8.143660336173859
4,9,10,6,8.503059444227803
4,9,11,6,8.192439303027204
4,9,12,6,8.267370328672222
4,9,13,6,8.273750251238955
4,9,14,6,8.363661531060034
4,9,0,7,8.317655539990245
4,9,1,7,8.363126484845132
4,9,2,7,8.01289244236506
4,9,3,7,8.414729240509233
4,9,4,7,8.442853523307612
4,9,5,7,8.518155189073331
4,9,6,7,8.092153825450358
4,9,7,7,8.289128203573954
4,9,8,7,8.324976602332965
4,9,9,7,8.288460509048953
4,9,10,7,8.380576181397752
4,9,11,7,8.354262802225243
4,9,12,7,8.144866101225984
4,9,13,7,8.337411756727922
4,9,14,7,8.3966386050272
4,9,0,8,8.13718846688097
4,9,1,8,8.27013849626056
4,9,2,8,8.247165196398834
4,9,3,8,8.150890418829853
4,9,4,8,8.368500489224193
4,9,5,8,8.401520654723056
4,9,6,8,8.2765380465783
4,9,7,8,8.183429343746136
4,9,8,8,8.473287580031624
4,9,9,8,8.254705016914594
4,9,10,8,8.330567598745308
4,9,11,8,8.225870881709461
4,9,12,8,8.204333843940233
4,9,13,8,8.209836001259179
4,9,14,8,8.399254044680303
4,9,0,9,8.161470464053323
4,9,1,9,8.10536559311452
4,9,2,9,8.197086694024673
4,9,3,9,8.039870205699332
4,9,4,9,8.228387705477846
4,9,5,9,8.286474801153354
4,9,6,9,8.526266366359122
4,9,7,9,8.135421017218723
4,9,8,9,8.354365953941715
4,9,9,9,8.178549096134052
4,9,10,9,8.157406184535073
4,9,11,9,8.34305070516692
4,9,12,9,8.230156482222778
4,9,13,9,8.101535997094084
4,9,14,9,8.443129566737525
4,9,0,10,8.3933462447499
4,9,1,10,8.276620787373936
4,9,2,10,8.211972625900732
4,9,3,10,8.257112696583905
4,9,4,10,8.177943868917307
4,9,5,10,8.24271877301916
4,9,6,10,8.279423825430973
4,9,7,10,8.192164194598782
4,9,8,10,8.19545602914665
4,9,9,10,8.281929937501603
4,9,10,10,8.253005980828492
4,9,11,10,8.38789538713381
4,9,12,10,8.186985435094323
4,9,13,10,8.222045223219771
4,9,14,10,8.407376477246782
4,9,0,11,8.36899193522763
4,9,1,11,8.198027943906464
4,9,2,11,8.210763855317001
4,9,3,11,8.148782437972029
4,9,4,11,8.215768447881665
4,9,5,11,8.211343184089172
4,9,6,11,7.915301673406508
4,9,7,11,8.221377328163166
4,9,8,11,8.324553706071578
4,9,9,11,8.08052848437143
4,9,10,11,8.190600259948956
4,9,11,11,8.319352758528161
4,9,12,11,8.255579686018072
4,9,13,11,8.388601942174988
4,9,14,11,8.34150779934854
4,9,0,12,8.098711148331532
4,9,1,12,8.306794763635207
4,9,2,12,8.07509827230029
4,9,3,12,8.304488686695153
4,9,4,12,7.874220601147844
4,9,5,12,8.198364502580427
4,9,6,12,7.972161562325634
4,9,7,12,8.492986223263546
4,9,8,12,8.41967353486361
4,9,9,12,8.283013589215477
4,9,10,12,7.901329092219288
4,9,11,12,8.071282298134776
4,9,12,12,8.33029006013243
4,9,13,12,8.315360045655405
4,9,14,12,8.435561740926124
4,9,0,13,8.1527237473165
4,9,1,13,8.391730378990067
4,9,2,13,7.969103480670763
4,9,3,13,7.951102318092579
4,9,4,13,8.233745699202633
4,9,5,13,8.203550641125132
4,9,6,13,8.16710359453994
4,9,7,13,8.35303287784823
4,9,8,13,8.352087279973551
4,9,9,13,8.22428133162159
4,9,10,13,8.109109614026133
4,9,11,13,8.093889222834072
4,9,12,13,8.273384468278705
4,9,13,13,8.12246170045931
4,9,14,13,8.242976346459487
4,9,0,14,8.41067121947443
4,9,1,14,8.369427335700514
4,9,2,14,8.060126632739552
4,9,3,14,8.19045687523688
4,9,4,14,8.294918003953264
4,9,5,14,8.24167046844602
4,9,6,14,8.097588744209276
4,9,7,14,8.284613227858278
4,9,8,14,8.480562007090569
4,9,9,14,8.140561884416792
4,9,10,14,8.16332224201375
4,9,11,14,8.260653740340421
4,9,12,14,8.431712619542203
4,9,13,14,8.086411474146555
4,9,14,14,8.448958638345655
4,9,0,15,8.479163802173348
4,9,1,15,8.261924388201066
4,9,2,15,8.003695831327558
4,9,3,15,8.21839647036548
4,9,4,15,8.37568759341698
4,9,5,15,8.314880436894157
4,9,6,15,8.38461000733834
4,9,7,15,8.175450685886577
4,9,8,15,8.316464770255331
4,9,9,15,8.252568366822162
4,9,10,15,8.175392974119156
4,9,11,15,8.331274106503605
4,9,12,15,8.514224049871524
4,9,13,15,8.451403983089316
4,9,14,15,8.42246042180941
4,9,0,16,8.217619086405282
4,9,1,16,7.890303545244976
4,9,2,16,8.2428597497292
4,9,3,16,8.133202460449555
4,9,4,16,8.234152846600237
4,9,5,16,8.143147303041518
4,9,6,16,8.451859994591299
4,9,7,16,8.395381309785675
4,9,8,16,8.223609940252548
4,9,9,16,8.185167643362472
4,9,10,16,8.570268892901291
4,9,11,16,8.482360541739768
4,9,12,16,8.362542852462493
4,9,13,16,8.495417807922856
4,9,14,16,8.464444916627917
4,9,0,17,8.138380291218432
4,9,1,17,8.415318479742758
4,9,2,17,8.064181655005143
4,9,3,17,8.234828253531232
4,9,4,17,8.180084722347079
4,9,5,17,8.273085107909699
4,9,6,17,8.445384407122978
4,9,7,17,8.284649600114431
4,9,8,17,8.282474949230016
4,9,9,17,8.256593297343292
4,9,10,17,8.323346536590543
4,9,11,17,8.199750327243326
4,9,12,17,8.303473834629992
4,9,13,17,8.446361115960517
4,9,14,17,8.201867462574267
4,9,0,18,8.076644602090854
4,9,1,18,8.440106513179117
4,9,2,18,8.298420403354502
4,9,3,18,8.412876804844442
4,9,4,18,8.081130591290144
4,9,5,18,8.408731635878537
4,9,6,18,8.329278873593022
4,9,7,18,8.442937113734333
4,9,8,18,8.020230794949248
4,9,9,18,8.104284539686972
4,9,10,18,8.356179960873265
4,9,11,18,8.447829153911858
4,9,12,18,8.280235777247334
4,9,13,18,8.413097308420609
4,9,14,18,8.123121908796225
4,9,0,19,8.353801147022587
4,9,1,19,8.199305377164027
4,9,2,19,8.461059921590612
4,9,3,19,8.290644940296636
4,9,4,19,8.325684743774081
4,9,5,19,7.971447813221193
4,9,6,19,8.364969559207802
4,9,7,19,8.209591591187252
4,9,8,19,8.250954596785226
4,9,9,19,8.248040601227515
4,9,10,19,8.311542831622193
4,9,11,19,8.212549229961882
4,9,12,19,7.98841679063901
4,9,13,19,8.277353852653453
4,9,14,19,8.3235128021942
4,9,0,20,8.375122300969643
4,9,1,20,8.392588432221714
4,9,2,20,8.161733772253125
4,9,3,20,8.211915083918369
4,9,4,20,8.187265742983666
4,9,5,20,8.37496898074141
4,9,6,20,8.154084125163084
4,9,7,20,8.261293396960095
4,9,8,20,8.27602150606152
4,9,9,20,8.41945261373517
4,9,10,20,8.529248888297523
4,9,11,20,8.2107674461255
4,9,12,20,8.36392676082295
4,9,13,20,8.333341910664911
4,9,14,20,8.134924236163068
4,9,0,21,8.309633393650424
4,9,1,21,8.10523927746345
4,9,2,21,8.157405621153845
4,9,3,21,8.232026246506562
4,9,4,21,7.936384702862824
4,9,5,21,8.424441455644601
4,9,6,21,8.151263629280448
4,9,7,21,8.363373722487653
4,9,8,21,8.57787979738822
4,9,9,21,7.97653927063445
4,9,10,21,8.217988322889184
4,9,11,21,8.215376617192543
4,9,12,21,8.002259429890431
4,9,13,21,8.312336335382673
4,9,14,21,8.0184191274904
4,9,0,22,8.279984687305426
4,9,1,22,8.409809942505445
4,9,2,22,8.195281773397069
4,9,3,22,8.555191552103175
4,9,4,22,8.318989884167493
4,9,5,22,8.581980370833918
4,9,6,22,8.446442295636588
4,9,7,22,8.259445418391838
4,9,8,22,8.378979014390032
4,9,9,22,8.038083021105939
4,9,10,22,8.134800937325087
4,9,11,22,8.281552323179936
4,9,12,22,8.318596712217317
4,9,13,22,8.313344802971628
4,9,14,22,8.201739864412703
4,10,0,0,8.283395076359868
4,10,1,0,8.17123365636611
4,10,2,0,8.492658059764812
4,10,3,0,8.064441539169291
4,10,4,0,8.397481648642874
4,10,5,0,8.550559322396474
4,10,6,0,8.164518576293181
4,10,7,0,8.263508091623113
4,10,8,0,8.405382014491272
4,10,9,0,8.352097660946656
4,10,10,0,8.228410680957154
4,10,11,0,8.488029682671968
4,10,12,0,8.117058958861278
4,10,13,0,8.421269981922501
4,10,14,0,8.342918529729713
4,10,0,1,8.156047075732559
4,10,1,1,8.427864799976037
4,10,2,1,8.302873975185728
4,10,3,1,8.349387036417777
4,10,4,1,8.304655494578224
4,10,5,1,8.41550160390916
4,10,6,1,8.098132508769671
4,10,7,1,7.918325395556946
4,10,8,1,8.187659362954813
4,10,9,1,8.445866523135356
4,10,10,1,8.236295992162992
4,10,11,1,8.099802576019322
4,10,12,1,8.370083282323938
4,10,13,1,8.28144960513397
4,10,14,1,8.369175081145672
4,10,0,2,8.232825895353207
4,10,1,2,8.455051855351815
4,10,2,2,7.969082464267232
4,10,3,2,8.289283822609821
4,10,4,2,8.34487411120399
4,10,5,2,8.234228863937071
4,10,6,2,8.35680169934939
4,10,7,2,8.20189018530557
4,10,8,2,8.206259210613466
4,10,9,2,8.271013925516575
4,10,10,2,8.124400413096312
4,10,11,2,8.211633426670275
4,10,12,2,8.379823703794127
4,10,13,2,8.409433080687883
4,10,14,2,8.233069047218109
4,10,0,3,8.164253998114415
4,10,1,3,8.39814626038259
4,10,2,3,8.220194850840896
4,10,3,3,8.26095981653386
4,10,4,3,8.127027255581856
4,10,5,3,7.9729231060099455
4,10,6,3,8.111734866240898
4,10,7,3,8.04926331614267
4,10,8,3,8.053900938530049
4,10,9,3,8.196144232318932
4,10,10,3,8.318899264854558
4,10,11,3,8.030222266106168
4,10,12,3,8.197882767190794
4,10,13,3,8.466888171394714
4,10,14,3,8.258390351738
4,10,0,4,7.983134022780506
4,10,1,4,8.183861327403893
4,10,2,4,8.3437000058168
4,10,3,4,7.963701623091477
4,10,4,4,8.255761760004216
4,10,5,4,7.959276318156773
4,10,6,4,8.041197649281097
4,10,7,4,8.079688941105903
4,10,8,4,8.359919439206255
4,10,9,4,8.160292528425195
4,10,10,4,8.361952948468007
4,10,11,4,8.308861581460482
4,10,12,4,8.373413416269617
4,10,13,4,8.304405579271533
4,10,14,4,7.772035355546959
4,10,0,5,8.122971272339525
4,10,1,5,8.379267382582572
4,10,2,5,8.44913891865876
4,10,3,5,8.035315277715231
4,10,4,5,8.347023220904704
4,10,5,5,8.316437762181486
4,10,6,5,8.349017127574648
4,10,7,5,8.24622920292018
4,10,8,5,8.171888809718396
4,10,9,5,8.236602290710193
4,10,10,5,8.45222431646907
4,10,11,5,8.245121434897023
4,10,12,5,7.934775176969459
4,10,13,5,8.327585162813774
4,10,14,5,8.36589522353767
4,10,0,6,8.30758960819403
4,10,1,6,8.205393990240621
4,10,2,6,7.9546416630878225
4,10,3,6,8.189357145560127
4,10,4,6,8.383771119944946
4,10,5,6,8.351004898609839
4,10,6,6,8.197753896321084
4,10,7,6,8.037550340826904
4,10,8,6,7.914767766160179
4,10,9,6,8.056740887776852
4,10,10,6,8.397975756128844
4,10,11,6,8.143261492358235
4,10,12,6,8.163765414767322
4,10,13,6,8.196373040131968
4,10,14,6,8.250967263771809
4,10,0,7,8.513046517691443
4,10,1,7,7.8251294503824305
4,10,2,7,8.295158862386186
4,10,3,7,8.391100698797118
4,10,4,7,8.426019098608124
4,10,5,7,7.8017018304718775
4,10,6,7,7.950839349023463
4,10,7,7,8.087284278700048
4,10,8,7,8.018789659448966
4,10,9,7,8.153598549383764
4,10,10,7,8.20629310024423
4,10,11,7,8.279372418055827
4,10,12,7,8.294085464640096
4,10,13,7,8.022381416668997
4,10,14,7,8.27229617791077
4,10,0,8,8.316937468901092
4,10,1,8,8.194036619129282
4,10,2,8,8.248229476321326
4,10,3,8,8.246695550122286
4,10,4,8,8.20695093923449
4,10,5,8,8.146115545534093
4,10,6,8,8.204795337607202
4,10,7,8,8.13840418049609
4,10,8,8,8.183324082729925
4,10,9,8,8.318534364042463
4,10,10,8,8.179226529313109
4,10,11,8,8.393230892360423
4,10,12,8,8.390734988714438
4,10,13,8,7.980904936667794
4,10,14,8,8.327038532032304
4,10,0,9,8.274038592805892
4,10,1,9,8.203108245738212
4,10,2,9,8.316257923981798
4,10,3,9,8.199929377637227
4,10,4,9,8.356574368856293
4,10,5,9,7.98966119096106
4,10,6,9,8.448180799715297
4,10,7,9,8.28450616414473
4,10,8,9,8.547099118224695
4,10,9,9,8.17639283039005
4,10,10,9,8.35581164763393
4,10,11,9,8.456306574295189
4,10,12,9,8.349364383847249
4,10,13,9,8.185816417858193
4,10,14,9,8.161591342191924
4,10,0,10,8.0010915680472
4,10,1,10,8.393987640584642
4,10,2,10,8.446967371005389
4,10,3,10,8.245312998438255
4,10,4,10,8.317114683329569
4,10,5,10,8.232612655417958
4,10,6,10,8.411141761115724
4,10,7,10,7.609212074390099
4,10,8,10,8.33282621481917
4,10,9,10,8.295990276872079
4,10,10,10,8.211899775860472
4,10,11,10,8.279420710313833
4,10,12,10,8.36832707117372
4,10,13,10,8.112817781971907
4,10,14,10,8.159817406928429
4,10,0,11,8.246916851984219
4,10,1,11,8.144474783538849
4,10,2,11,8.369945313647305
4,10,3,11,8.261134956166279
4,10,4,11,8.421327307463022
4,10,5,11,8.109812420910618
4,10,6,11,8.330869607074089
4,10,7,11,8.24285883156087
4,10,8,11,8.328815285488158
4,10,9,11,8.32271475476014
4,10,10,11,8.398922850362254
4,10,11,11,8.225386303720216
4,10,12,11,8.289033876939717
4,10,13,11,8.088088599656977
4,10,14,11,8.307139037314208
4,10,0,12,8.19349078478629
4,10,1,12,8.190386021990042
4,10,2,12,8.026725339890634
4,10,3,12,7.940029865247154
4,10,4,12,8.289187709569688
4,10,5,12,8.368769177960859
4,10,6,12,7.785342379215839
4,10,7,12,8.307033909181206
4,10,8,12,7.9009681753843255
4,10,9,12,8.079456572303595
4,10,10,12,8.451625907952996
4,10,11,12,8.066979613691153
4,10,12,12,8.246629049323815
4,10,13,12,8.170988844097508
4,10,14,12,8.162789354110956
4,10,0,13,7.916631570532315
4,10,1,13,8.283992702985666
4,10,2,13,8.075887230093278
4,10,3,13,8.076027396340754
4,10,4,13,8.414149172564082
4,10,5,13,8.545475335347264
4,10,6,13,8.33197357279724
4,10,7,13,8.374813681355882
4,10,8,13,8.12100552848659
4,10,9,13,8.133803049730556
4,10,10,13,8.10007153659778
4,10,11,13,8.159108890632849
4,10,12,13,8.123760825545588
4,10,13,13,8.212769583122169
4,10,14,13,8.260812857494491
4,10,0,14,8.263404510735665
4,10,1,14,8.11221930141102
4,10,2,14,8.503694408662637
4,10,3,14,8.293184230178538
4,10,4,14,8.226695977355316
4,10,5,14,8.238703411669709
4,10,6,14,8.12062918079832
4,10,7,14,8.150633666936878
4,10,8,14,8.189595915467939
4,10,9,14,8.228989293516848
4,10,10,14,8.631172634733352
4,10,11,14,8.244536653877423
4,10,12,14,8.292085756694153
4,10,13,14,8.241353855177774
4,10,14,14,8.00766463315154
4,10,0,15,8.100967865421588
4,10,1,15,8.448417293245699
4,10,2,15,8.17419551930972
4,10,3,15,8.487416651612847
4,10,4,15,8.121365983026541
4,10,5,15,7.840637466983862
4,10,6,15,8.137764296044296
4,10,7,15,8.207408709335809
4,10,8,15,8.333929719824587
4,10,9,15,8.326431284646116
4,10,10,15,8.350376020295123
4,10,11,15,8.2429240904546
4,10,12,15,8.422443251701841
4,10,13,15,8.281684488458454
4,10,14,15,8.131590910065263
4,10,0,16,8.29305102599654
4,10,1,16,8.275744427315711
4,10,2,16,8.129692544259987
4,10,3,16,8.233869669664324
4,10,4,16,8.51616952737936
4,10,5,16,7.889440963137401
4,10,6,16,7.965104972709223
4,10,7,16,8.382337109951754
4,10,8,16,8.268659097189337
4,10,9,16,8.499923977031546
4,10,10,16,8.022382541483202
4,10,11,16,8.301307903224588
4,10,12,16,8.393710918385732
4,10,13,16,8.360266686760559
4,10,14,16,8.367635827727884
4,10,0,17,8.124817945796847
4,10,1,17,8.10515215234593
4,10,2,17,8.097108828258412
4,10,3,17,8.175165840433365
4,10,4,17,8.47816253241344
4,10,5,17,8.013230508519168
4,10,6,17,8.006890973201763
4,10,7,17,8.246445494337827
4,10,8,17,8.362070375611582
4,10,9,17,8.297777917689537
4,10,10,17,8.198325025098168
4,10,11,17,8.256324620897358
4,10,12,17,8.46123848573147
4,10,13,17,8.344460454198265
4,10,14,17,8.22928538628846
4,10,0,18,8.038856021259747
4,10,1,18,7.861446248547292
4,10,2,18,8.381364583793626
4,10,3,18,7.909222963119679
4,10,4,18,8.088755699274115
4,10,5,18,8.10263055532946
4,10,6,18,7.94414267022788
4,10,7,18,8.200480612770422
4,10,8,18,8.438671314132275
4,10,9,18,8.215539177008301
4,10,10,18,8.119492056913462
4,10,11,18,8.250373081697035
4,10,12,18,7.895140090770723
4,10,13,18,8.341134084950005
4,10,14,18,8.280159367047457
4,10,0,19,8.063726447528532
4,10,1,19,8.092053173317943
4,10,2,19,8.097778113514542
4,10,3,19,8.41251151370428
4,10,4,19,7.893931925031587
4,10,5,19,8.326917079731988
4,10,6,19,8.18652983211327
4,10,7,19,7.794615081624407
4,10,8,19,8.620050242939268
4,10,9,19,8.261777143424537
4,10,10,19,8.303995268331557
4,10,11,19,7.939065085003396
4,10,12,19,8.202247041465617
4,10,13,19,8.275637933391899
4,10,14,19,8.326037247551373
4,10,0,20,8.202164450307647
4,10,1,20,7.968021458587597
4,10,2,20,8.112235541141525
4,10,3,20,8.284847895327472
4,10,4,20,8.165046979332415
4,10,5,20,8.291540814902197
4,10,6,20,8.101866220374028
4,10,7,20,8.187630455083697
4,10,8,20,8.313340677239893
4,10,9,20,8.129206439018233
4,10,10,20,8.259884714796705
4,10,11,20,8.410539533813688
4,10,12,20,8.360751378346645
4,10,13,20,8.454041919519026
4,10,14,20,8.229818746611699
4,10,0,21,8.313741788543576
4,10,1,21,8.271021389915989
4,10,2,21,8.132343132806868
4,10,3,21,8.198486938405976
4,10,4,21,8.185382416804483
4,10,5,21,8.379519764598031
4,10,6,21,8.435093994754789
4,10,7,21,8.182369971774703
4,10,8,21,8.246885243996674
4,10,9,21,8.114355058870233
4,10,10,21,8.025572372596836
4,10,11,21,8.088554407241642
4,10,12,21,8.204512366802383
4,10,13,21,8.321833836973688
4,10,14,21,8.23592698373812
4,10,0,22,8.298186260911306
4,10,1,22,8.174144475895192
4,10,2,22,8.382539017338157
4,10,3,22,8.373138097316023
4,10,4,22,8.186606217041913
4,10,5,22,8.193545176162608
4,10,6,22,8.388778305940411
4,10,7,22,7.971915936614748
4,10,8,22,8.257599644176544
4,10,9,22,8.031990736577463
4,10,10,22,8.147722745239346
4,10,11,22,8.324186111837065
4,10,12,22,8.23753304828362
4,10,13,22,8.199466420138831
4,10,14,22,8.262668373341464
5,3,0,0,8.141761369553064
5,3,1,0,8.091453993194529
5,3,2,0,8.177973813934893
5,3,3,0,8.351148573522464
5,3,4,0,7.975174227761277
5,3,5,0,8.13525470978828
5,3,6,0,8.006532798890907
5,3,7,0,8.070579144414078
5,3,8,0,7.875903137683788
5,3,9,0,8.214167373067095
5,3,10,0,8.049176723126912
5,3,11,0,8.190812468590941
5,3,12,0,8.235478888526208
5,3,13,0,8.239986581155582
5,3,14,0,8.123480025133832
5,3,0,1,8.118914082585482
5,3,1,1,8.02501838940265
5,3,2,1,8.183599299603047
5,3,3,1,8.395888469362612
5,3,4,1,8.045581334148212
5,3,5,1,8.112254940153294
5,3,6,1,8.234524954725254
5,3,7,1,8.262543119845025
5,3,8,1,8.14493454998647
5,3,9,1,8.02159592921853
5,3,10,1,8.246473231149421
5,3,11,1,8.108421419707431
5,3,12,1,8.078669855241401
5,3,13,1,8.243280678786125
5,3,14,1,8.197528372593522
5,3,0,2,8.180618753545303
5,3,1,2,8.091950155451807
5,3,2,2,8.096887483029127
5,3,3,2,8.36692372350508
5,3,4,2,8.277506976885473
5,3,5,2,8.211830043115585
5,3,6,2,8.313355384793967
5,3,7,2,8.201163745258626
5,3,8,2,7.981231110708757
5,3,9,2,8.087180878201027
5,3,10,2,8.230049256576418
5,3,11,2,8.143845059409367
5,3,12,2,8.191074078324812
5,3,13,2,8.44953803025529
5,3,14,2,8.324439293033663
5,3,0,3,8.295269091191651
5,3,1,3,8.26946646225127
5,3,2,3,8.221447270785404
5,3,3,3,8.36344639357882
5,3,4,3,8.084791264778321
5,3,5,3,8.010933249337993
5,3,6,3,8.292514622693885
5,3,7,3,8.142984093948842
5,3,8,3,7.965187016437456
5,3,9,3,7.990994988016324
5,3,10,3,8.074299393300047
5,3,11,3,8.140598330533875
5,3,12,3,8.115124645137453
5,3,13,3,8.247477835699295
5,3,14,3,8.016562782412294
5,3,0,4,8.383004794655067
5,3,1,4,8.15049628994429
5,3,2,4,8.225036642227646
5,3,3,4,8.022262395162903
5,3,4,4,8.229270412217152
5,3,5,4,8.17981780609257
5,3,6,4,8.082389144418034
5,3,7,4,8.262680561479463
5,3,8,4,8.129607536777463
5,3,9,4,8.267137228499434
5,3,10,4,8.235346943679739
5,3,11,4,8.330201124220908
5,3,12,4,8.129040306908799
5,3,13,4,8.011994113788216
5,3,14,4,8.257430318038978
5,3,0,5,8.12775502827683
5,3,1,5,8.160254671658564
5,3,2,5,8.237371780787415
5,3,3,5,8.299305517130787
5,3,4,5,8.16816797647361
5,3,5,5,8.191121295417668
5,3,6,5,8.118470144428777
5,3,7,5,8.321910802084883
5,3,8,5,8.211640776617706
5,3,9,5,8.292844287715752
5,3,10,5,8.314334990489485
5,3,11,5,8.130010652345167
5,3,12,5,8.265884276386643
5,3,13,5,8.15848536364645
5,3,14,5,8.12661535294534
5,3,0,6,8.231890114551717
5,3,1,6,8.063055899545803
5,3,2,6,8.193566098976051
5,3,3,6,8.118124925002508
5,3,4,6,8.104597023346905
5,3,5,6,8.160329503243602
5,3,6,6,8.161345290995632
5,3,7,6,8.200217702782032
5,3,8,6,8.129665049148102
5,3,9,6,8.094182415943456
5,3,10,6,8.119653962243982
5,3,11,6,7.957314416491484
5,3,12,6,8.262822948061496
5,3,13,6,8.04304615676091
5,3,14,6,8.169501148666994
5,3,0,7,8.291485933538533
5,3,1,7,8.081474163645444
5,3,2,7,8.059070223858399
5,3,3,7,8.294842167804624
5,3,4,7,8.20005002855447
5,3,5,7,8.126301157246422
5,3,6,7,8.26370664333647
5,3,7,7,8.144153224097344
5,3,8,7,8.215340840265357
5,3,9,7,7.993021800933332
5,3,10,7,8.056975908165487
5,3,11,7,8.00618993519481
5,3,12,7,8.134764279406573
5,3,13,7,8.032702295853356
5,3,14,7,8.121174211741645
5,3,0,8,7.859929651414347
5,3,1,8,8.175673558721519
5,3,2,8,8.11284504071753
5,3,3,8,8.27107406756667
5,3,4,8,8.042970008074997
5,3,5,8,8.232918373559677
5,3,6,8,8.240632663227238
5,3,7,8,8.06740871297624
5,3,8,8,8.098755494569144
5,3,9,8,8.117303841772156
5,3,10,8,8.197287601311306
5,3,11,8,8.143317079664133
5,3,12,8,8.074956499493672
5,3,13,8,8.2815028670063
5,3,14,8,8.14190571429175
5,3,0,9,8.127753752191417
5,3,1,9,8.135619584361525
5,3,2,9,8.227531058960015
5,3,3,9,8.203879401610813
5,3,4,9,8.05358311924768
5,3,5,9,8.171034192663882
5,3,6,9,8.097994758027498
5,3,7,9,8.086095122881012
5,3,8,9,8.114894721075881
5,3,9,9,8.243310745932217
5,3,10,9,8.199427742205721
5,3,11,9,8.20166223358781
5,3,12,9,8.249079243937427
5,3,13,9,8.155724940406301
5,3,14,9,8.319318446688639
5,3,0,10,8.218624769567436
5,3,1,10,8.193041050104636
5,3,2,10,8.223940392752326
5,3,3,10,8.33035802993936
5,3,4,10,8.178587057416948
5,3,5,10,8.138904884877201
5,3,6,10,8.140928498005263
5,3,7,10,8.094242181109745
5,3,8,10,8.028878598976346
5,3,9,10,8.161671565575151
5,3,10,10,8.105984368833496
5,3,11,10,8.081516284899504
5,3,12,10,8.23792508759847
5,3,13,10,8.245227990204414
5,3,14,10,7.915491788962615
5,3,0,11,8.011045266496565
5,3,1,11,8.295212995746295
5,3,2,11,8.339469505694293
5,3,3,11,8.178938680831196
5,3,4,11,8.346370473475734
5,3,5,11,8.164866685252811
5,3,6,11,8.163765807732787
5,3,7,11,8.128479666766056
5,3,8,11,8.192872135140503
5,3,9,11,8.147596351324509
5,3,10,11,8.30186040619654
5,3,11,11,7.892316016322684
5,3,12,11,8.155763646408243
5,3,13,11,8.062146747091274
5,3,14,11,8.31753116797766
5,3,0,12,8.164710884997533
5,3,1,12,8.151016793168486
5,3,2,12,8.364822898180016
5,3,3,12,8.134217047487875
5,3,4,12,8.210312807882858
5,3,5,12,8.20429977824237
5,3,6,12,8.130589696069372
5,3,7,12,8.19116876626862
5,3,8,12,8.178228795068101
5,3,9,12,8.352549543381485
5,3,10,12,8.190432376717288
5,3,11,12,7.993688431476938
5,3,12,12,8.132049014791114
5,3,13,12,8.148834488011909
5,3,14,12,8.275966297800737
5,3,0,13,8.320297385942602
5,3,1,13,8.277906271978456
5,3,2,13,8.187240097169848
5,3,3,13,8.17663120545166
5,3,4,13,8.327600251963833
5,3,5,13,8.192538285260136
5,3,6,13,8.211905156421558
5,3,7,13,8.300294924596464
5,3,8,13,8.150331264466441
5,3,9,13,8.196375113487656
5,3,10,13,8.154993017312242
5,3,11,13,8.205119272154818
5,3,12,13,8.17164522299508
5,3,13,13,7.987906808881478
5,3,14,13,8.239009349488285
5,3,0,14,8.294508234650968
5,3,1,14,8.191013366912948
5,3,2,14,8.136633437792442
5,3,3,14,8.111874165910749
5,3,4,14,8.237771606293906
5,3,5,14,8.162473071063715
5,3,6,14,8.21634984949427
5,3,7,14,8.164128997232323
5,3,8,14,8.131721366804681
5,3,9,14,8.118669315054175
5,3,10,14,8.198890936047288
5,3,11,14,8.198312765490838
5,3,12,14,8.094893245209347
5,3,13,14,8.118342358487283
5,3,14,14,8.296547479845243
5,3,0,15,8.166714315283622
5,3,1,15,8.184475013057558
5,3,2,15,8.135567882323917
5,3,3,15,8.143869700266599
5,3,4,15,8.161951806421648
5,3,5,15,7.850764688739521
5,3,6,15,8.001974935874669
5,3,7,15,8.101045579414253
5,3,8,15,8.145723052015008
5,3,9,15,8.00371558762284
5,3,10,15,8.036036974365379
5,3,11,15,8.236716827301839
5,3,12,15,8.146601365494647
5,3,13,15,8.045312098878819
5,3,14,15,8.24670558055343
5,3,0,16,8.145240074639077
5,3,1,16,8.000394944514344
5,3,2,16,8.180074683348382
5,3,3,16,8.173675654085317
5,3,4,16,8.31075152742673
5,3,5,16,8.112391935789118
5,3,6,16,8.186716492843088
5,3,7,16,8.195672075040237
5,3,8,16,8.294212654965404
5,3,9,16,8.254320288411305
5,3,10,16,8.054714899894583
5,3,11,16,8.139106197008875
5,3,12,16,8.134283662717975
5,3,13,16,8.179338931787333
5,3,14,16,8.3001707097996
5,3,0,17,8.183898218949393
5,3,1,17,8.183433282761644
5,3,2,17,8.186070467591069
5,3,3,17,8.225297186743585
5,3,4,17,8.209693998514753
5,3,5,17,8.25928990391046
5,3,6,17,8.329396098227175
5,3,7,17,8.325949650830431
5,3,8,17,8.248869664799892
5,3,9,17,8.154426048632313
5,3,10,17,8.222689985918018
5,3,11,17,8.175349016335867
5,3,12,17,8.332353790844218
5,3,13,17,8.188110769852056
5,3,14,17,8.353966485117594
5,3,0,18,8.110624207904342
5,3,1,18,8.278380230471738
5,3,2,18,8.252362458607902
5,3,3,18,8.2282902686007
5,3,4,18,8.325497715998363
5,3,5,18,8.252429948824958
5,3,6,18,8.246585599670027
5,3,7,18,8.325499882491995
5,3,8,18,8.28657267182227
5,3,9,18,8.217749378283465
5,3,10,18,8.14595657056823
5,3,11,18,8.23074227440397
5,3,12,18,8.246161473818114
5,3,13,18,8.304147515145665
5,3,14,18,8.188071482404334
5,3,0,19,8.159758095263404
5,3,1,19,8.044385712891318
5,3,2,19,8.222479783487747
5,3,3,19,8.189992270401449
5,3,4,19,8.233559797932742
5,3,5,19,8.307017597952377
5,3,6,19,8.138580448782779
5,3,7,19,8.234088941091821
5,3,8,19,8.21880354067823
5,3,9,19,8.261987581542328
5,3,10,19,8.241947710098732
5,3,11,19,8.22201206924332
5,3,12,19,8.261796661732845
5,3,13,19,8.17634852498039
5,3,14,19,8.270270604776154
5,3,0,20,8.121303574523802
5,3,1,20,8.317072605826812
5,3,2,20,8.318106232867498
5,3,3,20,8.184715709951798
5,3,4,20,8.111090551030548
5,3,5,20,8.222828691664619
5,3,6,20,8.094194197061691
5,3,7,20,8.254211808008069
5,3,8,20,8.230105844055366
5,3,9,20,8.177069348089432
5,3,10,20,8.242034104162016
5,3,11,20,8.21015481217612
5,3,12,20,8.214350975992689
5,3,13,20,8.213130232542206
5,3,14,20,8.280964297224136
5,3,0,21,8.16138910120813
5,3,1,21,8.335692826091934
5,3,2,21,8.27033423754874
5,3,3,21,8.11824446234602
5,3,4,21,8.123890621604826
5,3,5,21,8.317737803703489
5,3,6,21,8.17911646571703
5,3,7,21,8.080484793584187
5,3,8,21,7.9970456118808
5,3,9,21,8.140307804423225
5,3,10,21,8.193462493629916
5,3,11,21,8.235792686921778
5,3,12,21,8.226812474008716
5,3,13,21,8.123033155692346
5,3,14,21,8.303051094158514
5,3,0,22,8.097877202299175
5,3,1,22,8.086333554699774
5,3,2,22,8.179535516411446
5,3,3,22,8.2554541788536
5,3,4,22,8.21813408092817
5,3,5,22,8.342421565903459
5,3,6,22,8.243373408029274
5,3,7,22,7.976565031391941
5,3,8,22,8.15498210041838
5,3,9,22,8.121799186778963
5,3,10,22,8.198903851736297
5,3,11,22,8.119765264553955
5,3,12,22,8.08630625694147
5,3,13,22,8.223962517008124
5,3,14,22,8.222478830719629
5,4,0,0,8.142508199603114
5,4,1,0,7.757719113537107
5,4,2,0,8.113416045292094
5,4,3,0,8.127107349810755
5,4,4,0,8.313845976427427
5,4,5,0,8.117863017670189
5,4,6,0,8.247110913341373
5,4,7,0,8.066150260881301
5,4,8,0,8.251812611543462
5,4,9,0,8.084358507997338
5,4,10,0,8.44118627690995
5,4,11,0,8.226188505295752
5,4,12,0,8.161223657817326
5,4,13,0,8.179806015843443
5,4,14,0,7.849642716200303
5,4,0,1,8.053692783549268
5,4,1,1,8.217513701984968
5,4,2,1,7.989075250305865
5,4,3,1,8.092530237398455
5,4,4,1,8.19823894097599
5,4,5,1,8.20208562176937
5,4,6,1,8.028292828945801
5,4,7,1,8.13611333682717
5,4,8,1,8.455938089451722
5,4,9,1,8.159718293859248
5,4,10,1,8.263031920012033
5,4,11,1,8.078124900215627
5,4,12,1,8.235520060884443
5,4,13,1,8.068107177852742
5,4,14,1,8.18429054121043
5,4,0,2,8.189380753134571
5,4,1,2,8.16988060727032
5,4,2,2,8.22960217514566
5,4,3,2,8.179524880250009
5,4,4,2,8.189042316222944
5,4,5,2,8.290552072488415
5,4,6,2,8.074853924951762
5,4,7,2,8.118632000978916
5,4,8,2,8.260163962944977
5,4,9,2,7.999468646873412
5,4,10,2,8.22432181164492
5,4,11,2,8.30852182919706
5,4,12,2,8.150377762984965
5,4,13,2,8.027068337537804
5,4,14,2,8.232685788901781
5,4,0,3,8.347022330122037
5,4,1,3,8.103810222243021
5,4,2,3,8.148801694971826
5,4,3,3,8.231681265491288
5,4,4,3,8.148300254689836
5,4,5,3,7.978788986042665
5,4,6,3,8.153856993213944
5,4,7,3,7.927951864700396
5,4,8,3,8.02865623600368
5,4,9,3,8.29779204774114
5,4,10,3,8.199318870182623
5,4,11,3,8.35469473630523
5,4,12,3,8.158647670537887
5,4,13,3,8.121591347305582
5,4,14,3,8.098081344563731
5,4,0,4,8.260348866574258
5,4,1,4,8.182082735188311
5,4,2,4,8.25148549446616
5,4,3,4,8.06810647487147
5,4,4,4,8.114650843100764
5,4,5,4,7.9380789682603785
5,4,6,4,8.218512560133139
5,4,7,4,8.019415027313313
5,4,8,4,8.066623284934963
5,4,9,4,8.242227620692775
5,4,10,4,8.228690898681633
5,4,11,4,8.223673983111958
5,4,12,4,8.117523099126661
5,4,13,4,8.14443136879207
5,4,14,4,8.170975743491788
5,4,0,5,8.356818500265204
5,4,1,5,8.054569241712764
5,4,2,5,8.187076281320643
5,4,3,5,8.16142032650702
5,4,4,5,8.169536069742874
5,4,5,5,8.03562607139464
5,4,6,5,8.049698687396909
5,4,7,5,8.272358120332255
5,4,8,5,8.236592371082502
5,4,9,5,8.193469179459914
5,4,10,5,8.15757921250433
5,4,11,5,8.12630762019375
5,4,12,5,8.066647313950828
5,4,13,5,8.083436250728294
5,4,14,5,8.03194541824099
5,4,0,6,8.273750938716702
5,4,1,6,8.053249576638205
5,4,2,6,8.253032224848353
5,4,3,6,8.17154203606951
5,4,4,6,8.099142136660763
5,4,5,6,8.154010654171985
5,4,6,6,8.255012085607865
5,4,7,6,8.319799579052594
5,4,8,6,8.132300011533287
5,4,9,6,8.267294404419777
5,4,10,6,8.042413760458995
5,4,11,6,8.145311908392573
5,4,12,6,8.160088797778771
5,4,13,6,8.21053111809439
5,4,14,6,8.180068851258028
5,4,0,7,8.139806765673692
5,4,1,7,8.26391207722588
5,4,2,7,8.165006004998343
5,4,3,7,8.102620241346035
5,4,4,7,8.0511109853918
5,4,5,7,8.383370599951997
5,4,6,7,8.40710221483958
5,4,7,7,8.116824003122936
5,4,8,7,8.088145950713072
5,4,9,7,8.201219574612745
5,4,10,7,8.171465757812317
5,4,11,7,8.286182327931375
5,4,12,7,8.44212820012599
5,4,13,7,8.239797103365108
5,4,14,7,8.190337917338828
5,4,0,8,8.21960736400104
5,4,1,8,8.178886015091171
5,4,2,8,8.108759230399542
5,4,3,8,8.076810398204993
5,4,4,8,8.24829604707615
5,4,5,8,8.211985678017982
5,4,6,8,8.1244295373597
5,4,7,8,8.225609564015267
5,4,8,8,8.11192456820696
5,4,9,8,8.274726489797386
5,4,10,8,8.113041525377362
5,4,11,8,8.242086356649919
5,4,12,8,8.052761378765043
5,4,13,8,8.410277855534638
5,4,14,8,8.085285820654601
5,4,0,9,8.146810197808678
5,4,1,9,8.02781924102499
5,4,2,9,8.126153377934958
5,4,3,9,8.081597106692394
5,4,4,9,8.199207394784146
5,4,5,9,8.114793667761363
5,4,6,9,8.156907225616926
5,4,7,9,8.20689590118382
5,4,8,9,8.038358275336734
5,4,9,9,8.129944284671184
5,4,10,9,8.037038533474403
5,4,11,9,8.095895959534264
5,4,12,9,7.916285595952708
5,4,13,9,8.3039220402083
5,4,14,9,8.075627266686148
5,4,0,10,8.140584496756672
5,4,1,10,8.229101182906836
5,4,2,10,8.161596557320284
5,4,3,10,8.074627589256922
5,4,4,10,8.143953351900738
5,4,5,10,8.067305058418222
5,4,6,10,8.214441657206967
5,4,7,10,8.167146809287852
5,4,8,10,8.179500160626443
5,4,9,10,8.168355866650922
5,4,10,10,8.290578648866228
5,4,11,10,8.174582792622852
5,4,12,10,8.16290686740032
5,4,13,10,8.116083941796827
5,4,14,10,7.994359774828344
5,4,0,11,8.093325173032818
5,4,1,11,8.049025726333783
5,4,2,11,8.197318393877485
5,4,3,11,8.129001979952099
5,4,4,11,8.10813398339474
5,4,5,11,8.215795928359551
5,4,6,11,8.14152612339352
5,4,7,11,8.27634612612129
5,4,8,11,8.148656565795639
5,4,9,11,8.091524403403454
5,4,10,11,8.025482698335477
5,4,11,11,8.277892877980483
5,4,12,11,8.195735609501149
5,4,13,11,8.188733816013224
5,4,14,11,8.136666326231838
5,4,0,12,8.117974310579225
5,4,1,12,8.049294430756824
5,4,2,12,8.198349732866047
5,4,3,12,8.18157458202695
5,4,4,12,8.262757313489317
5,4,5,12,8.284528136264605
5,4,6,12,8.017100208978883
5,4,7,12,8.051890137372009
5,4,8,12,8.214235993171673
5,4,9,12,8.201509374180544
5,4,10,12,8.226860337105983
5,4,11,12,8.13734733519454
5,4,12,12,8.30967097415765
5,4,13,12,8.133679507374962
5,4,14,12,8.129591124503417
5,4,0,13,8.006181722451544
5,4,1,13,7.952725146046714
5,4,2,13,8.345268275701056
5,4,3,13,8.258425539172292
5,4,4,13,8.204798960970663
5,4,5,13,8.28066517723672
5,4,6,13,8.079436624501316
5,4,7,13,8.126087237631216
5,4,8,13,8.105384591493143
5,4,9,13,8.063058406165105
5,4,10,13,8.342201318763731
5,4,11,13,8.213628808535276
5,4,12,13,8.320111231695304
5,4,13,13,8.159602913818429
5,4,14,13,8.023646950228347
5,4,0,14,8.218029170611109
5,4,1,14,8.06577233970919
5,4,2,14,8.42800261627953
5,4,3,14,8.202870876169575
5,4,4,14,8.229972549573374
5,4,5,14,8.2731920636095
5,4,6,14,8.283222256320645
5,4,7,14,8.056954030107178
5,4,8,14,8.202430722012007
5,4,9,14,8.091681951543876
5,4,10,14,8.312510080543055
5,4,11,14,8.295498430471081
5,4,12,14,8.04624593805929
5,4,13,14,8.211729557728741
5,4,14,14,8.190862812595334
5,4,0,15,8.348169925694101
5,4,1,15,8.090645022126157
5,4,2,15,8.086629249941478
5,4,3,15,8.055656896977236
5,4,4,15,8.168821956708559
5,4,5,15,8.275854270998469
5,4,6,15,8.158267453819715
5,4,7,15,8.124399325582777
5,4,8,15,8.267071309265711
5,4,9,15,8.149453414490305
5,4,10,15,8.123531974157395
5,4,11,15,7.9122471616523145
5,4,12,15,8.258921965796052
5,4,13,15,8.035165048788233
5,4,14,15,8.13373614733126
5,4,0,16,8.247991900937864
5,4,1,16,8.115508137902266
5,4,2,16,7.882529619088123
5,4,3,16,8.348179631339569
5,4,4,16,8.05057760960974
5,4,5,16,8.007461246716332
5,4,6,16,7.952327484796276
5,4,7,16,8.2118000654918
5,4,8,16,8.140146621809917
5,4,9,16,8.196195126241935
5,4,10,16,8.285146764633001
5,4,11,16,8.048695618292415
5,4,12,16,8.041779638188306
5,4,13,16,8.212567989190337
5,4,14,16,8.252167888387149
5,4,0,17,8.279558935793833
5,4,1,17,8.215922832352986
5,4,2,17,8.224091253057072
5,4,3,17,8.34883565216869
5,4,4,17,7.87837026767557
5,4,5,17,8.191462508937422
5,4,6,17,8.034227508421983
5,4,7,17,8.149798611807523
5,4,8,17,8.264702301213696
5,4,9,17,8.19470012558562
5,4,10,17,8.111109625283559
5,4,11,17,8.13624884895468
5,4,12,17,8.074067537098932
5,4,13,17,8.191961749074997
5,4,14,17,8.159936601448344
5,4,0,18,8.283076713894031
5,4,1,18,8.122663729480731
5,4,2,18,8.202480484666175
5,4,3,18,8.16653295194378
5,4,4,18,8.125762350301585
5,4,5,18,8.117709420968769
5,4,6,18,8.056639724394236
5,4,7,18,8.223495216225277
5,4,8,18,8.253921289071226
5,4,9,18,8.240288545913272
5,4,10,18,8.085727131599384
5,4,11,18,8.205972813268971
5,4,12,18,8.014447595538698
5,4,13,18,8.222948245567679
5,4,14,18,8.14926865339893
5,4,0,19,8.261026128131455
5,4,1,19,8.074648763325369
5,4,2,19,8.082588166461585
5,4,3,19,7.9534910483525865
5,4,4,19,8.155096009055281
5,4,5,19,8.113375630610646
5,4,6,19,8.07195447147897
5,4,7,19,8.188292289214974
5,4,8,19,8.016084041970466
5,4,9,19,8.280015799881507
5,4,10,19,8.177525336385074
5,4,11,19,8.348325583978674
5,4,12,19,8.13504913050151
5,4,13,19,8.025068306290876
5,4,14,19,8.207457636305652
5,4,0,20,8.15856381414572
5,4,1,20,8.161879064497233
5,4,2,20,8.154655480561352
5,4,3,20,8.27387727029387
5,4,4,20,8.263218838822013
5,4,5,20,8.185613555437069
5,4,6,20,8.212754395383481
5,4,7,20,8.099086345345043
5,4,8,20,8.183416891817775
5,4,9,20,8.417201338036081
5,4,10,20,8.206691932624222
5,4,11,20,8.20361781386876
5,4,12,20,8.110953634134558
5,4,13,20,8.230661781380949
5,4,14,20,8.307800608385211
5,4,0,21,8.188947286592509
5,4,1,21,8.191159680122663
5,4,2,21,8.242869227568276
5,4,3,21,8.162345187583224
5,4,4,21,8.121401390790249
5,4,5,21,8.180287252078001
5,4,6,21,8.221627331619418
5,4,7,21,8.144733369621747
5,4,8,21,8.102106835634856
5,4,9,21,8.075702186851261
5,4,10,21,8.304540861894697
5,4,11,21,8.135480011876941
5,4,12,21,8.092069362034895
5,4,13,21,8.253940146000192
5,4,14,21,8.192452570864754
5,4,0,22,8.177150482379982
5,4,1,22,8.075819679291833
5,4,2,22,8.051583335216941
5,4,3,22,8.268901313769714
5,4,4,22,8.063617192616261
5,4,5,22,8.202410110291591
5,4,6,22,8.203699806969059
5,4,7,22,8.217742709666593
5,4,8,22,8.09621067704802
5,4,9,22,8.36492539710053
5,4,10,22,8.30393815566487
5,4,11,22,8.021246605513383
5,4,12,22,8.211605385655124
5,4,13,22,8.162832097173817
5,4,14,22,8.28776343329767
5,5,0,0,8.097854339210958
5,5,1,0,8.12719895758486
5,5,2,0,8.273535929701003
5,5,3,0,8.04181946884464
5,5,4,0,8.09921376672731
5,5,5,0,8.185436463906115
5,5,6,0,8.265535635871613
5,5,7,0,8.279562903677574
5,5,8,0,8.090631483785668
5,5,9,0,8.146966511273874
5,5,10,0,8.070915627979348
5,5,11,0,8.114953417169522
5,5,12,0,8.14491355468442
5,5,13,0,8.222521802743957
5,5,14,0,8.051135155440205
5,5,0,1,8.197538725048634
5,5,1,1,8.239039518323697
5,5,2,1,8.05587721022804
5,5,3,1,8.038767554292221
5,5,4,1,8.15868282491076
5,5,5,1,8.025534642015874
5,5,6,1,8.31314333496366
5,5,7,1,8.172673998913947
5,5,8,1,8.21868785009912
5,5,9,1,8.250915384918034
5,5,10,1,8.305896969614187
5,5,11,1,8.583065625152589
5,5,12,1,8.216309872954517
5,5,13,1,8.240591370230915
5,5,14,1,8.090637309848104
5,5,0,2,7.9606575427032364
5,5,1,2,8.229326733119823
5,5,2,2,7.976462670539636
5,5,3,2,7.903640343470961
5,5,4,2,8.1911910610234
5,5,5,2,7.963736451624693
5,5,6,2,7.992504799168116
5,5,7,2,8.29089241077136
5,5,8,2,8.339463094303529
5,5,9,2,8.184242535864133
5,5,10,2,8.177439285268742
5,5,11,2,8.400378437095732
5,5,12,2,7.950571785454022
5,5,13,2,8.199811546736296
5,5,14,2,8.130337844213908
5,5,0,3,8.150766717708326
5,5,1,3,8.178448184726768
5,5,2,3,8.193102457119261
5,5,3,3,8.052732132080976
5,5,4,3,8.41203825093056
5,5,5,3,8.162970304341709
5,5,6,3,7.963049921492848
5,5,7,3,8.398581882342697
5,5,8,3,8.0050734926809
5,5,9,3,8.112433526754584
5,5,10,3,8.143009455593685
5,5,11,3,8.092188281524965
5,5,12,3,8.095320121791273
5,5,13,3,8.02741749327508
5,5,14,3,8.280209104684594
5,5,0,4,8.207859909129441
5,5,1,4,8.073805041654284
5,5,2,4,8.438523205764435
5,5,3,4,7.950603132654935
5,5,4,4,8.220863527476666
5,5,5,4,7.912079362214006
5,5,6,4,7.939569174109924
5,5,7,4,8.29439648166665
5,5,8,4,8.292684315393478
5,5,9,4,8.21671453870905
5,5,10,4,7.999589640384074
5,5,11,4,8.343234210590143
5,5,12,4,8.165499695535097
5,5,13,4,8.013626577375645
5,5,14,4,8.027013880955327
5,5,0,5,8.009814249445196
5,5,1,5,7.8649388409265555
5,5,2,5,8.210398128694617
5,5,3,5,8.160407912217096
5,5,4,5,8.165920026973215
5,5,5,5,7.898420343279205
5,5,6,5,8.039755101039148
5,5,7,5,8.286463336912929
5,5,8,5,8.13955494153442
5,5,9,5,8.09591151421946
5,5,10,5,8.318966090461648
5,5,11,5,8.249426024621892
5,5,12,5,8.104050761240917
5,5,13,5,8.144018610488645
5,5,14,5,8.237767488175484
5,5,0,6,7.890899125241627
5,5,1,6,8.12507101891049
5,5,2,6,8.179294448405452
5,5,3,6,8.123363559898243
5,5,4,6,7.930112241670361
5,5,5,6,8.104663157913649
5,5,6,6,8.215795145597356
5,5,7,6,8.003210171296585
5,5,8,6,8.21434127658821
5,5,9,6,8.061310083409996
5,5,10,6,8.076875837547632
5,5,11,6,8.080011813538816
5,5,12,6,8.0319475880154
5,5,13,6,8.13494603044477
5,5,14,6,8.171021934830858
5,5,0,7,8.07778353191133
5,5,1,7,8.176186811520855
5,5,2,7,8.15848736521629
5,5,3,7,8.219517140921951
5,5,4,7,8.191801158942155
5,5,5,7,8.356859584473607
5,5,6,7,8.067841981184623
5,5,7,7,7.9889247775256145
5,5,8,7,8.036102827935572
5,5,9,7,8.050639975250158
5,5,10,7,8.019711357031742
5,5,11,7,8.12581643862075
5,5,12,7,8.042830938924663
5,5,13,7,7.990181800100682
5,5,14,7,8.131958062477215
5,5,0,8,8.091408893015261
5,5,1,8,8.033601224788752
5,5,2,8,8.263034544923844
5,5,3,8,8.24230854396329
5,5,4,8,8.068775454661434
5,5,5,8,8.220640890531067
5,5,6,8,8.116098043460678
5,5,7,8,8.107540519738029
5,5,8,8,8.011105936889505
5,5,9,8,8.423425121293084
5,5,10,8,7.975066808446813
5,5,11,8,8.104383628124967
5,5,12,8,8.153939479124723
5,5,13,8,8.196178063502357
5,5,14,8,8.265744198181816
5,5,0,9,8.150396879898807
5,5,1,9,8.086436732354517
5,5,2,9,8.141408397786574
5,5,3,9,8.170270064973385
5,5,4,9,8.355864056186254
5,5,5,9,8.071516006437012
5,5,6,9,8.02654046341465
5,5,7,9,8.018367530906195
5,5,8,9,7.97440993599125
5,5,9,9,8.320760357241594
5,5,10,9,7.990928675516443
5,5,11,9,8.076621352328765
5,5,12,9,8.369291458546453
5,5,13,9,8.108642314552844
5,5,14,9,8.037987804965729
5,5,0,10,8.095826736212276
5,5,1,10,8.116957430115983
5,5,2,10,8.293716505622516
5,5,3,10,7.985808136879121
5,5,4,10,8.192598035604275
5,5,5,10,8.251249814926075
5,5,6,10,8.219243363662104
5,5,7,10,8.133822453517947
5,5,8,10,8.060723571576519
5,5,9,10,8.13930378551505
5,5,10,10,8.339964287688051
5,5,11,10,8.080458926735616
5,5,12,10,8.225125920496929
5,5,13,10,8.032434325129726
5,5,14,10,8.125397600142634
5,5,0,11,8.15784713560722
5,5,1,11,8.096245441442003
5,5,2,11,8.074762929031095
5,5,3,11,8.196813888430867
5,5,4,11,8.188574048888087
5,5,5,11,8.149576615521854
5,5,6,11,8.112218694160752
5,5,7,11,8.0687285542001
5,5,8,11,8.098799332651087
5,5,9,11,8.242333371373203
5,5,10,11,8.19474523442821
5,5,11,11,7.974420624388347
5,5,12,11,8.052947544542295
5,5,13,11,8.160139211032634
5,5,14,11,8.343581047754466
5,5,0,12,8.314301331125158
5,5,1,12,8.23530310394165
5,5,2,12,8.20857300735426
5,5,3,12,7.996660808339792
5,5,4,12,8.187466992833025
5,5,5,12,8.258836890972967
5,5,6,12,7.884162051935625
5,5,7,12,8.243930118536042
5,5,8,12,7.850100262566862
5,5,9,12,8.114677506544556
5,5,10,12,8.185975555618656
5,5,11,12,8.24160367866527
5,5,12,12,8.137264939056752
5,5,13,12,8.129542386096428
5,5,14,12,8.347763714958484
5,5,0,13,8.183110713082833
5,5,1,13,8.114623012750103
5,5,2,13,8.19412042199117
5,5,3,13,8.052101139984027
5,5,4,13,8.199504371444066
5,5,5,13,8.169952241577846
5,5,6,13,8.151189015367313
5,5,7,13,8.2725412162357
5,5,8,13,8.263070349539102
5,5,9,13,8.192350295438443
5,5,10,13,7.943200950600236
5,5,11,13,8.306958401557255
5,5,12,13,8.31974059801572
5,5,13,13,8.049854492277014
5,5,14,13,7.853404326070213
5,5,0,14,8.21726049140052
5,5,1,14,8.021765719884861
5,5,2,14,8.163858310905141
5,5,3,14,8.186081290066754
5,5,4,14,8.31610845605635
5,5,5,14,8.091526082115273
5,5,6,14,8.20519538488153
5,5,7,14,8.178011251249211
5,5,8,14,8.161845464338716
5,5,9,14,8.193015273660913
5,5,10,14,8.228238870767255
5,5,11,14,8.0798693290325
5,5,12,14,8.396911830830684
5,5,13,14,8.281810387658474
5,5,14,14,7.900417130335598
5,5,0,15,8.114223036957991
5,5,1,15,8.012244422048235
5,5,2,15,8.132898681671614
5,5,3,15,7.988298050953176
5,5,4,15,8.21531964997957
5,5,5,15,8.141369152289036
5,5,6,15,8.103637889634326
5,5,7,15,8.252200905548056
5,5,8,15,8.008312688081649
5,5,9,15,8.184165757701049
5,5,10,15,8.27406787278234
5,5,11,15,8.223382751187566
5,5,12,15,8.211025767324328
5,5,13,15,8.09647654537897
5,5,14,15,8.33745888608064
5,5,0,16,8.078078452629489
5,5,1,16,8.174794869224156
5,5,2,16,8.222164249168106
5,5,3,16,8.175606534658602
5,5,4,16,8.256349879894927
5,5,5,16,8.447462502201214
5,5,6,16,8.051455310162545
5,5,7,16,8.24215903536067
5,5,8,16,8.157773351079912
5,5,9,16,8.080797496452604
5,5,10,16,8.180019322100508
5,5,11,16,8.147701593748728
5,5,12,16,8.260074892804456
5,5,13,16,8.124953507945198
5,5,14,16,8.322244204731488
5,5,0,17,8.222643804399532
5,5,1,17,8.077421880554695
5,5,2,17,8.046910673224405
5,5,3,17,8.027893930334917
5,5,4,17,8.29879076757754
5,5,5,17,8.329280136943378
5,5,6,17,8.318546997922132
5,5,7,17,8.03061500770476
5,5,8,17,8.111769224536918
5,5,9,17,8.225851028139056
5,5,10,17,8.336031331535871
5,5,11,17,8.062950299090684
5,5,12,17,8.16354620453946
5,5,13,17,8.28211563268514
5,5,14,17,8.261580634093686
5,5,0,18,7.958120855154099
5,5,1,18,8.124970212101996
5,5,2,18,8.235459484253608
5,5,3,18,8.187136722775806
5,5,4,18,8.258162598707703
5,5,5,18,8.288876123789255
5,5,6,18,8.14065694466701
5,5,7,18,8.143815668915707
5,5,8,18,8.2238853521196
5,5,9,18,8.178160541476998
5,5,10,18,8.171881253152915
5,5,11,18,8.171019323322787
5,5,12,18,8.25191289649226
5,5,13,18,8.297885755593114
5,5,14,18,8.183193337534151
5,5,0,19,8.14986138987836
5,5,1,19,8.306741980285196
5,5,2,19,8.163016540990219
5,5,3,19,8.065258636645273
5,5,4,19,7.951048478740202
5,5,5,19,8.227946308483943
5,5,6,19,8.24926562905949
5,5,7,19,8.17123851652776
5,5,8,19,8.271438075231261
5,5,9,19,8.003429714391528
5,5,10,19,8.12227272985085
5,5,11,19,8.06552693787035
5,5,12,19,8.229652161176668
5,5,13,19,8.30750304127957
5,5,14,19,8.135593808540909
5,5,0,20,8.243940738565042
5,5,1,20,8.20713226189908
5,5,2,20,8.197362784099699
5,5,3,20,8.007213231500922
5,5,4,20,8.237237902783967
5,5,5,20,7.988379900107157
5,5,6,20,8.049333688631144
5,5,7,20,8.130546702146445
5,5,8,20,8.215111544873174
5,5,9,20,8.01946682602181
5,5,10,20,8.400737769134455
5,5,11,20,8.18372630310386
5,5,12,20,8.133431170139838
5,5,13,20,8.167199322298751
5,5,14,20,8.21123384339981
5,5,0,21,8.163862792958923
5,5,1,21,8.162387036146178
5,5,2,21,8.19031380582363
5,5,3,21,8.173577487189698
5,5,4,21,8.176956709001171
5,5,5,21,8.050600186740102
5,5,6,21,8.185595518264684
5,5,7,21,8.292990683082582
5,5,8,21,8.0598758516117
5,5,9,21,8.109549808518288
5,5,10,21,8.216598595445094
5,5,11,21,8.304911378909805
5,5,12,21,8.079296982628792
5,5,13,21,8.138307944803067
5,5,14,21,8.204897446158878
5,5,0,22,8.16148266713912
5,5,1,22,8.006740160476557
5,5,2,22,8.24469319119536
5,5,3,22,8.080930015909278
5,5,4,22,8.252898028479537
5,5,5,22,7.997606535586242
5,5,6,22,8.187942221665525
5,5,7,22,8.192209466196756
5,5,8,22,8.131092528483256
5,5,9,22,8.044430541094114
5,5,10,22,8.051077583390368
5,5,11,22,8.359953949971823
5,5,12,22,8.154496070196616
5,5,13,22,8.224259304013666
5,5,14,22,8.259865396604654
5,6,0,0,8.072111025393832
5,6,1,0,8.109061676883421
5,6,2,0,8.313660848142064
5,6,3,0,8.088332985874292
5,6,4,0,8.140008285358366
5,6,5,0,8.246908041682742
5,6,6,0,8.153835721867699
5,6,7,0,8.180549497968858
5,6,8,0,8.145929587338077
5,6,9,0,8.139019610150354
5,6,10,0,8.388417506156271
5,6,11,0,8.165278904051746
5,6,12,0,8.25967119595575
5,6,13,0,8.12439561873173
5,6,14,0,8.039356784990979
5,6,0,1,8.164003020914246
5,6,1,1,8.21151071525193
5,6,2,1,8.11037669751328
5,6,3,1,8.067688559000779
5,6,4,1,8.268081951653205
5,6,5,1,8.119030156144529
5,6,6,1,8.190592257058842
5,6,7,1,8.314663700409469
5,6,8,1,8.282335501529277
5,6,9,1,8.257014786390075
5,6,10,1,8.314851542447602
5,6,11,1,8.275700090147808
5,6,12,1,8.233045162543148
5,6,13,1,8.095318490447344
5,6,14,1,7.881264468528985
5,6,0,2,8.040595734392232
5,6,1,2,8.286041648936829
5,6,2,2,8.241567084127901
5,6,3,2,8.246158188988572
5,6,4,2,8.129491735329184
5,6,5,2,8.139166743834249
5,6,6,2,8.143358380926761
5,6,7,2,8.327897445741701
5,6,8,2,8.214024417936663
5,6,9,2,8.091368658687772
5,6,10,2,8.180293580440598
5,6,11,2,8.212267232548596
5,6,12,2,8.058137970596645
5,6,13,2,8.140077735206782
5,6,14,2,8.063262773833815
5,6,0,3,8.326863463206829
5,6,1,3,8.116426103742851
5,6,2,3,8.285413522871307
5,6,3,3,8.275272082953327
5,6,4,3,8.214423154925829
5,6,5,3,8.050432645724069
5,6,6,3,8.084657079113569
5,6,7,3,8.386086162565938
5,6,8,3,7.915346480492063
5,6,9,3,8.148648635512927
5,6,10,3,8.348800235353055
5,6,11,3,8.292667688675145
5,6,12,3,8.144068741280025
5,6,13,3,8.115565568023824
5,6,14,3,8.128317155589563
5,6,0,4,8.016236630153026
5,6,1,4,8.278773090200833
5,6,2,4,8.144985955741966
5,6,3,4,8.233596493301672
5,6,4,4,8.052687713555853
5,6,5,4,7.941947302143629
5,6,6,4,7.90275894848527
5,6,7,4,8.167594154420177
5,6,8,4,8.051937564836186
5,6,9,4,8.071376614149786
5,6,10,4,7.97319177865153
5,6,11,4,8.00582400116731
5,6,12,4,8.060950690990012
5,6,13,4,8.14950491354922
5,6,14,4,7.925520971564589
5,6,0,5,8.09499139204098
5,6,1,5,8.209376020689916
5,6,2,5,8.049995185752868
5,6,3,5,8.094576188050548
5,6,4,5,8.098419717511243
5,6,5,5,8.13533529157561
5,6,6,5,8.104552487686117
5,6,7,5,8.119450841114793
5,6,8,5,8.271278905371782
5,6,9,5,8.122753056555844
5,6,10,5,8.01019062546709
5,6,11,5,8.186456901240051
5,6,12,5,8.121956830442944
5,6,13,5,8.07238339774566
5,6,14,5,8.179657586098477
5,6,0,6,8.281422582781866
5,6,1,6,8.195397870783529
5,6,2,6,7.932701696290501
5,6,3,6,8.146190195158583
5,6,4,6,8.185992400563636
5,6,5,6,8.316653515946804
5,6,6,6,8.134451550851663
5,6,7,6,8.053289106078239
5,6,8,6,8.131934453263769
5,6,9,6,8.146227758442482
5,6,10,6,8.01549907469101
5,6,11,6,8.116117327986784
5,6,12,6,8.208182884768789
5,6,13,6,8.097024637903587
5,6,14,6,8.112860619438033
5,6,0,7,8.196386564967893
5,6,1,7,8.149650521808708
5,6,2,7,8.053604915237964
5,6,3,7,8.113608897317725
5,6,4,7,8.210526811072434
5,6,5,7,7.988417345486192
5,6,6,7,8.078712543810873
5,6,7,7,8.214201166002448
5,6,8,7,8.22828644209195
5,6,9,7,8.125148772710777
5,6,10,7,8.131823634905018
5,6,11,7,8.119284424002082
5,6,12,7,8.30662157061637
5,6,13,7,8.244821169749514
5,6,14,7,8.301497668952035
5,6,0,8,8.245464866456437
5,6,1,8,8.156968744091536
5,6,2,8,8.245742685014497
5,6,3,8,8.176977910050296
5,6,4,8,8.110750487522674
5,6,5,8,7.94155238554026
5,6,6,8,8.173137541289337
5,6,7,8,8.276698946996367
5,6,8,8,8.297320155584222
5,6,9,8,8.12066871545683
5,6,10,8,7.913138911404475
5,6,11,8,8.096373205281948
5,6,12,8,7.9913523666572255
5,6,13,8,8.037195983495899
5,6,14,8,8.490300259996177
5,6,0,9,8.107160925513396
5,6,1,9,8.030402434656311
5,6,2,9,8.009075271613394
5,6,3,9,8.239527147833043
5,6,4,9,7.96708173749639
5,6,5,9,8.131471077211906
5,6,6,9,8.20888233586547
5,6,7,9,8.401278877098967
5,6,8,9,8.13486982867835
5,6,9,9,8.135509064532894
5,6,10,9,8.034364184208437
5,6,11,9,8.255481823106082
5,6,12,9,7.944882742875567
5,6,13,9,8.255235406872865
5,6,14,9,8.26787351598677
5,6,0,10,8.020609882716398
5,6,1,10,8.247122434349707
5,6,2,10,8.00838761255944
5,6,3,10,8.09915932215414
5,6,4,10,7.970030373426336
5,6,5,10,8.265910169451704
5,6,6,10,8.077300625463264
5,6,7,10,8.128578672659556
5,6,8,10,8.143310560265881
5,6,9,10,8.195344313912779
5,6,10,10,8.275213795101582
5,6,11,10,7.856425366893924
5,6,12,10,8.23200140149409
5,6,13,10,8.349770417567484
5,6,14,10,8.078134321679745
5,6,0,11,8.246169078574239
5,6,1,11,8.152471599874945
5,6,2,11,8.007375483334323
5,6,3,11,8.01552523543971
5,6,4,11,8.143860599870646
5,6,5,11,8.377654215870532
5,6,6,11,8.137853807245495
5,6,7,11,8.15527198892417
5,6,8,11,8.271301725903612
5,6,9,11,8.036505846355073
5,6,10,11,8.278017697063667
5,6,11,11,8.123740217932408
5,6,12,11,8.166209714886037
5,6,13,11,8.04714290370984
5,6,14,11,8.214160043838328
5,6,0,12,8.06637535784944
5,6,1,12,8.148765507294504
5,6,2,12,8.263226989297856
5,6,3,12,8.109665518717545
5,6,4,12,8.138667147238086
5,6,5,12,8.126191496143331
5,6,6,12,8.219376521307257
5,6,7,12,8.124446653413877
5,6,8,12,8.190644633281094
5,6,9,12,8.402402316049729
5,6,10,12,8.310980608015665
5,6,11,12,8.077583102254671
5,6,12,12,8.065154671009182
5,6,13,12,8.241122931186451
5,6,14,12,8.1455640937161
5,6,0,13,8.140915115181514
5,6,1,13,8.00983270326904
5,6,2,13,8.38317830194857
5,6,3,13,8.298452157725015
5,6,4,13,7.869971605484907
5,6,5,13,8.090253194264024
5,6,6,13,8.092668449570079
5,6,7,13,8.122373915796611
5,6,8,13,8.02597892688166
5,6,9,13,8.408819155980563
5,6,10,13,8.422892545789562
5,6,11,13,8.157641665107883
5,6,12,13,8.02980609310681
5,6,13,13,8.149282568699068
5,6,14,13,8.09235899010869
5,6,0,14,8.158351733289365
5,6,1,14,7.932053630731033
5,6,2,14,8.209281880525
5,6,3,14,8.059689484018781
5,6,4,14,8.084444611422347
5,6,5,14,7.900286892117716
5,6,6,14,8.302090729364313
5,6,7,14,7.970632198319859
5,6,8,14,8.033390386608513
5,6,9,14,8.127307005678237
5,6,10,14,8.311935655944993
5,6,11,14,8.338863211569187
5,6,12,14,8.013732280953851
5,6,13,14,7.9511737265599125
5,6,14,14,8.136091170405654
5,6,0,15,8.358407480550461
5,6,1,15,8.099897024227397
5,6,2,15,8.305226388294507
5,6,3,15,8.354994061428615
5,6,4,15,8.237023647038285
5,6,5,15,8.190039063859262
5,6,6,15,8.047007488475053
5,6,7,15,8.113045891658597
5,6,8,15,8.191830458393033
5,6,9,15,8.149015605501061
5,6,10,15,8.300652578761566
5,6,11,15,8.253684567332709
5,6,12,15,8.191186096430025
5,6,13,15,8.231164404877756
5,6,14,15,8.100766824357091
5,6,0,16,8.13179150151261
5,6,1,16,8.021888087785836
5,6,2,16,8.299564684682037
5,6,3,16,8.347530691018065
5,6,4,16,8.06803656634121
5,6,5,16,8.140930822990656
5,6,6,16,8.108422563661637
5,6,7,16,8.14566250166537
5,6,8,16,8.15772657610934
5,6,9,16,8.049341095533388
5,6,10,16,8.268965413080226
5,6,11,16,8.302925803465913
5,6,12,16,8.107664538957694
5,6,13,16,8.085386156592838
5,6,14,16,8.099588887977362
5,6,0,17,8.102529952560749
5,6,1,17,8.180776449385668
5,6,2,17,8.195851970137383
5,6,3,17,8.043797734583856
5,6,4,17,7.95275443685994
5,6,5,17,8.219673273417458
5,6,6,17,7.961178876635102
5,6,7,17,8.099273588845296
5,6,8,17,8.06329151746567
5,6,9,17,8.084054180977926
5,6,10,17,8.241909699796487
5,6,11,17,8.129727282476773
5,6,12,17,8.219345733606156
5,6,13,17,7.88938554467141
5,6,14,17,8.184049638039541
5,6,0,18,8.125342702857841
5,6,1,18,8.306712110614296
5,6,2,18,7.975968514139448
5,6,3,18,8.279435172320513
5,6,4,18,8.191787998015878
5,6,5,18,8.042812517226594
5,6,6,18,8.082987125362003
5,6,7,18,8.034280091770244
5,6,8,18,8.149895028538857
5,6,9,18,8.08904542388878
5,6,10,18,8.178508590685766
5,6,11,18,8.06972070407223
5,6,12,18,8.074792928099285
5,6,13,18,8.08490310666765
5,6,14,18,8.21227344323997
5,6,0,19,8.089914848881342
5,6,1,19,8.08080799410968
5,6,2,19,8.145067924692903
5,6,3,19,8.217293070180704
5,6,4,19,8.145829866972393
5,6,5,19,7.947542233445043
5,6,6,19,8.284361100936772
5,6,7,19,8.183903471480907
5,6,8,19,8.163416999050355
5,6,9,19,8.18006183331824
5,6,10,19,8.372686726212237
5,6,11,19,8.028436540844877
5,6,12,19,7.875443601301076
5,6,13,19,8.073671189816256
5,6,14,19,8.232798125095625
5,6,0,20,8.04140543837803
5,6,1,20,8.154905451287851
5,6,2,20,8.28462798167259
5,6,3,20,7.972090087615135
5,6,4,20,8.072486724166751
5,6,5,20,8.001955001025287
5,6,6,20,8.32832871228279
5,6,7,20,8.125538548942076
5,6,8,20,8.245907807719853
5,6,9,20,8.242130703719889
5,6,10,20,8.174925808178447
5,6,11,20,8.15646880546917
5,6,12,20,8.20313493401963
5,6,13,20,8.281516686728201
5,6,14,20,7.875126429201852
5,6,0,21,8.193632730265008
5,6,1,21,8.1765452032017
5,6,2,21,8.216428207992218
5,6,3,21,8.068586973147392
5,6,4,21,7.785936819238483
5,6,5,21,8.224963902691604
5,6,6,21,8.387811347637093
5,6,7,21,8.031674198802191
5,6,8,21,8.109416330855753
5,6,9,21,8.186220334092525
5,6,10,21,8.194275654870395
5,6,11,21,8.222998478325776
5,6,12,21,8.167305556618178
5,6,13,21,8.141602453960386
5,6,14,21,8.208657679568722
5,6,0,22,8.023190952539585
5,6,1,22,8.120112622048866
5,6,2,22,8.24033086895463
5,6,3,22,8.252301286255548
5,6,4,22,8.07949629871754
5,6,5,22,8.173559764453664
5,6,6,22,8.290089191839272
5,6,7,22,8.206673428079213
5,6,8,22,8.238449886021964
5,6,9,22,8.067617089583466
5,6,10,22,8.220239521289717
5,6,11,22,8.234633707287113
5,6,12,22,8.122196319535158
5,6,13,22,8.255086500554238
5,6,14,22,8.141275564690376
5,7,0,0,8.064238197597014
5,7,1,0,8.251029706288897
5,7,2,0,8.204440090569493
5,7,3,0,8.196328732398957
5,7,4,0,7.929671016744819
5,7,5,0,8.027920381472464
5,7,6,0,8.156931676603472
5,7,7,0,8.09146602573087
5,7,8,0,8.048635211976634
5,7,9,0,8.07358859855987
5,7,10,0,8.015662026712574
5,7,11,0,8.141380941037108
5,7,12,0,8.265583892598382
5,7,13,0,8.162707394519336
5,7,14,0,8.427118596076685
5,7,0,1,8.26142401445936
5,7,1,1,8.178181505001747
5,7,2,1,8.205987463918294
5,7,3,1,8.244990169601563
5,7,4,1,8.21130893127622
5,7,5,1,8.142956675744088
5,7,6,1,7.985485251836205
5,7,7,1,8.022471659589378
5,7,8,1,7.970391513846102
5,7,9,1,8.078557509259136
5,7,10,1,8.02160144576987
5,7,11,1,8.162494443404498
5,7,12,1,8.107122765409844
5,7,13,1,8.076527855165786
5,7,14,1,8.17163950614834
5,7,0,2,8.2039015104591
5,7,1,2,8.043866636868051
5,7,2,2,8.061594291448813
5,7,3,2,8.207557107860913
5,7,4,2,8.056796797180626
5,7,5,2,8.156293551371856
5,7,6,2,8.239358828610703
5,7,7,2,8.133191307634185
5,7,8,2,8.270248495781333
5,7,9,2,7.795184565679279
5,7,10,2,8.110701814384095
5,7,11,2,8.055723165741277
5,7,12,2,8.09912113229151
5,7,13,2,8.019880091456043
5,7,14,2,8.273861803819557
5,7,0,3,8.208848716100212
5,7,1,3,8.14279206132855
5,7,2,3,8.137572632958406
5,7,3,3,8.27468290864694
5,7,4,3,8.101964548359478
5,7,5,3,8.199413600283702
5,7,6,3,8.0228321999621
5,7,7,3,8.145302699112625
5,7,8,3,8.037899079658033
5,7,9,3,8.021157643813996
5,7,10,3,8.019673837711073
5,7,11,3,8.079687076209536
5,7,12,3,7.865724613571891
5,7,13,3,7.983631865042817
5,7,14,3,8.128112569838882
5,7,0,4,8.255557302930931
5,7,1,4,7.994888872925835
5,7,2,4,8.095168236396937
5,7,3,4,8.265964402424471
5,7,4,4,8.185930113512104
5,7,5,4,8.06100454918857
5,7,6,4,8.089350985582083
5,7,7,4,8.070712487661787
5,7,8,4,8.31800759882987
5,7,9,4,8.29263231335736
5,7,10,4,7.964446116990578
5,7,11,4,8.329045994086275
5,7,12,4,8.26304157502375
5,7,13,4,8.119023353472647
5,7,14,4,8.18982632328567
5,7,0,5,7.911264047730888
5,7,1,5,8.202626856180812
5,7,2,5,8.127358568400311
5,7,3,5,8.214055945242162
5,7,4,5,7.997396402409672
5,7,5,5,8.110544989436233
5,7,6,5,8.302486665854346
5,7,7,5,8.093610791626473
5,7,8,5,8.189741936554618
5,7,9,5,8.29224878687067
5,7,10,5,8.094919235522617
5,7,11,5,7.857707077443778
5,7,12,5,8.017551173957596
5,7,13,5,8.059011201649527
5,7,14,5,8.17189000639874
5,7,0,6,7.946531090096634
5,7,1,6,8.275356193012396
5,7,2,6,8.0054226606183
5,7,3,6,8.175992207734959
5,7,4,6,7.929760133206484
5,7,5,6,8.192656964862584
5,7,6,6,7.9667946564694185
5,7,7,6,8.01608826383118
5,7,8,6,8.321061537427628
5,7,9,6,8.190290851218421
5,7,10,6,7.92771697645995
5,7,11,6,8.073825079225928
5,7,12,6,8.185473906800269
5,7,13,6,8.134007575936682
5,7,14,6,7.906451281655906
5,7,0,7,8.347875240640775
5,7,1,7,8.244406184958091
5,7,2,7,8.165914066065714
5,7,3,7,8.059650373096975
5,7,4,7,8.100583713029044
5,7,5,7,8.043900566534933
5,7,6,7,8.103530355186857
5,7,7,7,8.05633038483267
5,7,8,7,8.209385035473538
5,7,9,7,8.105858048074586
5,7,10,7,8.028784036672569
5,7,11,7,8.332267338002453
5,7,12,7,8.341810995332008
5,7,13,7,8.188174955959745
5,7,14,7,8.089807366677427
5,7,0,8,8.139830996964609
5,7,1,8,8.123565683137219
5,7,2,8,8.119852149677294
5,7,3,8,8.323116068994818
5,7,4,8,7.994496985723632
5,7,5,8,8.134358408255993
5,7,6,8,8.239164249889374
5,7,7,8,7.984078296432384
5,7,8,8,8.139744044772572
5,7,9,8,8.250392038111972
5,7,10,8,7.65574368753234
5,7,11,8,8.302477723734878
5,7,12,8,8.274890174734326
5,7,13,8,8.20568940329824
5,7,14,8,8.203981649143415
5,7,0,9,8.377683275608772
5,7,1,9,8.121996951951841
5,7,2,9,8.165897203676735
5,7,3,9,8.22562310797984
5,7,4,9,7.878886591746816
5,7,5,9,8.333028350595871
5,7,6,9,8.381890454918247
5,7,7,9,8.086257417649932
5,7,8,9,8.110171913171488
5,7,9,9,7.955076635200481
5,7,10,9,8.038682402870867
5,7,11,9,8.026904943866434
5,7,12,9,8.318278808169644
5,7,13,9,8.202891887325269
5,7,14,9,8.299908359787306
5,7,0,10,8.388409577850553
5,7,1,10,8.09662463951665
5,7,2,10,8.1851346860051
5,7,3,10,8.1260230814616
5,7,4,10,7.882771865494124
5,7,5,10,8.188077067186017
5,7,6,10,8.322017186910141
5,7,7,10,8.009044223249788
5,7,8,10,8.142058179707165
5,7,9,10,7.807305039174985
5,7,10,10,8.077649365807494
5,7,11,10,7.87203945446845
5,7,12,10,8.166873313350289
5,7,13,10,8.138230567245454
5,7,14,10,8.22595292504872
5,7,0,11,8.34942227450824
5,7,1,11,8.334867323375784
5,7,2,11,8.251623979459195
5,7,3,11,8.118580633320324
5,7,4,11,7.982128256710411
5,7,5,11,7.998639607949525
5,7,6,11,8.34385739841488
5,7,7,11,8.150382636919783
5,7,8,11,8.251587989779452
5,7,9,11,8.08033018769805
5,7,10,11,8.300429456426164
5,7,11,11,8.137517323544508
5,7,12,11,8.171030245035883
5,7,13,11,8.121642650748894
5,7,14,11,8.398399720041327
5,7,0,12,8.377926464446647
5,7,1,12,8.095105521504056
5,7,2,12,8.304872614678075
5,7,3,12,8.02317751184282
5,7,4,12,8.19221149637782
5,7,5,12,8.190628486603456
5,7,6,12,7.985964243186061
5,7,7,12,7.9213243498229255
5,7,8,12,8.049373767486545
5,7,9,12,8.15618328000312
5,7,10,12,8.11131407977732
5,7,11,12,8.001187110557458
5,7,12,12,8.05969548335179
5,7,13,12,8.236597598277594
5,7,14,12,8.216147720213357
5,7,0,13,7.998527872531498
5,7,1,13,8.129432378281159
5,7,2,13,8.008042129288274
5,7,3,13,8.163482172765608
5,7,4,13,8.27012051366262
5,7,5,13,8.086733845585558
5,7,6,13,8.213323065500495
5,7,7,13,8.198110681463534
5,7,8,13,8.065237373867877
5,7,9,13,8.337735607819909
5,7,10,13,8.159840441608544
5,7,11,13,8.072683400400514
5,7,12,13,8.084915637875882
5,7,13,13,8.15819649167401
5,7,14,13,8.282478599594256
5,7,0,14,8.00017118896764
5,7,1,14,8.050066174915731
5,7,2,14,8.178906755587516
5,7,3,14,8.093273335464605
5,7,4,14,8.112676824525543
5,7,5,14,8.253216844569502
5,7,6,14,8.140224345808205
5,7,7,14,8.177287783909868
5,7,8,14,7.901959772382187
5,7,9,14,8.107675259152714
5,7,10,14,8.098551785339717
5,7,11,14,8.110885193074147
5,7,12,14,8.066883096873603
5,7,13,14,8.067304252879856
5,7,14,14,8.2731502490298
5,7,0,15,8.194769320967582
5,7,1,15,8.185077483931176
5,7,2,15,8.1997475428818
5,7,3,15,8.200769639218745
5,7,4,15,8.316093973299294
5,7,5,15,8.198629535514877
5,7,6,15,7.980079692686215
5,7,7,15,8.050421524679416
5,7,8,15,8.068241066644488
5,7,9,15,8.049024798842998
5,7,10,15,8.230083780445048
5,7,11,15,8.428108175370506
5,7,12,15,8.09249540325625
5,7,13,15,7.878312922786461
5,7,14,15,8.103896941545031
5,7,0,16,8.234539099727328
5,7,1,16,8.199567204636537
5,7,2,16,8.152602514835362
5,7,3,16,8.018561593810137
5,7,4,16,8.20208924195024
5,7,5,16,8.184915887167653
5,7,6,16,8.045932326604742
5,7,7,16,8.166616798484332
5,7,8,16,8.258239092997597
5,7,9,16,8.118504817226281
5,7,10,16,8.232190623333734
5,7,11,16,8.195769494861576
5,7,12,16,8.344877017134525
5,7,13,16,8.011022349275457
5,7,14,16,8.02682378818797
5,7,0,17,8.18281250602001
5,7,1,17,8.125822699535723
5,7,2,17,8.258661184380871
5,7,3,17,8.136289946092447
5,7,4,17,8.133933803283309
5,7,5,17,7.997886255970106
5,7,6,17,8.217203441315304
5,7,7,17,8.399686693627368
5,7,8,17,8.305680667205916
5,7,9,17,7.928787049019256
5,7,10,17,8.041964236453664
5,7,11,17,8.270182592989164
5,7,12,17,8.184450914675239
5,7,13,17,7.872533189431867
5,7,14,17,8.149055812125239
5,7,0,18,8.263558134927928
5,7,1,18,8.073808770289487
5,7,2,18,8.093797727065617
5,7,3,18,8.296657004455861
5,7,4,18,8.203268560860343
5,7,5,18,8.135102674235705
5,7,6,18,8.16693595346931
5,7,7,18,8.008294143212009
5,7,8,18,8.275381494788506
5,7,9,18,8.101165319901321
5,7,10,18,8.11920245460248
5,7,11,18,7.990360932178716
5,7,12,18,8.183283468177102
5,7,13,18,8.077119455603082
5,7,14,18,8.110481317759318
5,7,0,19,8.21873027477797
5,7,1,19,8.26524509683738
5,7,2,19,8.383315210353208
5,7,3,19,8.098809740366345
5,7,4,19,8.330119182837448
5,7,5,19,8.180934311546867
5,7,6,19,8.170518097542894
5,7,7,19,8.320742116396602
5,7,8,19,8.088535944381713
5,7,9,19,8.195208185097611
5,7,10,19,8.182442974394394
5,7,11,19,8.170975555700297
5,7,12,19,8.127994889953278
5,7,13,19,7.959597050953728
5,7,14,19,8.084418274689847
5,7,0,20,8.2019156120285
5,7,1,20,8.20447076013553
5,7,2,20,8.033269407127852
5,7,3,20,7.985863314953799
5,7,4,20,8.289614884379361
5,7,5,20,8.288452352454765
5,7,6,20,7.993488710354474
5,7,7,20,8.134948361792919
5,7,8,20,8.055817058824344
5,7,9,20,8.16822998011024
5,7,10,20,8.242111572849666
5,7,11,20,8.129700297768101
5,7,12,20,8.136023601088219
5,7,13,20,8.186171639296596
5,7,14,20,7.992639493358226
5,7,0,21,8.045430320327378
5,7,1,21,8.081715941041148
5,7,2,21,8.286254411043192
5,7,3,21,8.181948177833254
5,7,4,21,8.09097124951975
5,7,5,21,7.96793543109933
5,7,6,21,7.99827282651741
5,7,7,21,8.275231339213445
5,7,8,21,8.288554608679489
5,7,9,21,8.308565474934282
5,7,10,21,8.110182959112388
5,7,11,21,7.956459477771454
5,7,12,21,8.079465095196783
5,7,13,21,8.106283517985615
5,7,14,21,8.078764844439565
5,7,0,22,8.0606141686059
5,7,1,22,8.121322893949646
5,7,2,22,8.38641626631321
5,7,3,22,8.398633037567235
5,7,4,22,8.418950739732926
5,7,5,22,8.090788645989065
5,7,6,22,8.159638989661262
5,7,7,22,8.444376249677065
5,7,8,22,8.11362122042848
5,7,9,22,8.249447614947796
5,7,10,22,8.157630462165317
5,7,11,22,7.897012119856428
5,7,12,22,8.154944038985235
5,7,13,22,8.176630856915233
5,7,14,22,7.951952916251497
5,8,0,0,8.115270292886624
5,8,1,0,8.192615626912747
5,8,2,0,8.319283541893455
5,8,3,0,8.197698498273045
5,8,4,0,7.916561092600349
5,8,5,0,8.139417258513305
5,8,6,0,8.206397779790834
5,8,7,0,8.291113963786255
5,8,8,0,8.250796486074234
5,8,9,0,8.232617749587614
5,8,10,0,8.102079275208794
5,8,11,0,8.023505627698995
5,8,12,0,8.295981602936509
5,8,13,0,8.208132230024754
5,8,14,0,8.054903492635297
5,8,0,1,7.804283934300415
5,8,1,1,8.258156872770105
5,8,2,1,8.17081571711779
5,8,3,1,7.806452168508317
5,8,4,1,7.7074942041620265
5,8,5,1,7.974895623765247
5,8,6,1,8.220935870088882
5,8,7,1,8.150742708732947
5,8,8,1,8.140744266569026
5,8,9,1,8.168857599597866
5,8,10,1,7.925967215850457
5,8,11,1,7.665241899655396
5,8,12,1,8.009563151090168
5,8,13,1,8.017257734589803
5,8,14,1,8.05163228503734
5,8,0,2,8.275231619200934
5,8,1,2,8.156953985138724
5,8,2,2,8.084435584803044
5,8,3,2,7.993596944311777
5,8,4,2,8.085355067415621
5,8,5,2,7.935311962592798
5,8,6,2,8.190332135799924
5,8,7,2,7.978192246859738
5,8,8,2,8.244999047283693
5,8,9,2,7.998484223781251
5,8,10,2,8.052756061627916
5,8,11,2,7.876713260841234
5,8,12,2,7.958660020181414
5,8,13,2,8.10892436802269
5,8,14,2,8.21327930975409
5,8,0,3,8.023019280723659
5,8,1,3,8.006745004947778
5,8,2,3,8.235266120666996
5,8,3,3,8.061565143226963
5,8,4,3,8.090743129625658
5,8,5,3,7.934490289934908
5,8,6,3,7.718936835510892
5,8,7,3,8.362050406894118
5,8,8,3,7.959044853736325
5,8,9,3,8.139956417779278
5,8,10,3,7.737306957867278
5,8,11,3,8.080185203346932
5,8,12,3,7.914244317440491
5,8,13,3,8.279067716267727
5,8,14,3,8.146661112440901
5,8,0,4,8.16659742281133
5,8,1,4,8.211468226465444
5,8,2,4,8.174842233871539
5,8,3,4,7.975496585241052
5,8,4,4,8.106282024765742
5,8,5,4,7.937959716803833
5,8,6,4,8.285150149915545
5,8,7,4,8.15030874206876
5,8,8,4,8.042946556554153
5,8,9,4,7.809453629302971
5,8,10,4,8.161368955240814
5,8,11,4,7.813574113007948
5,8,12,4,8.04611183452579
5,8,13,4,8.299708923467778
5,8,14,4,8.085949003558182
5,8,0,5,8.311841961801765
5,8,1,5,8.080768813049563
5,8,2,5,8.072083052243588
5,8,3,5,8.302948253472936
5,8,4,5,8.237929836518814
5,8,5,5,8.040671622895886
5,8,6,5,8.268501695657468
5,8,7,5,8.182172933931726
5,8,8,5,8.148766188811162
5,8,9,5,8.070519510929747
5,8,10,5,8.283423464917512
5,8,11,5,7.939114370439282
5,8,12,5,8.233191620779955
5,8,13,5,8.170533122409362
5,8,14,5,7.976541213544644
5,8,0,6,8.059493675438338
5,8,1,6,8.200044539501233
5,8,2,6,8.212730629761356
5,8,3,6,8.125187945641935
5,8,4,6,8.209972370989295
5,8,5,6,8.316727428071408
5,8,6,6,8.21315337737988
5,8,7,6,8.280620253255305
5,8,8,6,8.236977437441585
5,8,9,6,8.381548747092666
5,8,10,6,8.145716260292312
5,8,11,6,8.073481524643649
5,8,12,6,8.127482206661881
5,8,13,6,8.333158538138163
5,8,14,6,8.300542293454669
5,8,0,7,8.065377493877145
5,8,1,7,8.37670273481718
5,8,2,7,8.095987263954768
5,8,3,7,8.171679467415153
5,8,4,7,8.189793958505623
5,8,5,7,8.134752427523388
5,8,6,7,8.170998284281726
5,8,7,7,8.410874597779186
5,8,8,7,7.921479363274216
5,8,9,7,8.221296643870389
5,8,10,7,8.268690503129466
5,8,11,7,7.878098065470746
5,8,12,7,8.180314881227261
5,8,13,7,7.903514687605646
5,8,14,7,8.354067730837864
5,8,0,8,7.8400392738364815
5,8,1,8,8.322049083263844
5,8,2,8,8.130168616837164
5,8,3,8,7.9469331448478275
5,8,4,8,7.997705042529399
5,8,5,8,7.960780316418797
5,8,6,8,7.952088566069956
5,8,7,8,8.17475451737079
5,8,8,8,8.078311648051683
5,8,9,8,8.180499078603068
5,8,10,8,8.215645209024313
5,8,11,8,8.227375285760433
5,8,12,8,8.16515648473719
5,8,13,8,8.02011737800571
5,8,14,8,8.182945525561413
5,8,0,9,8.134083081142498
5,8,1,9,8.292788542022508
5,8,2,9,8.293622089635575
5,8,3,9,8.15856453897049
5,8,4,9,8.426417239107483
5,8,5,9,7.939799237221278
5,8,6,9,8.130506252988535
5,8,7,9,7.757558236253039
5,8,8,9,7.812174544994045
5,8,9,9,8.281882221789969
5,8,10,9,8.166888061689205
5,8,11,9,8.094742138031789
5,8,12,9,8.371839017201449
5,8,13,9,8.229957680646516
5,8,14,9,8.195513236380615
5,8,0,10,7.899347158310165
5,8,1,10,8.396189107460048
5,8,2,10,8.048554733482627
5,8,3,10,8.026820203176356
5,8,4,10,8.155440973593658
5,8,5,10,8.056007794249453
5,8,6,10,8.236138541865191
5,8,7,10,8.074439176260405
5,8,8,10,7.94779885828366
5,8,9,10,8.234399682605034
5,8,10,10,8.063955172209702
5,8,11,10,8.419670722041573
5,8,12,10,8.0871807511248
5,8,13,10,8.343487253115821
5,8,14,10,8.123051463047107
5,8,0,11,8.33129003390108
5,8,1,11,8.154302266586626
5,8,2,11,8.2422799992047
5,8,3,11,8.05849281074062
5,8,4,11,7.960588447214853
5,8,5,11,8.224383269966502
5,8,6,11,8.155805536925683
5,8,7,11,8.265932799119204
5,8,8,11,8.051873605200036
5,8,9,11,8.240859389683381
5,8,10,11,8.20537421374277
5,8,11,11,8.347630182941085
5,8,12,11,7.976180940156282
5,8,13,11,8.318126069269269
5,8,14,11,7.924332462296356
5,8,0,12,8.317325717762694
5,8,1,12,8.18265715618155
5,8,2,12,8.079414733875899
5,8,3,12,8.303409177477521
5,8,4,12,8.144997364296602
5,8,5,12,8.17736384227395
5,8,6,12,8.005520330737992
5,8,7,12,8.120396179413865
5,8,8,12,8.064411317927133
5,8,9,12,7.902831788631601
5,8,10,12,8.112599155691848
5,8,11,12,8.032889176048876
5,8,12,12,8.094081194975743
5,8,13,12,7.897756374288153
5,8,14,12,7.958045331146257
5,8,0,13,8.408604511414774
5,8,1,13,8.241722689214003
5,8,2,13,8.162695817421183
5,8,3,13,8.2469759286518
5,8,4,13,8.183575591889229
5,8,5,13,8.109925246289917
5,8,6,13,7.865655110902509
5,8,7,13,8.026800593630643
5,8,8,13,8.056890923969384
5,8,9,13,7.924130613247143
5,8,10,13,8.127004113555566
5,8,11,13,8.184888312526397
5,8,12,13,8.103067997958831
5,8,13,13,8.257641470462465
5,8,14,13,8.093788253138463
5,8,0,14,7.930635125606042
5,8,1,14,8.12032386996082
5,8,2,14,8.130732139088858
5,8,3,14,8.380454974936248
5,8,4,14,8.098761240862896
5,8,5,14,8.014795728419582
5,8,6,14,8.03097308481717
5,8,7,14,8.003157049452131
5,8,8,14,8.101925864642553
5,8,9,14,8.236404045419972
5,8,10,14,7.958990616628058
5,8,11,14,8.076753230669102
5,8,12,14,8.193228918721111
5,8,13,14,8.220408116003211
5,8,14,14,8.3961925283199
5,8,0,15,8.223291661813064
5,8,1,15,8.18261091956256
5,8,2,15,8.18013990939889
5,8,3,15,8.07183190777612
5,8,4,15,8.174799028838077
5,8,5,15,7.982822084436566
5,8,6,15,7.87176853852191
5,8,7,15,8.070142153262058
5,8,8,15,8.129617972076165
5,8,9,15,8.259726452765525
5,8,10,15,7.9733735170198665
5,8,11,15,8.151699095203684
5,8,12,15,8.159200209768755
5,8,13,15,8.245371843613395
5,8,14,15,8.06409207268314
5,8,0,16,8.245833471950732
5,8,1,16,7.972221458707253
5,8,2,16,8.057464023538648
5,8,3,16,8.396118261153333
5,8,4,16,7.951447884003886
5,8,5,16,7.983130055659231
5,8,6,16,8.015356698725153
5,8,7,16,8.024861511947798
5,8,8,16,8.259357704465582
5,8,9,16,7.947437639113575
5,8,10,16,8.127158646877291
5,8,11,16,8.173188351621485
5,8,12,16,8.155299048587262
5,8,13,16,8.125821813007713
5,8,14,16,8.165235742409145
5,8,0,17,8.166713934146957
5,8,1,17,8.16561944135222
5,8,2,17,8.226914857171595
5,8,3,17,8.112533076364503
5,8,4,17,8.106924405203745
5,8,5,17,8.276405047737638
5,8,6,17,7.986291921894473
5,8,7,17,8.178952908533567
5,8,8,17,8.078161806726714
5,8,9,17,8.137306460546599
5,8,10,17,8.129978271420331
5,8,11,17,8.297646676616889
5,8,12,17,7.803241409039846
5,8,13,17,8.06693699564191
5,8,14,17,8.157230556131923
5,8,0,18,8.360206498947445
5,8,1,18,8.27624490868413
5,8,2,18,7.988256960753989
5,8,3,18,8.088219209312653
5,8,4,18,8.24740285969631
5,8,5,18,8.095148485409348
5,8,6,18,8.25167999580161
5,8,7,18,8.216150612854717
5,8,8,18,8.233873362515563
5,8,9,18,8.225729764240562
5,8,10,18,8.329060543352307
5,8,11,18,8.313263305173313
5,8,12,18,8.043986746486041
5,8,13,18,8.054963843967096
5,8,14,18,8.077592377858887
5,8,0,19,8.198765211475868
5,8,1,19,8.071743667083755
5,8,2,19,8.146509889570265
5,8,3,19,7.993655775426792
5,8,4,19,8.290230817861381
5,8,5,19,8.084358497227322
5,8,6,19,8.078502553518138
5,8,7,19,7.890387899741001
5,8,8,19,8.090768574004072
5,8,9,19,8.251756409323596
5,8,10,19,8.034392013399621
5,8,11,19,8.266613408162934
5,8,12,19,8.012155104099325
5,8,13,19,8.033333824983378
5,8,14,19,8.334547790069477
5,8,0,20,8.209841172117272
5,8,1,20,8.048822440421228
5,8,2,20,8.362207757633454
5,8,3,20,8.056765131834666
5,8,4,20,7.932011499855324
5,8,5,20,8.084432286228434
5,8,6,20,8.158724241525153
5,8,7,20,8.140718281636913
5,8,8,20,8.256957403811576
5,8,9,20,8.339242690625948
5,8,10,20,8.174096310859843
5,8,11,20,8.184555344385977
5,8,12,20,8.106093357469197
5,8,13,20,8.09858132023118
5,8,14,20,8.340060410255877
5,8,0,21,8.052942856525119
5,8,1,21,8.028502727018939
5,8,2,21,8.211841071371163
5,8,3,21,8.1402178101825
5,8,4,21,8.105650837932703
5,8,5,21,7.869496258262734
5,8,6,21,8.19476395884344
5,8,7,21,8.05055496851936
5,8,8,21,8.264639141442457
5,8,9,21,8.064815597317008
5,8,10,21,8.005678381557678
5,8,11,21,8.104930262175715
5,8,12,21,8.150857939076822
5,8,13,21,8.150908444724045
5,8,14,21,8.30076474011861
5,8,0,22,7.803974712999977
5,8,1,22,8.210750716765888
5,8,2,22,8.055110314638299
5,8,3,22,8.27094571568848
5,8,4,22,8.330913494153439
5,8,5,22,8.02362483899153
5,8,6,22,8.143430761346595
5,8,7,22,8.215739022096106
5,8,8,22,8.305373063406043
5,8,9,22,8.0988394575081
5,8,10,22,8.119887825576482
5,8,11,22,7.795828320131976
5,8,12,22,8.091600021477857
5,8,13,22,8.200614176723354
5,8,14,22,7.993515967433847
5,9,0,0,8.15169788122978
5,9,1,0,7.803103776931496
5,9,2,0,8.125038088000359
5,9,3,0,8.104897170393976
5,9,4,0,8.081993785835527
5,9,5,0,8.136997057761455
5,9,6,0,8.318454860645023
5,9,7,0,8.10135543680554
5,9,8,0,7.9015448750419965
5,9,9,0,8.190367709109792
5,9,10,0,8.145607333338765
5,9,11,0,8.161673795889143
5,9,12,0,7.994422763927557
5,9,13,0,7.843274328059684
5,9,14,0,8.290663813903961
5,9,0,1,8.176333813294017
5,9,1,1,8.21049098362295
5,9,2,1,8.140228637039822
5,9,3,1,7.823174455075469
5,9,4,1,8.038632520097812
5,9,5,1,8.04772372169799
5,9,6,1,8.2284628975171
5,9,7,1,7.979774455446937
5,9,8,1,8.124854124440521
5,9,9,1,8.34793271969327
5,9,10,1,7.7339138379870835
5,9,11,1,8.172898044887905
5,9,12,1,8.192548332782629
5,9,13,1,7.934230974501542
5,9,14,1,7.939722614238211
5,9,0,2,8.14070729905174
5,9,1,2,8.287319518377588
5,9,2,2,8.03286805753105
5,9,3,2,8.1158125354383
5,9,4,2,7.962619344826393
5,9,5,2,7.984358044903556
5,9,6,2,7.906595609913152
5,9,7,2,8.039003345206378
5,9,8,2,8.301549463793672
5,9,9,2,8.297567238240255
5,9,10,2,7.996751831098986
5,9,11,2,8.315321668042765
5,9,12,2,8.196706064036825
5,9,13,2,8.14334732758279
5,9,14,2,8.083713323784915
5,9,0,3,8.364090709689648
5,9,1,3,8.162121983833565
5,9,2,3,7.965713291724123
5,9,3,3,7.995884558054295
5,9,4,3,7.992012463081337
5,9,5,3,7.994823716104976
5,9,6,3,8.112102075939335
5,9,7,3,8.143038133884236
5,9,8,3,7.891125156133741
5,9,9,3,8.205749958428521
5,9,10,3,7.977109024708323
5,9,11,3,8.195370658379804
5,9,12,3,8.036081706364456
5,9,13,3,8.248747905312074
5,9,14,3,8.24627168314862
5,9,0,4,8.060282537767472
5,9,1,4,8.144138804217494
5,9,2,4,7.8878231758037325
5,9,3,4,8.089449393734533
5,9,4,4,8.134375541241532
5,9,5,4,8.126325239569201
5,9,6,4,8.301529053869228
5,9,7,4,7.962013955475388
5,9,8,4,8.093748775204613
5,9,9,4,8.015594414840411
5,9,10,4,8.258998094334155
5,9,11,4,8.066234326361645
5,9,12,4,7.9698295762359965
5,9,13,4,8.248087686852589
5,9,14,4,8.259633958201963
5,9,0,5,8.118656324472369
5,9,1,5,7.8524346323119385
5,9,2,5,8.103827817841962
5,9,3,5,8.113642069163873
5,9,4,5,8.079322154477614
5,9,5,5,8.153488271188477
5,9,6,5,8.264452470335547
5,9,7,5,7.878963879538403
5,9,8,5,7.95090170707094
5,9,9,5,8.295237720364806
5,9,10,5,8.28477933982556
5,9,11,5,8.1330726346337
5,9,12,5,8.122537158743363
5,9,13,5,8.18098928236518
5,9,14,5,8.342411498782498
5,9,0,6,8.233876577201407
5,9,1,6,8.207740099731717
5,9,2,6,7.979512300207576
5,9,3,6,8.149786857332641
5,9,4,6,8.303701158715043
5,9,5,6,8.020271445958281
5,9,6,6,8.307205317820465
5,9,7,6,8.028639503990581
5,9,8,6,8.215053395016804
5,9,9,6,8.241035843881045
5,9,10,6,8.121217578305545
5,9,11,6,8.022205305626052
5,9,12,6,8.128753212358218
5,9,13,6,8.292867579709647
5,9,14,6,8.157586063089235
5,9,0,7,8.02620012647239
5,9,1,7,8.100300628738314
5,9,2,7,8.364752075788079
5,9,3,7,8.131486598180762
5,9,4,7,8.13007512430506
5,9,5,7,8.105638514912886
5,9,6,7,8.09023227761112
5,9,7,7,8.023620104705026
5,9,8,7,8.109717447378614
5,9,9,7,8.303439092057149
5,9,10,7,7.932879912059446
5,9,11,7,8.02022397126103
5,9,12,7,8.138890048202734
5,9,13,7,8.092288590286774
5,9,14,7,7.8710391413006
5,9,0,8,7.9112030532911755
5,9,1,8,8.008601241985223
5,9,2,8,8.056163725605357
5,9,3,8,7.969435060472589
5,9,4,8,7.901654167619478
5,9,5,8,8.098465954381327
5,9,6,8,8.160710507676743
5,9,7,8,8.044759102068058
5,9,8,8,8.033731767207945
5,9,9,8,8.213707159942768
5,9,10,8,8.03672874891568
5,9,11,8,8.092050292451413
5,9,12,8,8.270620076008433
5,9,13,8,8.102145060243409
5,9,14,8,7.960017397466586
5,9,0,9,8.113138330244906
5,9,1,9,8.169388615161033
5,9,2,9,8.133106662213251
5,9,3,9,7.995198869743886
5,9,4,9,7.561992538080655
5,9,5,9,8.203775646662361
5,9,6,9,8.226349997344185
5,9,7,9,8.146084862387145
5,9,8,9,8.121212074782344
5,9,9,9,8.309207083840715
5,9,10,9,8.055378632475374
5,9,11,9,7.793727055783365
5,9,12,9,8.049807683907572
5,9,13,9,7.876410461720194
5,9,14,9,7.943717793811775
5,9,0,10,8.341365994364311
5,9,1,10,7.918688234374416
5,9,2,10,8.254666893588569
5,9,3,10,7.980024530018277
5,9,4,10,8.249407754706416
5,9,5,10,8.116110223311338
5,9,6,10,8.237692528101318
5,9,7,10,8.285432471125697
5,9,8,10,8.224928796515018
5,9,9,10,8.211555314129642
5,9,10,10,8.103612076156567
5,9,11,10,8.307347926819883
5,9,12,10,8.120292301545092
5,9,13,10,7.925439613276588
5,9,14,10,7.934845172581253
5,9,0,11,7.982417010511766
5,9,1,11,8.010955887355836
5,9,2,11,8.125325344559501
5,9,3,11,8.249189423900038
5,9,4,11,8.217857193678796
5,9,5,11,7.9183535884976175
5,9,6,11,8.126002035115764
5,9,7,11,7.7928827055283
5,9,8,11,8.112828375563199
5,9,9,11,8.284696865631865
5,9,10,11,8.31595617420818
5,9,11,11,8.153371060962915
5,9,12,11,8.17954362464012
5,9,13,11,8.158283743155437
5,9,14,11,8.218227082392325
5,9,0,12,8.2549482583713
5,9,1,12,8.198804957373058
5,9,2,12,8.136023236179778
5,9,3,12,8.098403804251216
5,9,4,12,7.836364977708046
5,9,5,12,7.908365788220716
5,9,6,12,8.290015707039927
5,9,7,12,7.969477312607119
5,9,8,12,8.180333781583368
5,9,9,12,8.1786703511456
5,9,10,12,8.248787427967395
5,9,11,12,8.19555442312471
5,9,12,12,8.018417858474068
5,9,13,12,8.333667420996683
5,9,14,12,8.12742951198795
5,9,0,13,8.0952701516564
5,9,1,13,8.105572601834751
5,9,2,13,7.982175470609259
5,9,3,13,8.1382325344575
5,9,4,13,8.262966688490343
5,9,5,13,8.138082667369959
5,9,6,13,7.865015840300509
5,9,7,13,7.967663873817091
5,9,8,13,8.13260396798581
5,9,9,13,7.967508002262004
5,9,10,13,8.034033270119757
5,9,11,13,8.202882711683124
5,9,12,13,7.879770573813162
5,9,13,13,8.298856549212344
5,9,14,13,8.120284641787537
5,9,0,14,8.113778012886142
5,9,1,14,8.066279773495644
5,9,2,14,8.0603570038463
5,9,3,14,8.28976046451966
5,9,4,14,8.1215335176749
5,9,5,14,7.94311367825994
5,9,6,14,8.04363693165199
5,9,7,14,7.862103812761677
5,9,8,14,8.022559075971039
5,9,9,14,8.192239761129445
5,9,10,14,8.188696352127653
5,9,11,14,8.05934528843199
5,9,12,14,7.981417302980157
5,9,13,14,7.893538159676637
5,9,14,14,8.089342159628073
5,9,0,15,8.117441555196017
5,9,1,15,8.159515750166303
5,9,2,15,7.886287894196047
5,9,3,15,8.124691562213586
5,9,4,15,8.412616479854007
5,9,5,15,8.126650223559352
5,9,6,15,7.9548545485466535
5,9,7,15,8.018082814097994
5,9,8,15,8.152690111393364
5,9,9,15,7.773895080014604
5,9,10,15,8.205671511630733
5,9,11,15,8.301135742428354
5,9,12,15,8.036797014223918
5,9,13,15,8.0373200385099
5,9,14,15,8.355850707539885
5,9,0,16,8.129021407798728
5,9,1,16,7.903377354276072
5,9,2,16,8.021466684885766
5,9,3,16,7.945461511795372
5,9,4,16,8.261419690526205
5,9,5,16,8.099814024131492
5,9,6,16,8.233339443574337
5,9,7,16,8.199928532896568
5,9,8,16,8.113984879465576
5,9,9,16,8.197017372942064
5,9,10,16,8.29774320750347
5,9,11,16,8.064937817255291
5,9,12,16,8.145180421130679
5,9,13,16,8.122204130234337
5,9,14,16,8.129643675400946
5,9,0,17,8.154728932131539
5,9,1,17,8.113125396201239
5,9,2,17,8.012251562947963
5,9,3,17,8.073847998619136
5,9,4,17,8.118345916490462
5,9,5,17,8.011813916988427
5,9,6,17,8.275257291571462
5,9,7,17,8.291289058348111
5,9,8,17,8.205765091755943
5,9,9,17,8.296969290763908
5,9,10,17,8.255708475223845
5,9,11,17,8.24543124256045
5,9,12,17,8.220469790668165
5,9,13,17,8.13897503301776
5,9,14,17,8.007477730271335
5,9,0,18,8.017352525459195
5,9,1,18,7.9818390089005655
5,9,2,18,8.222056348442964
5,9,3,18,8.31814760269001
5,9,4,18,8.080677655596922
5,9,5,18,7.735677438387435
5,9,6,18,8.12316915555067
5,9,7,18,8.351891477601852
5,9,8,18,7.9412347997224915
5,9,9,18,8.249759273086703
5,9,10,18,8.178458943140154
5,9,11,18,8.017556389962234
5,9,12,18,8.100500638672727
5,9,13,18,8.213998341091356
5,9,14,18,8.056413002299323
5,9,0,19,7.893288157626113
5,9,1,19,7.797668702298438
5,9,2,19,8.103573269495136
5,9,3,19,7.966942967624499
5,9,4,19,8.188603629531233
5,9,5,19,8.019867284981549
5,9,6,19,7.893944980879568
5,9,7,19,8.106464185588129
5,9,8,19,7.987684305758363
5,9,9,19,8.164421902132684
5,9,10,19,8.118001867386681
5,9,11,19,8.271731531252577
5,9,12,19,8.076638015279313
5,9,13,19,8.043715735615807
5,9,14,19,8.104202480259946
5,9,0,20,8.05732637103304
5,9,1,20,8.188636610707372
5,9,2,20,7.917680576592837
5,9,3,20,7.950696629242196
5,9,4,20,8.124327681258762
5,9,5,20,8.136757970963565
5,9,6,20,7.918177257002372
5,9,7,20,8.087854432952074
5,9,8,20,8.240294426412465
5,9,9,20,8.071341318703436
5,9,10,20,8.10369172965712
5,9,11,20,8.306647926958169
5,9,12,20,8.040761424368588
5,9,13,20,8.083291707539852
5,9,14,20,8.21422193222222
5,9,0,21,7.904761828253728
5,9,1,21,8.10232126206464
5,9,2,21,7.789038485967039
5,9,3,21,8.108011898927119
5,9,4,21,7.894578244842804
5,9,5,21,8.144989107787996
5,9,6,21,8.25102338846272
5,9,7,21,8.384239034315899
5,9,8,21,7.947803653406259
5,9,9,21,8.102963615284358
5,9,10,21,8.143536036791406
5,9,11,21,7.961817986154606
5,9,12,21,8.151311371233229
5,9,13,21,7.988726747682161
5,9,14,21,8.180495687693773
5,9,0,22,7.998747138765314
5,9,1,22,8.319777621595586
5,9,2,22,8.286896617437364
5,9,3,22,8.159084121810746
5,9,4,22,8.252473049166165
5,9,5,22,8.12814027462609
5,9,6,22,8.363711733282392
5,9,7,22,8.17172659278908
5,9,8,22,7.986437688749612
5,9,9,22,7.9649415815843465
5,9,10,22,8.045220493385
5,9,11,22,8.11658651256383
5,9,12,22,8.18188201493135
5,9,13,22,8.040557160349897
5,9,14,22,7.958778499881134
5,10,0,0,8.096116081008384
5,10,1,0,8.087334187303385
5,10,2,0,7.970452427500554
5,10,3,0,8.091418449449314
5,10,4,0,8.018210972994607
5,10,5,0,8.02066302369666
5,10,6,0,7.827802579334549
5,10,7,0,8.284758436414931
5,10,8,0,8.070179304833662
5,10,9,0,8.101999538316178
5,10,10,0,8.115326181259903
5,10,11,0,8.355794685141912
5,10,12,0,7.649133641485506
5,10,13,0,8.146319941449603
5,10,14,0,7.935238153870174
5,10,0,1,8.098782956162156
5,10,1,1,8.163532476543837
5,10,2,1,8.154056877373906
5,10,3,1,8.163307373743086
5,10,4,1,8.063289416304263
5,10,5,1,8.354266339681317
5,10,6,1,7.995539709286081
5,10,7,1,8.048190766381092
5,10,8,1,7.983521893320581
5,10,9,1,8.07890348717079
5,10,10,1,8.188419885353705
5,10,11,1,8.101537690102134
5,10,12,1,7.794808609841106
5,10,13,1,7.979107029436857
5,10,14,1,8.05723400991058
5,10,0,2,8.298750694429355
5,10,1,2,8.194992209581658
5,10,2,2,8.123748935212701
5,10,3,2,8.149626038515867
5,10,4,2,8.312122467619803
5,10,5,2,8.289277376556285
5,10,6,2,8.10118410405404
5,10,7,2,7.914803128383336
5,10,8,2,8.20242279643875
5,10,9,2,8.189424141342121
5,10,10,2,7.921889064477566
5,10,11,2,8.161933823737028
5,10,12,2,8.015532190320723
5,10,13,2,7.907015732053882
5,10,14,2,8.17818645334243
5,10,0,3,8.266256526237525
5,10,1,3,8.065947439792518
5,10,2,3,8.192544785651664
5,10,3,3,8.033894727201456
5,10,4,3,7.924867643694658
5,10,5,3,7.977089270579026
5,10,6,3,8.130468565769897
5,10,7,3,7.813844178145738
5,10,8,3,8.202566499922808
5,10,9,3,8.162809839936896
5,10,10,3,8.125504294876503
5,10,11,3,7.8443589978190245
5,10,12,3,8.005421574764592
5,10,13,3,7.728292376928329
5,10,14,3,8.247392466599385
5,10,0,4,7.872348494224106
5,10,1,4,8.172417285101101
5,10,2,4,8.223554313023497
5,10,3,4,8.225085577478374
5,10,4,4,8.273199624314225
5,10,5,4,8.16641025479059
5,10,6,4,7.859698264566649
5,10,7,4,7.855532536113714
5,10,8,4,8.258296523970019
5,10,9,4,8.26416216997385
5,10,10,4,8.096442560313712
5,10,11,4,8.005244890596936
5,10,12,4,8.140064494802871
5,10,13,4,7.825288722279538
5,10,14,4,8.082032307226545
5,10,0,5,7.834005835229154
5,10,1,5,8.003617431472275
5,10,2,5,8.062285324091002
5,10,3,5,7.962258971854223
5,10,4,5,8.132890554769777
5,10,5,5,8.011303763896713
5,10,6,5,8.256065609883281
5,10,7,5,8.251311634849628
5,10,8,5,8.096908060914368
5,10,9,5,8.09863154045596
5,10,10,5,7.77812949380685
5,10,11,5,8.025737726338118
5,10,12,5,7.976818745715189
5,10,13,5,8.099938122328728
5,10,14,5,8.183992895872077
5,10,0,6,8.097262867762947
5,10,1,6,8.054691971451026
5,10,2,6,7.948520505632657
5,10,3,6,7.987875311331426
5,10,4,6,7.893382583043348
5,10,5,6,7.962590552836991
5,10,6,6,8.07638112397805
5,10,7,6,8.235710345664838
5,10,8,6,8.030932697888234
5,10,9,6,7.9795015724911185
5,10,10,6,8.207003871568139
5,10,11,6,8.115794571259439
5,10,12,6,7.971618203100286
5,10,13,6,8.043699643828681
5,10,14,6,8.101578069175407
5,10,0,7,8.105852567214251
5,10,1,7,8.219134614418042
5,10,2,7,8.091098981810372
5,10,3,7,8.00961696381795
5,10,4,7,7.783753830353885
5,10,5,7,8.143308548969094
5,10,6,7,8.222152371627624
5,10,7,7,8.107058302557245
5,10,8,7,7.9588992450998655
5,10,9,7,8.13225078588707
5,10,10,7,7.907892842102455
5,10,11,7,7.958209304707116
5,10,12,7,8.208781421871207
5,10,13,7,7.960609992971068
5,10,14,7,8.2578103719086
5,10,0,8,8.082631519837854
5,10,1,8,7.89318576296368
5,10,2,8,8.324730804114541
5,10,3,8,8.110010101199954
5,10,4,8,8.064362131540205
5,10,5,8,8.03215785735198
5,10,6,8,7.982139631986821
5,10,7,8,8.07769664698588
5,10,8,8,8.257131121408479
5,10,9,8,8.125598444791182
5,10,10,8,7.986842532418274
5,10,11,8,8.035350515099271
5,10,12,8,8.229673995529069
5,10,13,8,7.851740773706736
5,10,14,8,8.309543860703686
5,10,0,9,8.283851127405633
5,10,1,9,8.10891343431641
5,10,2,9,8.196570602023295
5,10,3,9,8.02565092420319
5,10,4,9,8.000423598388009
5,10,5,9,8.152472140210213
5,10,6,9,8.134820605576516
5,10,7,9,7.860058916237767
5,10,8,9,8.017721396507929
5,10,9,9,7.981740131690516
5,10,10,9,7.958197793832039
5,10,11,9,8.056544627318049
5,10,12,9,8.216548902751786
5,10,13,9,8.070132018734093
5,10,14,9,8.162447651460035
5,10,0,10,8.262627050909051
5,10,1,10,8.205208794383193
5,10,2,10,8.336437083451505
5,10,3,10,7.810927011613915
5,10,4,10,8.065256709426722
5,10,5,10,8.240361115280807
5,10,6,10,7.882134394116369
5,10,7,10,7.947155721234863
5,10,8,10,8.190351160609486
5,10,9,10,7.919007378230281
5,10,10,10,8.14906699534222
5,10,11,10,7.977030197289861
5,10,12,10,7.923551863170987
5,10,13,10,8.084293090054077
5,10,14,10,8.149167170769436
5,10,0,11,8.09584607179276
5,10,1,11,7.993935696918569
5,10,2,11,8.195049339101669
5,10,3,11,7.905130869683746
5,10,4,11,8.205943919728572
5,10,5,11,8.163779397858253
5,10,6,11,7.982017240600196
5,10,7,11,8.127832830633869
5,10,8,11,8.199799943249424
5,10,9,11,8.004697884682244
5,10,10,11,8.097407664563
5,10,11,11,7.934222844808531
5,10,12,11,7.854390687168992
5,10,13,11,8.065870913936308
5,10,14,11,7.9812215589795
5,10,0,12,8.129375083852926
5,10,1,12,8.316180003458452
5,10,2,12,8.031614060091147
5,10,3,12,7.99654267201854
5,10,4,12,8.013331676202762
5,10,5,12,7.848928652129934
5,10,6,12,8.300500714748244
5,10,7,12,7.970604610025707
5,10,8,12,8.092419658028492
5,10,9,12,8.09350390042615
5,10,10,12,8.112263997890727
5,10,11,12,8.146497446298525
5,10,12,12,8.016758500569246
5,10,13,12,7.96786100222105
5,10,14,12,7.994184846736236
5,10,0,13,8.083682747953365
5,10,1,13,8.11885051829232
5,10,2,13,8.316595181745152
5,10,3,13,8.254018067853549
5,10,4,13,8.27581783684958
5,10,5,13,7.885082714972833
5,10,6,13,8.12473147685426
5,10,7,13,8.511434058385564
5,10,8,13,8.064907792993353
5,10,9,13,7.900403047641005
5,10,10,13,8.239451668968782
5,10,11,13,7.970062583816012
5,10,12,13,8.06460247045724
5,10,13,13,8.456887977808442
5,10,14,13,7.988077655777541
5,10,0,14,8.221463680862154
5,10,1,14,8.200347131997543
5,10,2,14,8.18061269816883
5,10,3,14,8.220633759536463
5,10,4,14,8.026895269964568
5,10,5,14,8.077755583122604
5,10,6,14,7.953018064149896
5,10,7,14,8.134588160998174
5,10,8,14,8.0653393950812
5,10,9,14,8.08597223275524
5,10,10,14,8.442444270313501
5,10,11,14,8.202937390164928
5,10,12,14,8.153323275672243
5,10,13,14,8.21549855043449
5,10,14,14,8.12498955103712
5,10,0,15,8.019316649767438
5,10,1,15,8.061124866109914
5,10,2,15,8.04469661972838
5,10,3,15,8.10358013501459
5,10,4,15,8.044956301023312
5,10,5,15,7.929910310984605
5,10,6,15,8.256763834156533
5,10,7,15,7.990343743373815
5,10,8,15,7.991577338307806
5,10,9,15,8.186103739691731
5,10,10,15,8.23255537296369
5,10,11,15,8.089737885896758
5,10,12,15,8.170025911924423
5,10,13,15,8.316921126744683
5,10,14,15,8.114540332465491
5,10,0,16,8.22068689726568
5,10,1,16,8.205009490710946
5,10,2,16,7.922047729457555
5,10,3,16,8.25076542182491
5,10,4,16,7.986528614595741
5,10,5,16,8.10906710867608
5,10,6,16,8.152899843137888
5,10,7,16,8.092719498679735
5,10,8,16,8.193301248167018
5,10,9,16,8.340552315197517
5,10,10,16,8.07501043990139
5,10,11,16,8.00544897494459
5,10,12,16,8.30707590719322
5,10,13,16,7.836212282873507
5,10,14,16,8.132355400907432
5,10,0,17,8.041511237242375
5,10,1,17,8.223700905653242
5,10,2,17,8.206274692446044
5,10,3,17,8.229852802381695
5,10,4,17,8.143385119520644
5,10,5,17,7.91399568843824
5,10,6,17,8.215694742810951
5,10,7,17,8.00314432444116
5,10,8,17,8.07858641940962
5,10,9,17,8.12561489821245
5,10,10,17,8.006125067864408
5,10,11,17,8.041203244466866
5,10,12,17,8.15517733999874
5,10,13,17,8.09620233360746
5,10,14,17,8.125077860449464
5,10,0,18,8.183864314225993
5,10,1,18,8.041422579272163
5,10,2,18,8.27753737971331
5,10,3,18,8.084821821816732
5,10,4,18,7.748486208471995
5,10,5,18,8.031349154216077
5,10,6,18,7.961179959067771
5,10,7,18,8.11818312702623
5,10,8,18,8.298827781325702
5,10,9,18,7.968899052915106
5,10,10,18,8.005487418523566
5,10,11,18,8.060454177629225
5,10,12,18,8.138275040941394
5,10,13,18,7.961412376093735
5,10,14,18,8.267670748679086
5,10,0,19,8.016999238677446
5,10,1,19,8.106401507536358
5,10,2,19,8.230449496965992
5,10,3,19,7.785180881431839
5,10,4,19,8.021744133449513
5,10,5,19,7.896761332315816
5,10,6,19,7.9118172744789605
5,10,7,19,7.811145055245486
5,10,8,19,8.062257648177212
5,10,9,19,8.158940159139453
5,10,10,19,8.186374323692274
5,10,11,19,7.980478132880918
5,10,12,19,7.996542957462004
5,10,13,19,8.076475485867642
5,10,14,19,7.955915507641528
5,10,0,20,8.196028831648931
5,10,1,20,8.133688282639795
5,10,2,20,8.242913672496364
5,10,3,20,8.295931145669675
5,10,4,20,8.23636970123925
5,10,5,20,8.050003150021372
5,10,6,20,8.199383691995394
5,10,7,20,7.978809568462531
5,10,8,20,8.163409458387534
5,10,9,20,8.03377779174991
5,10,10,20,7.962466706199566
5,10,11,20,8.19987788747299
5,10,12,20,8.067796699913531
5,10,13,20,7.834490862662307
5,10,14,20,8.069107981821567
5,10,0,21,8.249608294233415
5,10,1,21,8.057566923163733
5,10,2,21,7.821164478012644
5,10,3,21,8.053552224314194
5,10,4,21,8.121519011572474
5,10,5,21,8.293620807796122
5,10,6,21,8.169515599226672
5,10,7,21,7.774602866338287
5,10,8,21,7.983922199621439
5,10,9,21,8.089314833779703
5,10,10,21,7.88012626202941
5,10,11,21,8.10871866180985
5,10,12,21,7.888396198095756
5,10,13,21,7.882021009469407
5,10,14,21,8.149078994372847
5,10,0,22,8.564970406130701
5,10,1,22,8.270213661118843
5,10,2,22,8.156195398645442
5,10,3,22,8.08296488013761
5,10,4,22,8.034968877830385
5,10,5,22,8.337284934019483
5,10,6,22,7.8629897490760845
5,10,7,22,7.821766044972234
5,10,8,22,8.152863911987138
5,10,9,22,8.007893642150252
5,10,10,22,7.921938975135899
5,10,11,22,8.144356198319768
5,10,12,22,7.950498835592297
5,10,13,22,7.999897340633399
5,10,14,22,8.066432707151916
