Layers,Mixes_per_Layer,Run,Target_Index,Entropy
3,3,0,0,9.240148037210327
3,3,1,0,9.226537571342856
3,3,2,0,9.242927362620248
3,3,3,0,9.267394927757678
3,3,4,0,9.214978617965265
3,3,5,0,9.211046867422994
3,3,6,0,9.259168282587936
3,3,7,0,9.225180134699066
3,3,8,0,9.0348949094199
3,3,9,0,9.173191053448885
3,3,10,0,9.067789874439006
3,3,11,0,9.122709762088308
3,3,12,0,9.152526728603997
3,3,13,0,9.265460725362379
3,3,14,0,9.152594112705941
3,3,0,1,9.242703324835215
3,3,1,1,9.374854895540615
3,3,2,1,9.192589838705363
3,3,3,1,9.190058462599891
3,3,4,1,9.13259122624107
3,3,5,1,9.13813446519291
3,3,6,1,9.177416137788901
3,3,7,1,9.241861036311528
3,3,8,1,9.100326367025199
3,3,9,1,9.12944591575554
3,3,10,1,9.161235435438778
3,3,11,1,9.183298227039604
3,3,12,1,9.269642992623623
3,3,13,1,9.284384280209535
3,3,14,1,9.317608717970481
3,3,0,2,9.261731484512019
3,3,1,2,9.303924345750026
3,3,2,2,9.185570676406245
3,3,3,2,9.173652588399548
3,3,4,2,9.37782737304832
3,3,5,2,9.28825983828255
3,3,6,2,9.135086048330338
3,3,7,2,9.111490158297679
3,3,8,2,9.063387339470134
3,3,9,2,9.139343170519085
3,3,10,2,9.148564269292168
3,3,11,2,9.004141616475932
3,3,12,2,9.273856109414096
3,3,13,2,9.183662841720329
3,3,14,2,9.27209668858955
3,3,0,3,9.27389104895673
3,3,1,3,9.169224980197919
3,3,2,3,9.174248459062428
3,3,3,3,9.22482433549813
3,3,4,3,9.327532849898207
3,3,5,3,9.302886717354987
3,3,6,3,9.147122299423023
3,3,7,3,9.26423934740683
3,3,8,3,9.130019136813985
3,3,9,3,9.067316608488618
3,3,10,3,9.11310155522895
3,3,11,3,9.145954301386109
3,3,12,3,9.154690599991739
3,3,13,3,9.258317038525654
3,3,14,3,9.336833984401164
3,3,0,4,9.206502215600134
3,3,1,4,9.250568017205103
3,3,2,4,9.169508417319278
3,3,3,4,9.197673180448485
3,3,4,4,9.339419717588813
3,3,5,4,9.185458707936974
3,3,6,4,9.23975063752845
3,3,7,4,9.163921364076078
3,3,8,4,9.081585162998561
3,3,9,4,9.19327616614345
3,3,10,4,9.118875413843414
3,3,11,4,9.222795732986722
3,3,12,4,9.2606562267677
3,3,13,4,9.20422688552381
3,3,14,4,9.189609315155879
3,3,0,5,9.231250832797326
3,3,1,5,9.234717344704974
3,3,2,5,9.178940105042859
3,3,3,5,9.257389133179966
3,3,4,5,9.297751001173262
3,3,5,5,9.286364202513653
3,3,6,5,9.260456594325268
3,3,7,5,9.206745252913969
3,3,8,5,9.140238272169913
3,3,9,5,9.213495934850089
3,3,10,5,9.165853032428291
3,3,11,5,9.202826258360107
3,3,12,5,9.21323019022439
3,3,13,5,9.250184393653825
3,3,14,5,9.306416224354445
3,3,0,6,9.212066914465977
3,3,1,6,9.260554904655578
3,3,2,6,9.20049902565396
3,3,3,6,9.1959746601802
3,3,4,6,9.201183846343463
3,3,5,6,9.339591338876643
3,3,6,6,9.243635820210358
3,3,7,6,9.091329521895279
3,3,8,6,9.021433876861792
3,3,9,6,9.220058244826946
3,3,10,6,9.060916803381819
3,3,11,6,9.287274288611775
3,3,12,6,9.177685462520405
3,3,13,6,9.155786059930614
3,3,14,6,9.250205908666283
3,3,0,7,9.173416506628662
3,3,1,7,9.178686321061285
3,3,2,7,9.127609631343873
3,3,3,7,9.168480415585256
3,3,4,7,9.210595465200408
3,3,5,7,9.278681103615076
3,3,6,7,9.38003807228631
3,3,7,7,9.178606752409287
3,3,8,7,9.128821864561486
3,3,9,7,9.12328441748144
3,3,10,7,9.05896526879524
3,3,11,7,9.229854690935147
3,3,12,7,9.1164759636533
3,3,13,7,9.171024366010942
3,3,14,7,9.251872666831662
3,3,0,8,9.23302404701583
3,3,1,8,9.173181579684577
3,3,2,8,9.18930105981308
3,3,3,8,9.153896590670938
3,3,4,8,9.167255369786474
3,3,5,8,9.3020231747613
3,3,6,8,9.30054600922754
3,3,7,8,9.199999643737772
3,3,8,8,9.0549391108834
3,3,9,8,9.197473759034743
3,3,10,8,9.152769811928756
3,3,11,8,9.124737078451714
3,3,12,8,9.035581461392875
3,3,13,8,9.21317825999238
3,3,14,8,9.21765110180433
3,3,0,9,9.230156422587049
3,3,1,9,9.279495867709848
3,3,2,9,9.159963067416749
3,3,3,9,9.11922912511896
3,3,4,9,9.158895696017527
3,3,5,9,9.06531627469611
3,3,6,9,9.303796349493872
3,3,7,9,9.194397123390482
3,3,8,9,9.068033102717477
3,3,9,9,9.113469257317417
3,3,10,9,9.135094574040368
3,3,11,9,9.210304410621685
3,3,12,9,9.185453968428977
3,3,13,9,9.170586458973775
3,3,14,9,9.18200848510793
3,3,0,10,9.157248347856857
3,3,1,10,9.141148416817959
3,3,2,10,9.097640351671854
3,3,3,10,9.258866478469308
3,3,4,10,9.217948812991263
3,3,5,10,9.05082354496605
3,3,6,10,9.32443621009822
3,3,7,10,9.14496257620731
3,3,8,10,9.132251594451573
3,3,9,10,9.118314053574961
3,3,10,10,9.272959764367112
3,3,11,10,9.167580294974554
3,3,12,10,9.198910963907897
3,3,13,10,9.328215100426732
3,3,14,10,9.130756012814793
3,3,0,11,9.188896509010693
3,3,1,11,9.29083379337244
3,3,2,11,9.266705526389833
3,3,3,11,9.217412709969699
3,3,4,11,9.135938003410836
3,3,5,11,9.131902622602357
3,3,6,11,9.124535674254753
3,3,7,11,9.195609835109693
3,3,8,11,9.139532522301481
3,3,9,11,9.101963600865458
3,3,10,11,9.187950976723677
3,3,11,11,9.154453562107463
3,3,12,11,9.129444515984215
3,3,13,11,9.20679066442414
3,3,14,11,9.09706728246669
3,3,0,12,9.075635334771835
3,3,1,12,9.1911767999028
3,3,2,12,9.22398609803897
3,3,3,12,9.20569679726764
3,3,4,12,9.233648199806751
3,3,5,12,9.203800823352022
3,3,6,12,9.120492324171149
3,3,7,12,9.010311226258633
3,3,8,12,9.23699248813284
3,3,9,12,9.121236836347592
3,3,10,12,9.247966555107404
3,3,11,12,9.131881726197166
3,3,12,12,9.24113570519438
3,3,13,12,9.191688325307924
3,3,14,12,9.180984104235431
3,3,0,13,9.080020807147474
3,3,1,13,9.207698394538111
3,3,2,13,9.290139555015312
3,3,3,13,9.261544296602153
3,3,4,13,9.123368659953075
3,3,5,13,9.162681458925265
3,3,6,13,9.199148716747008
3,3,7,13,9.085654799926303
3,3,8,13,9.217240728238096
3,3,9,13,9.118099498142705
3,3,10,13,9.160775693645874
3,3,11,13,9.111155136584337
3,3,12,13,9.135052762031373
3,3,13,13,9.217624393393036
3,3,14,13,9.233879221845454
3,3,0,14,8.960422723062118
3,3,1,14,9.258763784963046
3,3,2,14,9.235498426224423
3,3,3,14,9.242143374189425
3,3,4,14,9.157891069587938
3,3,5,14,9.11723194675486
3,3,6,14,9.163618767706657
3,3,7,14,9.084764654090092
3,3,8,14,9.254195770015787
3,3,9,14,9.212868462087282
3,3,10,14,9.192399764795908
3,3,11,14,9.19783218049279
3,3,12,14,9.089843460850796
3,3,13,14,9.1345343864169
3,3,14,14,9.164985901427448
3,3,0,15,9.110877650631792
3,3,1,15,9.200010951269814
3,3,2,15,9.24278012885163
3,3,3,15,9.17207384902245
3,3,4,15,9.163457570760787
3,3,5,15,9.243367140566717
3,3,6,15,9.185205207744469
3,3,7,15,9.186376831684562
3,3,8,15,9.309259719603077
3,3,9,15,9.19652026320935
3,3,10,15,9.092291032653806
3,3,11,15,9.079847481961746
3,3,12,15,9.104757061698534
3,3,13,15,9.127258804982134
3,3,14,15,9.052347639173755
3,3,0,16,9.207303673000562
3,3,1,16,9.031212483543186
3,3,2,16,9.339210177551514
3,3,3,16,9.105963062994192
3,3,4,16,9.15376623826887
3,3,5,16,9.151850905861659
3,3,6,16,9.284484931517959
3,3,7,16,9.187361950188707
3,3,8,16,9.297605916449681
3,3,9,16,9.152274584991325
3,3,10,16,9.206577271504571
3,3,11,16,9.084312944373611
3,3,12,16,9.093518865759805
3,3,13,16,9.135148007500227
3,3,14,16,9.206402662504921
3,3,0,17,9.305942214354747
3,3,1,17,8.968343591741386
3,3,2,17,9.244166039317879
3,3,3,17,9.20174678587382
3,3,4,17,9.17080082882486
3,3,5,17,9.153672180542554
3,3,6,17,9.214959754183361
3,3,7,17,9.189585005535838
3,3,8,17,9.312909476595532
3,3,9,17,9.134892931321945
3,3,10,17,9.315785581863008
3,3,11,17,9.117896305557666
3,3,12,17,9.10811265259797
3,3,13,17,9.1793662235405
3,3,14,17,9.160658530655873
3,3,0,18,9.28199758408393
3,3,1,18,9.113457192336785
3,3,2,18,9.253182972824375
3,3,3,18,9.183339326379073
3,3,4,18,9.269896097388026
3,3,5,18,9.342350710283526
3,3,6,18,9.179175897113042
3,3,7,18,9.062864618545898
3,3,8,18,9.341427155211663
3,3,9,18,9.175330693553361
3,3,10,18,9.277010348501081
3,3,11,18,9.049944153612808
3,3,12,18,9.204545106093262
3,3,13,18,9.150494089506248
3,3,14,18,9.093425507467394
3,3,0,19,9.3026368437521
3,3,1,19,9.180939704802546
3,3,2,19,9.246926673912416
3,3,3,19,9.189694500319067
3,3,4,19,9.191670884579075
3,3,5,19,9.250358248619033
3,3,6,19,9.257098271352088
3,3,7,19,9.073508392909373
3,3,8,19,9.315364999020613
3,3,9,19,9.062027892702414
3,3,10,19,9.235635534244144
3,3,11,19,8.985025105067598
3,3,12,19,9.335336137124207
3,3,13,19,9.212402758517442
3,3,14,19,9.173725801595833
3,3,0,20,9.207013235581123
3,3,1,20,9.171083985746678
3,3,2,20,9.158548424240282
3,3,3,20,9.260561252446664
3,3,4,20,9.212904674752004
3,3,5,20,9.103164434085498
3,3,6,20,9.169757163474433
3,3,7,20,9.207439504749455
3,3,8,20,9.180183739428424
3,3,9,20,9.131759706259132
3,3,10,20,9.25930441871634
3,3,11,20,9.094908652120706
3,3,12,20,9.32718478668647
3,3,13,20,9.101610306680433
3,3,14,20,9.18738397692881
3,3,0,21,9.170762485610835
3,3,1,21,9.261361087954231
3,3,2,21,9.225839642824369
3,3,3,21,9.236648289114962
3,3,4,21,9.178170454957945
3,3,5,21,9.235390411480482
3,3,6,21,9.160722191767727
3,3,7,21,9.313728297443312
3,3,8,21,9.162235480634711
3,3,9,21,9.21629352889872
3,3,10,21,9.282536847451674
3,3,11,21,9.117406823085318
3,3,12,21,9.231681281584338
3,3,13,21,9.195467004530272
3,3,14,21,9.215613470417365
3,3,0,22,9.069762536763601
3,3,1,22,9.24906898490352
3,3,2,22,8.973282004160383
3,3,3,22,9.024060487475126
3,3,4,22,8.947443548904051
3,3,5,22,9.039477344516804
3,3,6,22,8.984129739991927
3,3,7,22,9.251239018505485
3,3,8,22,8.825815709071202
3,3,9,22,9.106660374104907
3,3,10,22,9.157237070867092
3,3,11,22,8.982308307640862
3,3,12,22,9.162733916059015
3,3,13,22,9.201364213066235
3,3,14,22,9.25534462539243
3,4,0,0,9.202167276814869
3,4,1,0,9.184175495809033
3,4,2,0,9.148758752557262
3,4,3,0,9.249843759935295
3,4,4,0,9.233295186988771
3,4,5,0,9.266660919781602
3,4,6,0,9.186945197846867
3,4,7,0,9.095949322762442
3,4,8,0,9.229076365525229
3,4,9,0,9.191517506052264
3,4,10,0,9.161565491621749
3,4,11,0,9.128589639929746
3,4,12,0,9.248553155694582
3,4,13,0,9.225989573069747
3,4,14,0,9.161675459523469
3,4,0,1,9.161339403967611
3,4,1,1,9.20944634374987
3,4,2,1,9.075202184971834
3,4,3,1,9.157483590831497
3,4,4,1,9.19491289699278
3,4,5,1,9.186315186291269
3,4,6,1,9.153465333149644
3,4,7,1,9.092959748674659
3,4,8,1,9.336590357537903
3,4,9,1,9.157287080574752
3,4,10,1,9.198200865917775
3,4,11,1,9.162694049773659
3,4,12,1,9.191875095354638
3,4,13,1,9.188496406164143
3,4,14,1,9.081257226218963
3,4,0,2,9.0814999832749
3,4,1,2,9.228586253317918
3,4,2,2,9.100715767097505
3,4,3,2,9.188916305504609
3,4,4,2,9.072706160791022
3,4,5,2,9.092061772900653
3,4,6,2,9.352305636515618
3,4,7,2,9.033708940794861
3,4,8,2,9.383425447733377
3,4,9,2,9.071725701313134
3,4,10,2,9.019210717332047
3,4,11,2,9.224009641745928
3,4,12,2,9.308100831063555
3,4,13,2,9.312446504745813
3,4,14,2,9.032028420008364
3,4,0,3,9.268477298306355
3,4,1,3,9.06952280386072
3,4,2,3,9.191149713843913
3,4,3,3,9.158949541690177
3,4,4,3,9.215933942661382
3,4,5,3,9.10797148168245
3,4,6,3,9.25259851101219
3,4,7,3,9.062656853552875
3,4,8,3,9.268960819817828
3,4,9,3,9.20132703456478
3,4,10,3,8.989276682910813
3,4,11,3,9.247770247886438
3,4,12,3,9.186364926713907
3,4,13,3,9.194064158673154
3,4,14,3,9.168511916919654
3,4,0,4,9.247349277178397
3,4,1,4,9.249092321719024
3,4,2,4,9.22270222857684
3,4,3,4,9.198255168096077
3,4,4,4,9.091781490673375
3,4,5,4,9.22870015502885
3,4,6,4,9.29095865273154
3,4,7,4,8.957981011820072
3,4,8,4,9.12000376874211
3,4,9,4,9.287337935934698
3,4,10,4,9.151151430942418
3,4,11,4,9.3071931732338
3,4,12,4,9.153965455178223
3,4,13,4,9.147098452698536
3,4,14,4,9.174927287668169
3,4,0,5,9.189025080192675
3,4,1,5,9.23950903603028
3,4,2,5,9.219913576080017
3,4,3,5,9.206602373949686
3,4,4,5,9.218623002630704
3,4,5,5,9.200518195579528
3,4,6,5,9.223118826101418
3,4,7,5,9.108079866101738
3,4,8,5,9.070358334040488
3,4,9,5,9.334559398680005
3,4,10,5,9.210371042932966
3,4,11,5,9.28099065615823
3,4,12,5,9.212637797628833
3,4,13,5,9.110163651135021
3,4,14,5,9.014802884520291
3,4,0,6,9.200706474762555
3,4,1,6,9.257542565953619
3,4,2,6,9.243088060501467
3,4,3,6,9.210042498544393
3,4,4,6,9.211784744624822
3,4,5,6,9.221849834725884
3,4,6,6,9.118695095341876
3,4,7,6,9.220041719862552
3,4,8,6,9.059609659947244
3,4,9,6,9.259391893512934
3,4,10,6,9.279287858066771
3,4,11,6,9.223276962910123
3,4,12,6,9.21767268864259
3,4,13,6,9.186296660269534
3,4,14,6,9.022826071601939
3,4,0,7,9.158809562451593
3,4,1,7,9.209432752452003
3,4,2,7,9.164046445335401
3,4,3,7,9.093016307565923
3,4,4,7,9.194097830559219
3,4,5,7,9.178915859749914
3,4,6,7,8.993617656839776
3,4,7,7,9.104464008170371
3,4,8,7,9.1559036388143
3,4,9,7,9.24711559371315
3,4,10,7,9.214851267000153
3,4,11,7,9.261985957728303
3,4,12,7,9.258668940719426
3,4,13,7,9.166338409980053
3,4,14,7,9.240213548222783
3,4,0,8,9.047320580562463
3,4,1,8,9.135793630406855
3,4,2,8,9.223308881864288
3,4,3,8,9.01872985548005
3,4,4,8,9.356073245215851
3,4,5,8,9.118967469038258
3,4,6,8,9.210567446310959
3,4,7,8,9.116113064776158
3,4,8,8,9.117321078707278
3,4,9,8,9.252449145175087
3,4,10,8,9.043802318300763
3,4,11,8,9.188072816721283
3,4,12,8,9.28755177327261
3,4,13,8,9.231289196831833
3,4,14,8,9.193546142332076
3,4,0,9,9.186457323750725
3,4,1,9,9.159199505730124
3,4,2,9,9.20737367232024
3,4,3,9,9.207097609767084
3,4,4,9,9.237343486393243
3,4,5,9,9.190284276180298
3,4,6,9,9.276859963196697
3,4,7,9,9.193861751160336
3,4,8,9,9.220519675586157
3,4,9,9,9.138656844354864
3,4,10,9,9.090496058672347
3,4,11,9,9.32118375098511
3,4,12,9,9.190408419899807
3,4,13,9,9.304601836870967
3,4,14,9,9.203173670257561
3,4,0,10,9.021479558543621
3,4,1,10,9.100302437839916
3,4,2,10,9.293615513340145
3,4,3,10,9.141993718465846
3,4,4,10,9.146560528374913
3,4,5,10,9.238202336421441
3,4,6,10,9.102634341274932
3,4,7,10,9.197982853766923
3,4,8,10,9.216351299532421
3,4,9,10,9.234005375417631
3,4,10,10,8.991035366156149
3,4,11,10,9.306116381921202
3,4,12,10,9.231040895455314
3,4,13,10,9.279334015937252
3,4,14,10,9.117654027301839
3,4,0,11,9.134667294412917
3,4,1,11,9.116615159982798
3,4,2,11,9.28021637063153
3,4,3,11,9.21971336835199
3,4,4,11,9.16926272350702
3,4,5,11,9.181644925510804
3,4,6,11,9.168872130177798
3,4,7,11,9.097097357246488
3,4,8,11,9.262929058576352
3,4,9,11,9.166675462509334
3,4,10,11,9.214444557620496
3,4,11,11,9.23208513110395
3,4,12,11,9.1966127842926
3,4,13,11,9.285380168850304
3,4,14,11,9.16106419794855
3,4,0,12,9.10822597057875
3,4,1,12,9.131864335190558
3,4,2,12,9.355146907471683
3,4,3,12,9.192667147348095
3,4,4,12,9.175231156610847
3,4,5,12,9.149600329762272
3,4,6,12,9.15480515787681
3,4,7,12,9.268367713976104
3,4,8,12,9.196271736991708
3,4,9,12,9.16791305582035
3,4,10,12,9.180046983113371
3,4,11,12,9.28329723757098
3,4,12,12,9.105133636370901
3,4,13,12,9.374216589758788
3,4,14,12,9.152353687910491
3,4,0,13,9.008780846410088
3,4,1,13,9.104538633646646
3,4,2,13,9.17466191913683
3,4,3,13,9.21300195755345
3,4,4,13,9.182846576423122
3,4,5,13,9.041807641515012
3,4,6,13,9.14356410395379
3,4,7,13,8.982638804356958
3,4,8,13,9.002218393005055
3,4,9,13,9.111224176605317
3,4,10,13,9.177314465608047
3,4,11,13,9.25933169954513
3,4,12,13,9.096319611108509
3,4,13,13,9.300093048539038
3,4,14,13,9.00959137030793
3,4,0,14,9.039874240759534
3,4,1,14,9.060813184710742
3,4,2,14,9.188932935625688
3,4,3,14,9.247297062180795
3,4,4,14,9.124818269467871
3,4,5,14,9.089824725404457
3,4,6,14,9.2594139393995
3,4,7,14,9.00643810509461
3,4,8,14,9.040259956822991
3,4,9,14,9.093174602078545
3,4,10,14,9.122434762498555
3,4,11,14,9.226436603539655
3,4,12,14,9.159319269162356
3,4,13,14,9.234741773143238
3,4,14,14,9.197556755629243
3,4,0,15,9.02956456605863
3,4,1,15,9.28496282343118
3,4,2,15,9.150914571399097
3,4,3,15,9.24187727622606
3,4,4,15,9.086165916474375
3,4,5,15,9.217440932124479
3,4,6,15,9.272515619017438
3,4,7,15,9.212079250390278
3,4,8,15,9.03791784027334
3,4,9,15,9.075701310027645
3,4,10,15,9.112281671828923
3,4,11,15,9.12450195300614
3,4,12,15,9.11463519763381
3,4,13,15,9.244401474086608
3,4,14,15,9.269060784685673
3,4,0,16,8.923971734942654
3,4,1,16,9.333904995455846
3,4,2,16,9.1422746536001
3,4,3,16,9.004482025248796
3,4,4,16,9.145709151273433
3,4,5,16,9.238872144834147
3,4,6,16,9.144067923502229
3,4,7,16,9.199207743039079
3,4,8,16,9.149213533447394
3,4,9,16,9.052364443454977
3,4,10,16,9.223745650348086
3,4,11,16,9.10724620253126
3,4,12,16,9.119111754828857
3,4,13,16,9.175605665461813
3,4,14,16,9.222567194704451
3,4,0,17,8.962270396774265
3,4,1,17,9.174442000125925
3,4,2,17,8.93982591185212
3,4,3,17,9.257470808751451
3,4,4,17,9.105600564840882
3,4,5,17,9.060246941898564
3,4,6,17,9.274562773051962
3,4,7,17,9.150344747038744
3,4,8,17,9.156722312281481
3,4,9,17,9.082381610735466
3,4,10,17,9.178627295303116
3,4,11,17,9.148608408331103
3,4,12,17,9.10687825823879
3,4,13,17,9.135315772019009
3,4,14,17,9.144782299451354
3,4,0,18,9.04300826019625
3,4,1,18,9.065041266569668
3,4,2,18,9.120910911178534
3,4,3,18,9.199315960123597
3,4,4,18,9.050091841708554
3,4,5,18,9.137499054815189
3,4,6,18,9.183850930613078
3,4,7,18,9.197553567044112
3,4,8,18,9.13226467122861
3,4,9,18,9.070073001904401
3,4,10,18,9.325281906102363
3,4,11,18,9.221386929667771
3,4,12,18,9.197643110561648
3,4,13,18,9.187756318169571
3,4,14,18,9.056987177564922
3,4,0,19,9.206197034757608
3,4,1,19,9.171537027322358
3,4,2,19,9.126048631620199
3,4,3,19,9.217151812531506
3,4,4,19,9.024607029331769
3,4,5,19,9.09719892027123
3,4,6,19,9.191068821838407
3,4,7,19,9.223688360758324
3,4,8,19,9.061917896504427
3,4,9,19,9.213519929483114
3,4,10,19,9.17939057689511
3,4,11,19,9.302135106066913
3,4,12,19,9.312700425579052
3,4,13,19,9.100573288268379
3,4,14,19,9.19297463279954
3,4,0,20,9.214695472379134
3,4,1,20,9.198933429330134
3,4,2,20,9.125683538670303
3,4,3,20,9.083681533449166
3,4,4,20,9.075843595344956
3,4,5,20,9.17076741987383
3,4,6,20,9.118431712108801
3,4,7,20,9.230869691395636
3,4,8,20,9.072074199948537
3,4,9,20,9.14337322168124
3,4,10,20,9.266967386636278
3,4,11,20,9.268800087994226
3,4,12,20,9.281780965176553
3,4,13,20,9.14170715462333
3,4,14,20,9.180783525393075
3,4,0,21,9.263521475538944
3,4,1,21,9.16458546105619
3,4,2,21,9.067073855853264
3,4,3,21,8.906358932351765
3,4,4,21,9.137988734897252
3,4,5,21,9.120889718371851
3,4,6,21,8.957196385139172
3,4,7,21,9.015059013842663
3,4,8,21,8.923108048266629
3,4,9,21,9.145540900999404
3,4,10,21,9.01826726866469
3,4,11,21,9.16915102145447
3,4,12,21,9.1105705186759
3,4,13,21,9.114913921619744
3,4,14,21,9.179024312643545
3,4,0,22,9.085324129617764
3,4,1,22,9.188224897765727
3,4,2,22,9.099043310715786
3,4,3,22,8.632753744550685
3,4,4,22,8.978258213073936
3,4,5,22,8.887986759428772
3,4,6,22,8.544179010254917
3,4,7,22,8.972540449345091
3,4,8,22,8.382793832308257
3,4,9,22,8.873733218966263
3,4,10,22,8.303423245505389
3,4,11,22,8.976230842406084
3,4,12,22,8.870593631027504
3,4,13,22,9.127620856857606
3,4,14,22,9.106459616378435
3,5,0,0,9.372902470576726
3,5,1,0,9.280653932051266
3,5,2,0,9.191984636415112
3,5,3,0,9.223979995417837
3,5,4,0,9.219827071705218
3,5,5,0,9.007481614205442
3,5,6,0,9.251804924798178
3,5,7,0,9.04221000853424
3,5,8,0,9.156609539521579
3,5,9,0,9.131813355250367
3,5,10,0,9.135931545205883
3,5,11,0,9.024613061955106
3,5,12,0,9.276996838661317
3,5,13,0,9.248749150190136
3,5,14,0,9.164213749168269
3,5,0,1,9.172656242647623
3,5,1,1,9.282374699330578
3,5,2,1,9.155684472937544
3,5,3,1,9.244100684978212
3,5,4,1,9.223805294736698
3,5,5,1,9.1072503624021
3,5,6,1,9.17099764767605
3,5,7,1,9.188813326964768
3,5,8,1,9.207671291002558
3,5,9,1,9.20605557847254
3,5,10,1,9.104107384760649
3,5,11,1,9.153051304984748
3,5,12,1,9.256584585188165
3,5,13,1,9.243210793307638
3,5,14,1,9.102919282503047
3,5,0,2,9.159158051377272
3,5,1,2,9.278664669041573
3,5,2,2,9.1334600320296
3,5,3,2,9.072757147014428
3,5,4,2,9.14223344406877
3,5,5,2,9.10324470643735
3,5,6,2,9.103842151934588
3,5,7,2,9.33607183661783
3,5,8,2,9.015798679773274
3,5,9,2,9.149834147609923
3,5,10,2,9.19039824353504
3,5,11,2,9.26551482206396
3,5,12,2,9.354025563478462
3,5,13,2,9.175388785501683
3,5,14,2,9.315431426331505
3,5,0,3,9.231081386719335
3,5,1,3,9.227744584112429
3,5,2,3,9.207900501832524
3,5,3,3,9.022090719487668
3,5,4,3,9.129579088191006
3,5,5,3,9.00546510100654
3,5,6,3,9.316134760361395
3,5,7,3,9.301584699800904
3,5,8,3,9.212737174761806
3,5,9,3,9.084392499142234
3,5,10,3,9.266460888472691
3,5,11,3,9.24164988544347
3,5,12,3,9.148556118247738
3,5,13,3,9.181519091045699
3,5,14,3,9.274648715690494
3,5,0,4,9.15723470751562
3,5,1,4,9.218385590294478
3,5,2,4,9.305112815124392
3,5,3,4,9.234608051480402
3,5,4,4,9.1521600317104
3,5,5,4,8.915225669672408
3,5,6,4,9.247355573566947
3,5,7,4,9.241867258544593
3,5,8,4,9.236910065456293
3,5,9,4,9.178748919798448
3,5,10,4,9.280589843656502
3,5,11,4,9.216343586988033
3,5,12,4,9.334303964786708
3,5,13,4,9.106149347000633
3,5,14,4,9.148730520888696
3,5,0,5,9.171633750469868
3,5,1,5,9.284115360756694
3,5,2,5,9.294421842451014
3,5,3,5,9.332142405897082
3,5,4,5,9.190934012741419
3,5,5,5,9.21397682611581
3,5,6,5,8.973979972651312
3,5,7,5,9.272550703711532
3,5,8,5,9.073835719030589
3,5,9,5,9.108303265660433
3,5,10,5,9.288283636754516
3,5,11,5,9.073274867884217
3,5,12,5,9.25874829993389
3,5,13,5,9.142431945798679
3,5,14,5,9.0023742605891
3,5,0,6,9.226120443005636
3,5,1,6,9.122590347123444
3,5,2,6,9.400100610584861
3,5,3,6,9.449660504556103
3,5,4,6,9.31910663296157
3,5,5,6,9.325549676655532
3,5,6,6,9.055280480388575
3,5,7,6,9.287160547675008
3,5,8,6,9.170423033027369
3,5,9,6,9.273428806126349
3,5,10,6,9.30569497871103
3,5,11,6,9.084730900874751
3,5,12,6,9.206332248448705
3,5,13,6,9.111437496558178
3,5,14,6,9.2904437449328
3,5,0,7,9.302174164188818
3,5,1,7,9.036945057664283
3,5,2,7,9.354275839481057
3,5,3,7,9.401576115871043
3,5,4,7,9.159664863399005
3,5,5,7,9.324615123811359
3,5,6,7,9.062370232958049
3,5,7,7,9.349635272704779
3,5,8,7,9.058217080551461
3,5,9,7,9.167846872640183
3,5,10,7,9.29347564447746
3,5,11,7,9.005373863542134
3,5,12,7,9.13109424898999
3,5,13,7,9.244719718507632
3,5,14,7,9.239063131225272
3,5,0,8,9.274834134274895
3,5,1,8,9.210865500866053
3,5,2,8,9.336671153376274
3,5,3,8,9.200588616157365
3,5,4,8,9.093482185907193
3,5,5,8,9.312837983523272
3,5,6,8,9.141383460587377
3,5,7,8,9.088819561166993
3,5,8,8,8.975977345160715
3,5,9,8,9.122564844166748
3,5,10,8,9.186813537426504
3,5,11,8,9.026046393133923
3,5,12,8,9.110095878112576
3,5,13,8,9.203622585781098
3,5,14,8,9.165487029284966
3,5,0,9,9.362386864468286
3,5,1,9,9.153662053582096
3,5,2,9,9.21949389184417
3,5,3,9,9.183272060769196
3,5,4,9,9.036276166489863
3,5,5,9,9.234651687227142
3,5,6,9,9.081320821117698
3,5,7,9,9.041847705475442
3,5,8,9,9.210733460769779
3,5,9,9,8.980602712102257
3,5,10,9,9.079625361661506
3,5,11,9,9.196476426397183
3,5,12,9,9.1011764254524
3,5,13,9,9.243064496343823
3,5,14,9,9.035928550860989
3,5,0,10,9.238677231968612
3,5,1,10,9.089153574801802
3,5,2,10,9.148183785851117
3,5,3,10,9.318254996062791
3,5,4,10,9.25197344199185
3,5,5,10,9.279684012481178
3,5,6,10,9.090994322970557
3,5,7,10,9.167266714590022
3,5,8,10,9.15172071989884
3,5,9,10,9.042952887948308
3,5,10,10,9.069471964516055
3,5,11,10,9.194518586663708
3,5,12,10,9.048608876602446
3,5,13,10,9.17058026205982
3,5,14,10,9.13231664224959
3,5,0,11,9.26363538198658
3,5,1,11,9.251955545181517
3,5,2,11,9.016387410378671
3,5,3,11,9.301332931512432
3,5,4,11,9.316166879227477
3,5,5,11,9.15872475873909
3,5,6,11,9.122235596413757
3,5,7,11,9.093504015222022
3,5,8,11,9.151078359510931
3,5,9,11,8.94489691876676
3,5,10,11,9.130378104590633
3,5,11,11,9.07741354432755
3,5,12,11,9.026416500084405
3,5,13,11,9.099308744462903
3,5,14,11,9.104268418065386
3,5,0,12,9.17332886292881
3,5,1,12,9.208072131158369
3,5,2,12,9.191099044563698
3,5,3,12,9.210953267787225
3,5,4,12,9.297366569733592
3,5,5,12,9.191321056687324
3,5,6,12,9.131870434837769
3,5,7,12,9.076222755110686
3,5,8,12,9.170402754640646
3,5,9,12,8.924098305961412
3,5,10,12,9.347787400726432
3,5,11,12,9.239653395930423
3,5,12,12,9.050439910173678
3,5,13,12,9.170729591826449
3,5,14,12,9.412579275088786
3,5,0,13,9.007142831095424
3,5,1,13,9.320089270329282
3,5,2,13,9.159256293595371
3,5,3,13,9.250000247277647
3,5,4,13,9.263334711601109
3,5,5,13,9.199609623700827
3,5,6,13,9.174565920586227
3,5,7,13,9.037648020619878
3,5,8,13,9.075200819383738
3,5,9,13,9.103935957729353
3,5,10,13,9.351186989277679
3,5,11,13,9.228615295184289
3,5,12,13,9.013568719629397
3,5,13,13,9.097160082044928
3,5,14,13,9.22674250816085
3,5,0,14,9.119282723613633
3,5,1,14,9.181752528569733
3,5,2,14,9.225113358109795
3,5,3,14,9.235730549313582
3,5,4,14,9.067147037847588
3,5,5,14,9.140422093654363
3,5,6,14,9.207793503669993
3,5,7,14,9.290003135375242
3,5,8,14,9.227402012153703
3,5,9,14,9.14036025961631
3,5,10,14,9.217942104265854
3,5,11,14,9.170205037754814
3,5,12,14,9.10156534222856
3,5,13,14,9.302317388515785
3,5,14,14,9.10314820603198
3,5,0,15,9.051116280114478
3,5,1,15,9.138538868065575
3,5,2,15,9.112205742238585
3,5,3,15,9.174736319266998
3,5,4,15,9.174317950759038
3,5,5,15,9.103112752115388
3,5,6,15,9.217694011018379
3,5,7,15,9.23723465274786
3,5,8,15,9.317969954358398
3,5,9,15,9.240536125249402
3,5,10,15,9.271268629772893
3,5,11,15,9.117173344770217
3,5,12,15,9.183053729145097
3,5,13,15,9.118226387597263
3,5,14,15,9.230660005553421
3,5,0,16,9.219124205318652
3,5,1,16,9.215794688721074
3,5,2,16,9.383012247903165
3,5,3,16,9.373364336628589
3,5,4,16,9.342333552344751
3,5,5,16,9.226504724752475
3,5,6,16,9.176785267824844
3,5,7,16,9.266434283761143
3,5,8,16,9.174689205021728
3,5,9,16,9.177955419889607
3,5,10,16,9.207134330451128
3,5,11,16,9.251887631569831
3,5,12,16,9.0222763724676
3,5,13,16,9.331611557337286
3,5,14,16,9.115157395306706
3,5,0,17,9.322147046122065
3,5,1,17,9.173671537760647
3,5,2,17,9.260493704782075
3,5,3,17,9.42237635717308
3,5,4,17,9.258385670176038
3,5,5,17,9.158707411002721
3,5,6,17,9.12277347621798
3,5,7,17,9.179058077738842
3,5,8,17,9.167455730306406
3,5,9,17,9.136627398840416
3,5,10,17,9.298338724860496
3,5,11,17,9.23990269607844
3,5,12,17,8.960526499606576
3,5,13,17,9.100193450188629
3,5,14,17,9.17898254992976
3,5,0,18,9.371736074360884
3,5,1,18,9.093510871304643
3,5,2,18,9.258872400751093
3,5,3,18,9.31141944387031
3,5,4,18,9.204002929738772
3,5,5,18,9.120227656221296
3,5,6,18,9.141639786941825
3,5,7,18,9.21800854448042
3,5,8,18,9.114067089774771
3,5,9,18,9.171272561214144
3,5,10,18,9.10063976181239
3,5,11,18,9.3204160760045
3,5,12,18,9.052891357964814
3,5,13,18,9.10074017845163
3,5,14,18,9.334233243695321
3,5,0,19,9.386929216484466
3,5,1,19,9.226457049490895
3,5,2,19,9.089903109801094
3,5,3,19,9.275064253871072
3,5,4,19,9.142472648868868
3,5,5,19,9.265751777575858
3,5,6,19,9.250142161234296
3,5,7,19,9.194704414824955
3,5,8,19,9.023360144133564
3,5,9,19,9.068034082873696
3,5,10,19,9.211024926604802
3,5,11,19,9.2824206164239
3,5,12,19,9.02873959829342
3,5,13,19,9.21881792577087
3,5,14,19,9.319899847544153
3,5,0,20,9.288674054086613
3,5,1,20,9.240212518686118
3,5,2,20,8.821853839068432
3,5,3,20,9.194975677969792
3,5,4,20,9.227574561260248
3,5,5,20,9.203734574204862
3,5,6,20,9.2327447214882
3,5,7,20,9.188111813721143
3,5,8,20,9.132033339753281
3,5,9,20,9.123074920002978
3,5,10,20,9.220268889053795
3,5,11,20,9.30550828801478
3,5,12,20,9.14992641416754
3,5,13,20,9.066414685999623
3,5,14,20,9.340499093007296
3,5,0,21,9.307462115986473
3,5,1,21,9.053911503738773
3,5,2,21,7.824026883574428
3,5,3,21,9.111271171442763
3,5,4,21,9.139506121069822
3,5,5,21,9.219939534700687
3,5,6,21,9.206574685426249
3,5,7,21,9.175988778290467
3,5,8,21,9.103747635782318
3,5,9,21,9.2363046589096
3,5,10,21,9.19726854843054
3,5,11,21,9.335891966390163
3,5,12,21,9.090304770081474
3,5,13,21,8.522056095979123
3,5,14,21,9.280143128401672
3,5,0,22,9.2269522666278
3,5,1,22,9.149820967349763
3,5,2,22,5.4793369182179354
3,5,3,22,8.830273396337818
3,5,4,22,9.068828529433148
3,5,5,22,9.23316526638811
3,5,6,22,9.02772560631107
3,5,7,22,8.866553507595405
3,5,8,22,9.177710353573636
3,5,9,22,9.069647557785165
3,5,10,22,9.018797289547868
3,5,11,22,9.205275351040973
3,5,12,22,8.93508701143533
3,5,13,22,7.093597860632063
3,5,14,22,9.08163366008919
3,6,0,0,9.170459115704197
3,6,1,0,9.129338594771735
3,6,2,0,9.155164478224679
3,6,3,0,9.207491410252336
3,6,4,0,9.062217344535153
3,6,5,0,9.112132699093682
3,6,6,0,9.249485777603974
3,6,7,0,9.198874580664633
3,6,8,0,9.29259887511427
3,6,9,0,9.233036533963922
3,6,10,0,9.25900400195422
3,6,11,0,9.133768354760246
3,6,12,0,9.088545525884568
3,6,13,0,9.205455038453174
3,6,14,0,9.052571052711647
3,6,0,1,9.00398894704445
3,6,1,1,9.158166370612571
3,6,2,1,9.040163836878262
3,6,3,1,9.263476887831544
3,6,4,1,9.174181308949178
3,6,5,1,9.140475286693732
3,6,6,1,9.198020716669406
3,6,7,1,9.140674055570292
3,6,8,1,9.16046045472174
3,6,9,1,9.166188023201451
3,6,10,1,9.259302952174902
3,6,11,1,9.189537294697324
3,6,12,1,9.080654705193627
3,6,13,1,9.217795379697904
3,6,14,1,9.067760444645614
3,6,0,2,9.245565145173565
3,6,1,2,9.154477914055791
3,6,2,2,9.103671973641323
3,6,3,2,9.152980336748136
3,6,4,2,9.232973602390226
3,6,5,2,8.993434911336692
3,6,6,2,9.085410265010308
3,6,7,2,9.225279582950776
3,6,8,2,9.18452001868609
3,6,9,2,9.171800836533821
3,6,10,2,9.252284876495926
3,6,11,2,9.030592791948475
3,6,12,2,9.205468839885057
3,6,13,2,9.13028050696025
3,6,14,2,9.291053192535053
3,6,0,3,9.164137006220717
3,6,1,3,9.185264480892627
3,6,2,3,8.99226301340187
3,6,3,3,9.110927679230704
3,6,4,3,9.125906389357365
3,6,5,3,9.173452927167526
3,6,6,3,9.09913069104647
3,6,7,3,9.25534624563499
3,6,8,3,9.16498635802263
3,6,9,3,9.116599333945747
3,6,10,3,9.323275566981536
3,6,11,3,9.020528953959372
3,6,12,3,9.269270653069137
3,6,13,3,9.163138124082675
3,6,14,3,9.283417622210585
3,6,0,4,9.2120647669393
3,6,1,4,9.128341925290576
3,6,2,4,9.295379740748508
3,6,3,4,8.973226263741035
3,6,4,4,9.232927056621723
3,6,5,4,9.142948144514998
3,6,6,4,9.148502056232845
3,6,7,4,9.273139144294696
3,6,8,4,9.094341762343417
3,6,9,4,9.15281697656707
3,6,10,4,9.44328339306537
3,6,11,4,9.079175566409852
3,6,12,4,9.193881022550748
3,6,13,4,9.302524243604843
3,6,14,4,9.151977202035889
3,6,0,5,9.091232292162712
3,6,1,5,9.116551503494367
3,6,2,5,9.17243123166988
3,6,3,5,9.123420484384006
3,6,4,5,9.057141150475207
3,6,5,5,9.23913492898302
3,6,6,5,9.08898678131521
3,6,7,5,9.312777824827492
3,6,8,5,9.131458205143607
3,6,9,5,9.156011764823086
3,6,10,5,9.334660180539258
3,6,11,5,9.102225497984033
3,6,12,5,9.300916757575065
3,6,13,5,9.15487661590504
3,6,14,5,9.235195208642653
3,6,0,6,9.099877604251532
3,6,1,6,9.188571102097843
3,6,2,6,9.041970482921979
3,6,3,6,9.143723494290604
3,6,4,6,9.229546465915607
3,6,5,6,9.131755964309683
3,6,6,6,9.191713941182067
3,6,7,6,9.102455021356544
3,6,8,6,9.228169916241715
3,6,9,6,9.177973006934945
3,6,10,6,9.14598446035204
3,6,11,6,9.1657780227997
3,6,12,6,9.127218145141251
3,6,13,6,9.090392675910099
3,6,14,6,9.138183923492738
3,6,0,7,9.283521828908968
3,6,1,7,9.221936807766676
3,6,2,7,9.120076660746399
3,6,3,7,9.144508915339143
3,6,4,7,9.212181186271293
3,6,5,7,9.239718633874698
3,6,6,7,9.177996812559629
3,6,7,7,9.209647113116972
3,6,8,7,9.282641272868714
3,6,9,7,9.126477347066794
3,6,10,7,9.227796155839675
3,6,11,7,9.242552254535655
3,6,12,7,9.217668058514988
3,6,13,7,9.250770217933589
3,6,14,7,9.302762565252317
3,6,0,8,9.191081858069309
3,6,1,8,9.146045686814837
3,6,2,8,8.999766344573843
3,6,3,8,9.071226810668781
3,6,4,8,9.254528597286642
3,6,5,8,9.036468437219275
3,6,6,8,9.012758050818512
3,6,7,8,9.095304125357634
3,6,8,8,9.256826806853024
3,6,9,8,9.20311074950461
3,6,10,8,9.193068917520078
3,6,11,8,9.209032742932301
3,6,12,8,9.108223157561342
3,6,13,8,9.179548849131027
3,6,14,8,9.208413883997066
3,6,0,9,9.176764891888306
3,6,1,9,9.109942444028645
3,6,2,9,9.070207635061974
3,6,3,9,9.262043811512797
3,6,4,9,9.265652281868737
3,6,5,9,9.216345095315276
3,6,6,9,9.196347696666798
3,6,7,9,9.14316916433774
3,6,8,9,9.319805132145126
3,6,9,9,9.120451777662085
3,6,10,9,9.2274967809057
3,6,11,9,9.193360878538142
3,6,12,9,9.306297745759318
3,6,13,9,9.235768749142338
3,6,14,9,9.110636604303005
3,6,0,10,9.117573278433321
3,6,1,10,9.062816431135326
3,6,2,10,9.081032948249103
3,6,3,10,9.196138521968395
3,6,4,10,9.172114312946505
3,6,5,10,9.167924981161956
3,6,6,10,9.231361019239753
3,6,7,10,9.19917315896119
3,6,8,10,9.104873937217468
3,6,9,10,9.207087090856893
3,6,10,10,9.314179907866706
3,6,11,10,9.245709287807358
3,6,12,10,9.118251858540253
3,6,13,10,9.3124962893151
3,6,14,10,9.28603922055652
3,6,0,11,9.160536191132618
3,6,1,11,9.20744067292624
3,6,2,11,9.124179353382837
3,6,3,11,9.049316411101264
3,6,4,11,9.235149068016428
3,6,5,11,9.193712854629617
3,6,6,11,9.062646323769751
3,6,7,11,9.187970329697192
3,6,8,11,9.125157758027495
3,6,9,11,9.093655007308081
3,6,10,11,9.241493429443409
3,6,11,11,9.263029059474968
3,6,12,11,9.163124027395181
3,6,13,11,9.253741498586434
3,6,14,11,9.298515000811951
3,6,0,12,9.233563465858406
3,6,1,12,9.123209621369968
3,6,2,12,9.084766211968637
3,6,3,12,9.103655474291537
3,6,4,12,9.275634165114878
3,6,5,12,9.1698306146676
3,6,6,12,9.083194321359025
3,6,7,12,9.288899798719465
3,6,8,12,9.251501584963771
3,6,9,12,9.067370220402436
3,6,10,12,9.281652327328782
3,6,11,12,9.273824084544865
3,6,12,12,8.999903879697662
3,6,13,12,9.214146055840718
3,6,14,12,9.058849859527323
3,6,0,13,9.32727526989292
3,6,1,13,9.113376391854695
3,6,2,13,9.161669688320329
3,6,3,13,9.093174608023348
3,6,4,13,9.277410666894536
3,6,5,13,9.254003039956483
3,6,6,13,9.051384520587725
3,6,7,13,9.191167043179968
3,6,8,13,9.155251219161022
3,6,9,13,9.20792670725183
3,6,10,13,9.24410932939891
3,6,11,13,9.089482511508042
3,6,12,13,9.06895641715654
3,6,13,13,9.241686595003744
3,6,14,13,9.016994104896938
3,6,0,14,9.213683693568395
3,6,1,14,9.159318413727947
3,6,2,14,9.20809276124988
3,6,3,14,8.878541065061741
3,6,4,14,9.276456750520705
3,6,5,14,9.150183458208451
3,6,6,14,9.14298150278375
3,6,7,14,9.27401872853334
3,6,8,14,9.338229429830404
3,6,9,14,9.075740169711557
3,6,10,14,9.275336116261206
3,6,11,14,9.004200715090224
3,6,12,14,9.145754138711544
3,6,13,14,9.061684628098856
3,6,14,14,9.221848801010266
3,6,0,15,9.139593846177318
3,6,1,15,9.170785467230958
3,6,2,15,9.180913610199656
3,6,3,15,9.03463774808818
3,6,4,15,9.34793149821812
3,6,5,15,9.29111578976255
3,6,6,15,9.012372974316738
3,6,7,15,9.185589035769416
3,6,8,15,9.170388499984416
3,6,9,15,9.064901932227473
3,6,10,15,9.31946171246079
3,6,11,15,9.157218523136688
3,6,12,15,9.082254815958969
3,6,13,15,9.101834915678934
3,6,14,15,9.29136382960108
3,6,0,16,9.171945513528055
3,6,1,16,9.132413963555889
3,6,2,16,9.065399672983837
3,6,3,16,9.087975997043685
3,6,4,16,9.158893027875664
3,6,5,16,9.208262376071414
3,6,6,16,9.07470194331619
3,6,7,16,9.051255513110128
3,6,8,16,9.279652994761438
3,6,9,16,9.279307611149566
3,6,10,16,9.159748242057718
3,6,11,16,9.033847276690548
3,6,12,16,9.098597235025757
3,6,13,16,9.226153071246308
3,6,14,16,9.198234837622756
3,6,0,17,8.952573434829322
3,6,1,17,9.260729680498862
3,6,2,17,9.114163192060868
3,6,3,17,9.142924899994558
3,6,4,17,9.226059543229868
3,6,5,17,9.126381249454992
3,6,6,17,9.193423776040708
3,6,7,17,9.09107662480905
3,6,8,17,9.053809392766265
3,6,9,17,9.29457814430721
3,6,10,17,9.045963008033306
3,6,11,17,9.13597382560176
3,6,12,17,9.192337319196783
3,6,13,17,9.180532720120436
3,6,14,17,9.197827508857012
3,6,0,18,9.04204975387364
3,6,1,18,9.236209121059607
3,6,2,18,9.043510820241123
3,6,3,18,9.155493962424519
3,6,4,18,9.203127875843577
3,6,5,18,9.135964969036971
3,6,6,18,9.174227785046408
3,6,7,18,9.215815584069526
3,6,8,18,9.148552543397543
3,6,9,18,9.224703413692911
3,6,10,18,9.165841733533831
3,6,11,18,9.115205410221847
3,6,12,18,9.04872529079732
3,6,13,18,9.197233152002282
3,6,14,18,9.141072898510156
3,6,0,19,9.297297369452712
3,6,1,19,9.05018790710193
3,6,2,19,9.214567268698339
3,6,3,19,9.214096117997157
3,6,4,19,9.315861716255895
3,6,5,19,9.211143741874634
3,6,6,19,9.17831381303568
3,6,7,19,9.21520503303847
3,6,8,19,9.152972796756897
3,6,9,19,9.299416313655582
3,6,10,19,9.27793244309609
3,6,11,19,9.087784452837848
3,6,12,19,9.156144790878827
3,6,13,19,9.145434071459807
3,6,14,19,9.20996221683965
3,6,0,20,9.116095338267987
3,6,1,20,9.221323905410237
3,6,2,20,9.281793451647355
3,6,3,20,9.19588699856766
3,6,4,20,9.387829642278515
3,6,5,20,9.178052476199376
3,6,6,20,9.238913066877085
3,6,7,20,9.121167923028242
3,6,8,20,8.976902742934362
3,6,9,20,9.202379520163207
3,6,10,20,9.078283718573928
3,6,11,20,8.925371899154039
3,6,12,20,9.220583435260789
3,6,13,20,9.328473288343275
3,6,14,20,9.34390407621048
3,6,0,21,9.16531431620517
3,6,1,21,8.963830481049037
3,6,2,21,9.1623829342725
3,6,3,21,9.316556969514535
3,6,4,21,9.347991989569337
3,6,5,21,9.149936519560674
3,6,6,21,9.071226029498314
3,6,7,21,9.028551910764033
3,6,8,21,9.127820624969912
3,6,9,21,9.233042421968
3,6,10,21,9.165032928419185
3,6,11,21,9.018472592386873
3,6,12,21,9.23939254987009
3,6,13,21,9.124226133430474
3,6,14,21,9.305619121991414
3,6,0,22,8.976134545436613
3,6,1,22,8.52667440203168
3,6,2,22,9.088671064916802
3,6,3,22,9.019140320737044
3,6,4,22,9.14986095103676
3,6,5,22,8.917693733627107
3,6,6,22,9.035123037431694
3,6,7,22,8.796170181799685
3,6,8,22,9.166772091475286
3,6,9,22,9.137171777840368
3,6,10,22,8.921597744143298
3,6,11,22,8.988886651627336
3,6,12,22,9.082415422244178
3,6,13,22,8.98071216610594
3,6,14,22,9.014841160571594
3,7,0,0,9.141694904772681
3,7,1,0,9.207089034523099
3,7,2,0,9.214376568187905
3,7,3,0,9.131744602076177
3,7,4,0,9.234314688114589
3,7,5,0,9.085139031704866
3,7,6,0,8.991120833833733
3,7,7,0,8.994670749923065
3,7,8,0,9.088671450834571
3,7,9,0,9.011997175961332
3,7,10,0,9.134880167816267
3,7,11,0,9.355157533577833
3,7,12,0,9.202272560334709
3,7,13,0,9.083965948298296
3,7,14,0,9.159940044947609
3,7,0,1,9.140723932509779
3,7,1,1,9.31511188870568
3,7,2,1,9.175313139362043
3,7,3,1,9.178025608954723
3,7,4,1,9.222109096610502
3,7,5,1,9.076881201197507
3,7,6,1,9.197117000132131
3,7,7,1,9.068365933156638
3,7,8,1,9.020148019004731
3,7,9,1,9.233606590518733
3,7,10,1,9.22425108819299
3,7,11,1,9.254091028801527
3,7,12,1,9.28769114898006
3,7,13,1,9.228393356252349
3,7,14,1,9.25785179532373
3,7,0,2,9.244868601468463
3,7,1,2,9.02633547521991
3,7,2,2,9.167811867926789
3,7,3,2,9.05243011534886
3,7,4,2,9.062994216092305
3,7,5,2,9.127458854273657
3,7,6,2,9.287393277830915
3,7,7,2,9.132876765273782
3,7,8,2,9.139684021446188
3,7,9,2,9.023188796555946
3,7,10,2,9.384857076584487
3,7,11,2,9.312928256178148
3,7,12,2,9.350267303642786
3,7,13,2,9.121685201667079
3,7,14,2,9.199776548967355
3,7,0,3,9.390333722609764
3,7,1,3,9.162433213653213
3,7,2,3,9.102969465187561
3,7,3,3,8.99748585588637
3,7,4,3,9.063788805656232
3,7,5,3,9.139950337356375
3,7,6,3,9.336915957104122
3,7,7,3,9.155929442518413
3,7,8,3,9.120036047600566
3,7,9,3,9.146818368548784
3,7,10,3,9.361971716331764
3,7,11,3,9.226211225573879
3,7,12,3,9.268317690984828
3,7,13,3,9.163253809745363
3,7,14,3,9.30016851026118
3,7,0,4,9.494108182888278
3,7,1,4,8.986241161058029
3,7,2,4,9.149241194373957
3,7,3,4,9.06496713260523
3,7,4,4,9.064575595951874
3,7,5,4,9.148975621820101
3,7,6,4,9.22588191323691
3,7,7,4,9.018781735426382
3,7,8,4,9.066695522088052
3,7,9,4,9.124217762029966
3,7,10,4,9.242320298822689
3,7,11,4,9.121334796133038
3,7,12,4,9.08955847688315
3,7,13,4,9.005094715992612
3,7,14,4,9.232858376168288
3,7,0,5,9.275541542185215
3,7,1,5,9.07669701527608
3,7,2,5,9.213375316232225
3,7,3,5,9.208249733944992
3,7,4,5,9.116092606627065
3,7,5,5,9.054904022368644
3,7,6,5,9.202276688754631
3,7,7,5,9.098057518389119
3,7,8,5,8.988017067078987
3,7,9,5,9.152306812164417
3,7,10,5,9.116439790377028
3,7,11,5,9.10354329186046
3,7,12,5,9.239863441592979
3,7,13,5,9.233199402417272
3,7,14,5,9.150587668759334
3,7,0,6,9.210103588668074
3,7,1,6,9.19535669269376
3,7,2,6,9.02119989359875
3,7,3,6,9.220976462525542
3,7,4,6,9.155730858150294
3,7,5,6,9.280259456344018
3,7,6,6,9.0818438814564
3,7,7,6,9.121794482555597
3,7,8,6,9.05495366463154
3,7,9,6,9.096957576554397
3,7,10,6,9.106038508632931
3,7,11,6,9.082012767110202
3,7,12,6,9.142405978114985
3,7,13,6,8.989866765745035
3,7,14,6,8.98386849828528
3,7,0,7,9.016310739330912
3,7,1,7,9.094602826831995
3,7,2,7,9.157142112510218
3,7,3,7,9.132129694105002
3,7,4,7,9.192755918810159
3,7,5,7,9.326250590375524
3,7,6,7,8.865329517280056
3,7,7,7,9.161657229525595
3,7,8,7,8.956518051987574
3,7,9,7,9.153565529843055
3,7,10,7,9.231033708547706
3,7,11,7,9.014678556391258
3,7,12,7,9.19662412311088
3,7,13,7,9.055957151031219
3,7,14,7,8.94865840368963
3,7,0,8,9.253512284884795
3,7,1,8,9.23437498391916
3,7,2,8,9.219162585066316
3,7,3,8,9.06175456165198
3,7,4,8,9.153365220814292
3,7,5,8,9.34192817381652
3,7,6,8,8.96339216603437
3,7,7,8,9.38342138628257
3,7,8,8,8.893410134076696
3,7,9,8,9.197655873798215
3,7,10,8,9.029276276902545
3,7,11,8,9.162079929006017
3,7,12,8,8.991271871027843
3,7,13,8,9.134637259954943
3,7,14,8,9.1784527400891
3,7,0,9,9.175926378384936
3,7,1,9,9.252595952730315
3,7,2,9,9.134254485553797
3,7,3,9,9.071412826147531
3,7,4,9,9.123889497204178
3,7,5,9,9.20994901356648
3,7,6,9,9.14776538138405
3,7,7,9,9.242645143950112
3,7,8,9,9.085521726906368
3,7,9,9,9.267199043657607
3,7,10,9,9.204965076047989
3,7,11,9,9.175084905760453
3,7,12,9,9.32451680157697
3,7,13,9,9.226026664420992
3,7,14,9,9.06468800325231
3,7,0,10,9.161136748121983
3,7,1,10,9.323590658872373
3,7,2,10,9.195907016576568
3,7,3,10,9.184239419554425
3,7,4,10,9.24954336995214
3,7,5,10,9.295994157054041
3,7,6,10,9.190032506526524
3,7,7,10,9.285363710365464
3,7,8,10,9.230275980065421
3,7,9,10,9.218867442077672
3,7,10,10,9.244766647853087
3,7,11,10,9.082149625528114
3,7,12,10,9.196735311316356
3,7,13,10,9.123584007674422
3,7,14,10,9.257185208367652
3,7,0,11,9.084902636190183
3,7,1,11,9.288843460359347
3,7,2,11,9.188475710510929
3,7,3,11,9.1743234048524
3,7,4,11,9.18054182757322
3,7,5,11,9.235241918278279
3,7,6,11,9.157578234171961
3,7,7,11,9.052693200142148
3,7,8,11,9.266573688021818
3,7,9,11,9.099577910440775
3,7,10,11,9.28720871036506
3,7,11,11,9.139854199589246
3,7,12,11,9.219247896389492
3,7,13,11,9.218511025381675
3,7,14,11,9.26799269470441
3,7,0,12,9.35113305534225
3,7,1,12,9.186462606206293
3,7,2,12,9.046216679802312
3,7,3,12,9.153738933918769
3,7,4,12,8.995743024788451
3,7,5,12,9.095671299289327
3,7,6,12,9.203504328614681
3,7,7,12,8.898058121360792
3,7,8,12,9.238928382155898
3,7,9,12,9.149963666036998
3,7,10,12,9.178852547425354
3,7,11,12,9.159582297850427
3,7,12,12,9.20830927551337
3,7,13,12,9.243426234009217
3,7,14,12,9.310173380547553
3,7,0,13,9.166783017609902
3,7,1,13,9.16869000694008
3,7,2,13,9.235068432509957
3,7,3,13,9.055436358145505
3,7,4,13,9.06663929385153
3,7,5,13,9.146152513870424
3,7,6,13,9.12053535909493
3,7,7,13,9.07292215349547
3,7,8,13,9.461594686087743
3,7,9,13,9.039462546577958
3,7,10,13,9.107938919683104
3,7,11,13,9.248879615614845
3,7,12,13,9.13932445351469
3,7,13,13,9.285119840876012
3,7,14,13,9.120358943677495
3,7,0,14,9.215208267380465
3,7,1,14,9.106823613663174
3,7,2,14,9.18720619162149
3,7,3,14,9.106424205786698
3,7,4,14,9.198412217510937
3,7,5,14,9.212118131073533
3,7,6,14,9.330405916059744
3,7,7,14,9.22370587798521
3,7,8,14,9.46829038396677
3,7,9,14,9.03453574911365
3,7,10,14,9.07055997673719
3,7,11,14,9.209102441735421
3,7,12,14,9.112427921026804
3,7,13,14,9.227999515454629
3,7,14,14,9.319672791814002
3,7,0,15,9.244649057046702
3,7,1,15,9.12047902434292
3,7,2,15,9.233188386679437
3,7,3,15,9.203863768318861
3,7,4,15,9.175922348431438
3,7,5,15,9.164465335209321
3,7,6,15,9.265674114522609
3,7,7,15,9.270346289238566
3,7,8,15,9.336344407091891
3,7,9,15,9.063995099395637
3,7,10,15,9.011842697168019
3,7,11,15,9.230765306933755
3,7,12,15,9.166861611623101
3,7,13,15,9.083735714074258
3,7,14,15,9.223654744271697
3,7,0,16,9.270578540882155
3,7,1,16,9.171886964559496
3,7,2,16,9.235906834248146
3,7,3,16,9.144957051720226
3,7,4,16,9.049114376276325
3,7,5,16,9.10144803366323
3,7,6,16,8.990180707388584
3,7,7,16,9.242124105731168
3,7,8,16,9.339705620541537
3,7,9,16,8.954429210618365
3,7,10,16,9.101072913352747
3,7,11,16,9.169406803970586
3,7,12,16,9.198160894258379
3,7,13,16,8.988823100874514
3,7,14,16,9.282818597184024
3,7,0,17,9.332812139746181
3,7,1,17,9.085155815271534
3,7,2,17,9.133377767173927
3,7,3,17,9.243791844568166
3,7,4,17,9.17467870036525
3,7,5,17,9.21586460131391
3,7,6,17,8.98817014366486
3,7,7,17,9.207394677518915
3,7,8,17,9.298723206807086
3,7,9,17,9.067140970748254
3,7,10,17,9.405144554839413
3,7,11,17,9.272447385547018
3,7,12,17,9.361331018418747
3,7,13,17,8.977550162920382
3,7,14,17,9.123452334959314
3,7,0,18,9.226567364086876
3,7,1,18,9.271353688897777
3,7,2,18,9.23527456630081
3,7,3,18,9.246593430648979
3,7,4,18,9.15052507171903
3,7,5,18,9.242694488917634
3,7,6,18,9.064152323490438
3,7,7,18,9.21427917969341
3,7,8,18,9.154862062494228
3,7,9,18,8.926241049782638
3,7,10,18,9.32130112344644
3,7,11,18,9.079148191902
3,7,12,18,9.19549980574169
3,7,13,18,9.113816584203827
3,7,14,18,9.159121749701091
3,7,0,19,9.14207651981648
3,7,1,19,9.347381858843042
3,7,2,19,9.228763944311732
3,7,3,19,9.22125538704012
3,7,4,19,9.143048430100121
3,7,5,19,9.272475668700551
3,7,6,19,9.1434703509817
3,7,7,19,9.117853123084409
3,7,8,19,9.119082374448261
3,7,9,19,8.837884786083606
3,7,10,19,9.287170502389916
3,7,11,19,9.115117132075172
3,7,12,19,9.076746604767402
3,7,13,19,9.13988151017825
3,7,14,19,9.154460110449577
3,7,0,20,9.095822537574353
3,7,1,20,9.294968375505237
3,7,2,20,9.172524447074103
3,7,3,20,9.247804097533363
3,7,4,20,9.022557481485046
3,7,5,20,9.246310300536985
3,7,6,20,9.17764021804469
3,7,7,20,9.128341677994849
3,7,8,20,9.025641026340388
3,7,9,20,9.01166701831813
3,7,10,20,9.12016005470494
3,7,11,20,9.181786275614368
3,7,12,20,9.371366406128796
3,7,13,20,9.224669402224023
3,7,14,20,9.273049656739461
3,7,0,21,9.13301769353441
3,7,1,21,9.080254279313008
3,7,2,21,9.101833063362035
3,7,3,21,9.082023703551108
3,7,4,21,9.27019268157643
3,7,5,21,9.038865961047465
3,7,6,21,9.107317443261815
3,7,7,21,8.827445508393966
3,7,8,21,9.034662497865686
3,7,9,21,8.974759819438031
3,7,10,21,9.115349504988288
3,7,11,21,9.01314370178779
3,7,12,21,9.210836798076986
3,7,13,21,9.04385224192494
3,7,14,21,9.18782512626189
3,7,0,22,8.997876842373204
3,7,1,22,8.771244212570664
3,7,2,22,8.96465132872187
3,7,3,22,8.973141460064435
3,7,4,22,9.1332141322938
3,7,5,22,8.465111179522507
3,7,6,22,8.742791446070024
3,7,7,22,7.816901127825968
3,7,8,22,9.113604521059806
3,7,9,22,8.609415246573166
3,7,10,22,8.585732789459815
3,7,11,22,8.853713985359377
3,7,12,22,8.929904193317745
3,7,13,22,8.421922712203402
3,7,14,22,8.761432381593998
3,8,0,0,9.156734407034355
3,8,1,0,9.149796977477669
3,8,2,0,9.126002320166481
3,8,3,0,9.202019099686144
3,8,4,0,9.288118727755108
3,8,5,0,9.198956999296243
3,8,6,0,8.896265331557496
3,8,7,0,9.242302198433176
3,8,8,0,9.06171432889643
3,8,9,0,9.048682766320866
3,8,10,0,9.171470222176499
3,8,11,0,9.122900782346633
3,8,12,0,8.98425712465293
3,8,13,0,9.170165451950343
3,8,14,0,9.039055882660783
3,8,0,1,9.086386642872553
3,8,1,1,9.143496065664891
3,8,2,1,9.236952891949302
3,8,3,1,9.201905792347336
3,8,4,1,9.16973895308025
3,8,5,1,9.17240356176346
3,8,6,1,9.027870566927646
3,8,7,1,8.976495658632828
3,8,8,1,9.135952824275632
3,8,9,1,9.078769149237251
3,8,10,1,9.081009324784413
3,8,11,1,9.115755253338374
3,8,12,1,9.12895068495545
3,8,13,1,9.238805223785977
3,8,14,1,8.964920712082053
3,8,0,2,9.147775184840466
3,8,1,2,9.052668415246028
3,8,2,2,8.8876322368127
3,8,3,2,9.145353105132749
3,8,4,2,9.185744573930556
3,8,5,2,9.139123303483775
3,8,6,2,8.929471064700907
3,8,7,2,9.043289351372543
3,8,8,2,9.151414246194374
3,8,9,2,9.284988676004234
3,8,10,2,9.08793892697551
3,8,11,2,9.109619932615223
3,8,12,2,9.065004384787471
3,8,13,2,9.144972306547574
3,8,14,2,9.241079832882882
3,8,0,3,9.300502840202041
3,8,1,3,9.213456537660505
3,8,2,3,9.05947929603185
3,8,3,3,9.254184407016158
3,8,4,3,9.271229890968986
3,8,5,3,9.071535275980198
3,8,6,3,9.250816273250656
3,8,7,3,9.219590707103352
3,8,8,3,9.267067413180838
3,8,9,3,9.236747228244017
3,8,10,3,9.018830470734015
3,8,11,3,8.983572709567285
3,8,12,3,9.31400523020571
3,8,13,3,9.077179640244317
3,8,14,3,9.194615164461421
3,8,0,4,9.288943749315465
3,8,1,4,9.112277307106417
3,8,2,4,9.189174751014923
3,8,3,4,9.229806689578139
3,8,4,4,9.013501159736098
3,8,5,4,9.084372507151718
3,8,6,4,8.992102762355415
3,8,7,4,9.164049607322443
3,8,8,4,8.97255462008924
3,8,9,4,9.07192633392884
3,8,10,4,9.086703491173505
3,8,11,4,9.09899107048822
3,8,12,4,9.176246299324198
3,8,13,4,9.08580564609763
3,8,14,4,9.086028138454381
3,8,0,5,9.151535529081352
3,8,1,5,9.098187262882469
3,8,2,5,9.263844651229121
3,8,3,5,9.280985322744169
3,8,4,5,9.020932916398252
3,8,5,5,9.094186982032417
3,8,6,5,8.942405223880849
3,8,7,5,9.081110790972675
3,8,8,5,9.06927272544096
3,8,9,5,9.171693033968339
3,8,10,5,9.012092174680244
3,8,11,5,9.119732241619406
3,8,12,5,9.178545676569197
3,8,13,5,9.010740124293461
3,8,14,5,9.203739716377852
3,8,0,6,9.147535539625947
3,8,1,6,9.175082799472063
3,8,2,6,9.227903377058471
3,8,3,6,9.209404536992952
3,8,4,6,9.024351284832319
3,8,5,6,9.131618549859562
3,8,6,6,9.084654007486463
3,8,7,6,9.117915867982632
3,8,8,6,9.042569138960728
3,8,9,6,9.164906365687052
3,8,10,6,9.060758351375526
3,8,11,6,9.168791386962125
3,8,12,6,9.101004341987592
3,8,13,6,9.268603950175445
3,8,14,6,8.891596431963539
3,8,0,7,9.023111011709616
3,8,1,7,9.070354656391372
3,8,2,7,9.471132434273528
3,8,3,7,9.247612659802602
3,8,4,7,9.066991112457261
3,8,5,7,9.1162674397793
3,8,6,7,9.099155072678954
3,8,7,7,9.10142006796199
3,8,8,7,9.048936954648001
3,8,9,7,9.184596245649784
3,8,10,7,9.263445382944578
3,8,11,7,9.260871868680923
3,8,12,7,9.46508648238611
3,8,13,7,9.15896210796094
3,8,14,7,9.294013321978696
3,8,0,8,9.155341469991734
3,8,1,8,9.028070728423808
3,8,2,8,9.3008362664196
3,8,3,8,9.290634451478375
3,8,4,8,9.190212794044488
3,8,5,8,9.231625347693214
3,8,6,8,9.050191712098957
3,8,7,8,8.969871990924625
3,8,8,8,9.012238993395817
3,8,9,8,9.1933808388394
3,8,10,8,9.208004331873683
3,8,11,8,9.17712907771282
3,8,12,8,9.040313369637573
3,8,13,8,9.026848079657054
3,8,14,8,9.294280473256386
3,8,0,9,9.13412934675853
3,8,1,9,8.99367850157063
3,8,2,9,9.127793033918577
3,8,3,9,9.015348354695737
3,8,4,9,9.279389649986454
3,8,5,9,9.22308517024752
3,8,6,9,9.03394758531112
3,8,7,9,9.137791468182236
3,8,8,9,8.97112258077806
3,8,9,9,9.22210835848756
3,8,10,9,9.172384209972085
3,8,11,9,9.28113973715401
3,8,12,9,9.289960447367434
3,8,13,9,9.17765076805249
3,8,14,9,9.235041352413731
3,8,0,10,9.203602043927933
3,8,1,10,9.101223464661059
3,8,2,10,9.20458955745913
3,8,3,10,9.133858203676
3,8,4,10,9.242419712553295
3,8,5,10,9.262177943808103
3,8,6,10,9.02262609564411
3,8,7,10,9.11700019560149
3,8,8,10,9.13545179661483
3,8,9,10,9.226997948817228
3,8,10,10,9.178800683048998
3,8,11,10,9.120294889302823
3,8,12,10,9.16811911253149
3,8,13,10,9.240387726227091
3,8,14,10,8.957162776886785
3,8,0,11,9.005676239750917
3,8,1,11,8.995426386140336
3,8,2,11,9.003892011179
3,8,3,11,9.250097551601572
3,8,4,11,9.152978002933947
3,8,5,11,9.0418034925322
3,8,6,11,8.988985611791172
3,8,7,11,9.0062372890358
3,8,8,11,9.108897883924659
3,8,9,11,9.05251257210434
3,8,10,11,9.061595058485821
3,8,11,11,9.273545083376382
3,8,12,11,9.158050127286176
3,8,13,11,9.321840743623563
3,8,14,11,9.18443351965344
3,8,0,12,9.22349390362362
3,8,1,12,9.257144996370222
3,8,2,12,9.134823042435988
3,8,3,12,9.121868327705066
3,8,4,12,9.054015885802267
3,8,5,12,9.024575360597655
3,8,6,12,9.18334524291402
3,8,7,12,8.955928816753733
3,8,8,12,9.307134405648432
3,8,9,12,9.244684755175891
3,8,10,12,9.119220930986948
3,8,11,12,9.19568824392672
3,8,12,12,9.135911344965
3,8,13,12,9.008584974698957
3,8,14,12,9.087845332180581
3,8,0,13,9.07531950204993
3,8,1,13,9.16537513943942
3,8,2,13,9.020910744274335
3,8,3,13,9.108185688715905
3,8,4,13,9.095965038073956
3,8,5,13,9.165851275720856
3,8,6,13,9.063562880508643
3,8,7,13,8.983809637548035
3,8,8,13,9.348759997724757
3,8,9,13,9.31206797644715
3,8,10,13,9.16581976720058
3,8,11,13,9.183217188048621
3,8,12,13,9.255899322365424
3,8,13,13,9.14263737026588
3,8,14,13,9.13490519214095
3,8,0,14,9.137916768599231
3,8,1,14,9.310527038827887
3,8,2,14,9.14408318172894
3,8,3,14,8.976248120850379
3,8,4,14,9.111886022027031
3,8,5,14,8.93387819575562
3,8,6,14,8.965421250840032
3,8,7,14,9.085694824925389
3,8,8,14,9.157588393282904
3,8,9,14,9.141612470718508
3,8,10,14,9.237546248187405
3,8,11,14,9.239523422955969
3,8,12,14,9.035117660209222
3,8,13,14,9.028862887879685
3,8,14,14,9.129062672098573
3,8,0,15,9.197637738229693
3,8,1,15,9.275957035045744
3,8,2,15,9.300251092040217
3,8,3,15,9.092639400359092
3,8,4,15,9.163240136580924
3,8,5,15,9.061240538290349
3,8,6,15,9.05892199486282
3,8,7,15,9.035211694093732
3,8,8,15,9.207683936284344
3,8,9,15,9.132230549737775
3,8,10,15,9.234655349607962
3,8,11,15,9.17909070958102
3,8,12,15,9.188553486276817
3,8,13,15,8.936328008393186
3,8,14,15,9.115652074528544
3,8,0,16,9.074888888205479
3,8,1,16,9.225231724644956
3,8,2,16,9.159962112483305
3,8,3,16,9.11445205851996
3,8,4,16,9.1194237633779
3,8,5,16,9.214213452059063
3,8,6,16,9.156474547599716
3,8,7,16,9.080129329387836
3,8,8,16,9.14548414158779
3,8,9,16,8.939201173876835
3,8,10,16,9.193148553468268
3,8,11,16,9.052446352700251
3,8,12,16,9.257687259248199
3,8,13,16,9.011047107294686
3,8,14,16,9.05688031987669
3,8,0,17,8.992879168215891
3,8,1,17,9.108273642421524
3,8,2,17,9.169305187644445
3,8,3,17,9.241554218293413
3,8,4,17,9.013047878964615
3,8,5,17,9.08376527179025
3,8,6,17,8.943662499588578
3,8,7,17,9.14715244205639
3,8,8,17,9.160108317238876
3,8,9,17,8.862219197018897
3,8,10,17,9.165526224890687
3,8,11,17,9.025469837008178
3,8,12,17,9.235720729266633
3,8,13,17,9.27376806916452
3,8,14,17,9.230293207340152
3,8,0,18,9.054691801224829
3,8,1,18,9.306430040475608
3,8,2,18,9.097619422937154
3,8,3,18,9.165590709505059
3,8,4,18,9.123774623896747
3,8,5,18,9.057017710543956
3,8,6,18,9.057042166444967
3,8,7,18,9.054863419213097
3,8,8,18,9.238833604993461
3,8,9,18,9.256035682124137
3,8,10,18,9.048257262304595
3,8,11,18,9.166870342608945
3,8,12,18,9.19956186285466
3,8,13,18,9.40240485418817
3,8,14,18,9.017629449260538
3,8,0,19,9.016187279627339
3,8,1,19,9.170274067263007
3,8,2,19,9.136888124453383
3,8,3,19,9.044931304156348
3,8,4,19,9.112259979060239
3,8,5,19,9.380438543739835
3,8,6,19,9.033137747433122
3,8,7,19,9.15017288310422
3,8,8,19,9.185326603753754
3,8,9,19,9.078568620832593
3,8,10,19,9.025570025366278
3,8,11,19,9.079873354830871
3,8,12,19,9.088148557827436
3,8,13,19,9.311825550911697
3,8,14,19,9.222553803065868
3,8,0,20,9.007026790439397
3,8,1,20,9.18714032188966
3,8,2,20,9.094443956512523
3,8,3,20,9.058413652877698
3,8,4,20,8.951142012528216
3,8,5,20,9.042990228666802
3,8,6,20,9.323461124390366
3,8,7,20,9.16589257274232
3,8,8,20,9.011544327782929
3,8,9,20,9.154412579352634
3,8,10,20,9.08399537294087
3,8,11,20,9.147625628258394
3,8,12,20,9.016886303604071
3,8,13,20,9.0679311495943
3,8,14,20,9.203010041603923
3,8,0,21,9.082372123957448
3,8,1,21,9.365567887848744
3,8,2,21,9.240565543138425
3,8,3,21,8.980377829770648
3,8,4,21,8.281864255775618
3,8,5,21,9.281500729067318
3,8,6,21,9.168881929534644
3,8,7,21,9.140577551367654
3,8,8,21,9.129818154710216
3,8,9,21,9.037744015160232
3,8,10,21,9.028716841246611
3,8,11,21,9.059867583197532
3,8,12,21,9.055353627088376
3,8,13,21,9.082035825585152
3,8,14,21,9.16932784488959
3,8,0,22,8.938543523248626
3,8,1,22,8.952285233065094
3,8,2,22,9.054551983887258
3,8,3,22,8.90579934355247
3,8,4,22,5.580107684704257
3,8,5,22,9.051138055592757
3,8,6,22,8.812640862689717
3,8,7,22,9.087822057961517
3,8,8,22,9.129587820212333
3,8,9,22,8.611775541655557
3,8,10,22,8.358197065571474
3,8,11,22,9.017093764493334
3,8,12,22,8.729522191656422
3,8,13,22,8.888528824955841
3,8,14,22,8.878919975591199
3,9,0,0,9.228086448337933
3,9,1,0,9.110298311885412
3,9,2,0,9.146397984336355
3,9,3,0,9.147955175042972
3,9,4,0,9.119435173419204
3,9,5,0,9.084656919091609
3,9,6,0,9.141606318614384
3,9,7,0,9.193275341195497
3,9,8,0,9.21733516510266
3,9,9,0,9.231519362644963
3,9,10,0,9.053210963762735
3,9,11,0,9.081501775537426
3,9,12,0,9.129852636783518
3,9,13,0,8.899316302340232
3,9,14,0,9.042778718037034
3,9,0,1,9.112580766238603
3,9,1,1,9.20794259748758
3,9,2,1,9.233554314556496
3,9,3,1,9.190803853015733
3,9,4,1,9.069587612002428
3,9,5,1,9.126399006403464
3,9,6,1,8.972541998069364
3,9,7,1,9.308921803998636
3,9,8,1,9.118207311469806
3,9,9,1,9.154924533592038
3,9,10,1,9.124027747522657
3,9,11,1,9.135010499828686
3,9,12,1,9.311490247366907
3,9,13,1,9.061226047260481
3,9,14,1,9.045800815893333
3,9,0,2,8.910504052532161
3,9,1,2,9.1304399130603
3,9,2,2,9.237378994565438
3,9,3,2,8.8928181155604
3,9,4,2,9.199403189846446
3,9,5,2,9.199770036708463
3,9,6,2,9.288556675377569
3,9,7,2,9.28100837060843
3,9,8,2,9.118177982628255
3,9,9,2,9.356179692261817
3,9,10,2,9.237782428011764
3,9,11,2,8.996053718111762
3,9,12,2,9.274438485833715
3,9,13,2,9.214997249905853
3,9,14,2,9.112630934757583
3,9,0,3,8.984533874546637
3,9,1,3,8.897004578242223
3,9,2,3,9.226077300048367
3,9,3,3,9.136754969098462
3,9,4,3,9.11041954001843
3,9,5,3,9.265186607207392
3,9,6,3,9.122656560353148
3,9,7,3,9.146831469604352
3,9,8,3,9.083416362876086
3,9,9,3,9.028425898137838
3,9,10,3,8.975287762902749
3,9,11,3,9.178356203378051
3,9,12,3,9.0689368671983
3,9,13,3,9.14565661979818
3,9,14,3,9.110663058152774
3,9,0,4,9.080010870793936
3,9,1,4,9.009206999728928
3,9,2,4,9.278444122156474
3,9,3,4,9.149481066918554
3,9,4,4,9.24086605261214
3,9,5,4,9.232360103089439
3,9,6,4,9.107236506394576
3,9,7,4,9.075900405880857
3,9,8,4,9.088603325174672
3,9,9,4,9.424459456587815
3,9,10,4,9.18067288979176
3,9,11,4,8.9309944375723
3,9,12,4,8.983567854741251
3,9,13,4,9.0331688808264
3,9,14,4,9.139487760819543
3,9,0,5,9.01462380896141
3,9,1,5,9.199026727781998
3,9,2,5,8.968598992847342
3,9,3,5,9.219960361976744
3,9,4,5,9.28025273707675
3,9,5,5,9.150060192934564
3,9,6,5,9.233281324091449
3,9,7,5,9.237706675264203
3,9,8,5,8.998588646330541
3,9,9,5,9.13466106775042
3,9,10,5,9.400722796970468
3,9,11,5,9.03544299608548
3,9,12,5,8.965822059966696
3,9,13,5,9.023780649713153
3,9,14,5,9.034967788237456
3,9,0,6,9.15142865098847
3,9,1,6,9.067266753098613
3,9,2,6,9.198764095457701
3,9,3,6,9.134317269338935
3,9,4,6,9.274292163141993
3,9,5,6,9.031897174899438
3,9,6,6,9.176089744980946
3,9,7,6,9.257303374406382
3,9,8,6,9.10933947269811
3,9,9,6,9.250836684181113
3,9,10,6,9.250600505919362
3,9,11,6,9.100606427934675
3,9,12,6,8.998904304171155
3,9,13,6,9.001374048904394
3,9,14,6,9.205027879634498
3,9,0,7,9.042659166149694
3,9,1,7,9.111363307988148
3,9,2,7,8.867675467476113
3,9,3,7,9.168480340270648
3,9,4,7,9.141377838494417
3,9,5,7,9.119951394358882
3,9,6,7,9.030967860815425
3,9,7,7,9.2849158406611
3,9,8,7,8.95664411677409
3,9,9,7,9.18158931665179
3,9,10,7,9.38857116847913
3,9,11,7,9.16003616379886
3,9,12,7,9.173455048987766
3,9,13,7,8.96389507028115
3,9,14,7,9.190364155096297
3,9,0,8,8.960093764837161
3,9,1,8,9.039347264990045
3,9,2,8,9.051876598246174
3,9,3,8,9.28189080052701
3,9,4,8,9.146315125189954
3,9,5,8,9.057630259592147
3,9,6,8,9.057953889605162
3,9,7,8,9.110445436448211
3,9,8,8,9.104123284131386
3,9,9,8,9.030126296805527
3,9,10,8,9.085006040269045
3,9,11,8,8.992501507272195
3,9,12,8,9.196689847319712
3,9,13,8,8.93478152375328
3,9,14,8,9.162434827147036
3,9,0,9,9.15149343355192
3,9,1,9,9.12606104150654
3,9,2,9,9.084560058209139
3,9,3,9,8.978333447831305
3,9,4,9,9.171479790708696
3,9,5,9,9.131579625327957
3,9,6,9,8.883987232069227
3,9,7,9,8.905464003281253
3,9,8,9,9.148054751766338
3,9,9,9,9.22356291144056
3,9,10,9,9.181466326546344
3,9,11,9,8.874376300603156
3,9,12,9,8.898343945517635
3,9,13,9,8.96414225300539
3,9,14,9,9.300469553140553
3,9,0,10,9.350066115444562
3,9,1,10,9.161702630061955
3,9,2,10,9.290297601041017
3,9,3,10,9.189591842138265
3,9,4,10,9.222552379102469
3,9,5,10,9.002618117923712
3,9,6,10,9.219143144926006
3,9,7,10,8.961439443423398
3,9,8,10,8.94007246401869
3,9,9,10,9.078397143092898
3,9,10,10,9.068533919277852
3,9,11,10,8.961671253336446
3,9,12,10,9.058403023061663
3,9,13,10,9.077477840213554
3,9,14,10,9.112657733027614
3,9,0,11,9.068166727947332
3,9,1,11,9.168267757677564
3,9,2,11,9.176916521553215
3,9,3,11,8.91653391022926
3,9,4,11,9.10834647844279
3,9,5,11,8.925272746084568
3,9,6,11,9.273330193275223
3,9,7,11,9.042470190888169
3,9,8,11,8.959526481770801
3,9,9,11,9.230085145667436
3,9,10,11,9.216614236537572
3,9,11,11,9.025172803684484
3,9,12,11,9.01239382367783
3,9,13,11,9.066297044520713
3,9,14,11,9.159320130346462
3,9,0,12,9.215841214405035
3,9,1,12,9.117877349585171
3,9,2,12,9.178284099388526
3,9,3,12,9.20006079801769
3,9,4,12,9.099432389749095
3,9,5,12,9.113493416268039
3,9,6,12,9.235653843388945
3,9,7,12,8.99457074305603
3,9,8,12,9.103440395779936
3,9,9,12,9.081762842687114
3,9,10,12,9.009771475157123
3,9,11,12,9.15698970839175
3,9,12,12,9.189246646461179
3,9,13,12,9.16532499345123
3,9,14,12,9.193472658148144
3,9,0,13,9.158944095171444
3,9,1,13,9.108221622040183
3,9,2,13,9.354551973819841
3,9,3,13,9.19618851569975
3,9,4,13,9.05950324908169
3,9,5,13,9.157817081962865
3,9,6,13,9.226241078288878
3,9,7,13,9.086966994647518
3,9,8,13,9.143712368913048
3,9,9,13,8.882001606529652
3,9,10,13,9.135223100788057
3,9,11,13,9.160542563296852
3,9,12,13,9.147255534143227
3,9,13,13,9.011457885541224
3,9,14,13,9.149490030954327
3,9,0,14,9.183532002532647
3,9,1,14,9.011613029956125
3,9,2,14,9.111404459424488
3,9,3,14,8.976228856051867
3,9,4,14,9.204121840020706
3,9,5,14,9.124708144303087
3,9,6,14,9.086223800641319
3,9,7,14,9.135933592451593
3,9,8,14,9.035842660093266
3,9,9,14,9.110346092084333
3,9,10,14,9.19003392888581
3,9,11,14,9.241691326079836
3,9,12,14,9.191210672335645
3,9,13,14,9.399219314640664
3,9,14,14,9.101585820076215
3,9,0,15,9.346919528774151
3,9,1,15,9.130798967167808
3,9,2,15,9.08698929713508
3,9,3,15,8.89936988782856
3,9,4,15,9.101091608351062
3,9,5,15,8.962304270946637
3,9,6,15,9.087872245608212
3,9,7,15,9.068087678672494
3,9,8,15,9.087325594560548
3,9,9,15,9.038663780496357
3,9,10,15,8.968234520185772
3,9,11,15,9.219987571376228
3,9,12,15,9.122773841844541
3,9,13,15,9.188705321870525
3,9,14,15,9.234711077211404
3,9,0,16,9.27312293235697
3,9,1,16,9.036646998358302
3,9,2,16,9.00889320586077
3,9,3,16,8.998768039622403
3,9,4,16,9.018297265395642
3,9,5,16,9.116562615109519
3,9,6,16,9.128309472834845
3,9,7,16,9.201944293376052
3,9,8,16,8.988455507823046
3,9,9,16,8.941177368541528
3,9,10,16,9.11372120987079
3,9,11,16,8.89572985035835
3,9,12,16,8.918899919531084
3,9,13,16,9.012754058401425
3,9,14,16,8.998286547227476
3,9,0,17,9.066002445333869
3,9,1,17,9.144842531083404
3,9,2,17,9.073143923258057
3,9,3,17,9.079129578621092
3,9,4,17,8.917084583799161
3,9,5,17,8.981296178064996
3,9,6,17,9.09415549203682
3,9,7,17,9.275846807366685
3,9,8,17,9.118226552979849
3,9,9,17,9.20527502648557
3,9,10,17,9.184576990770951
3,9,11,17,9.168474168967386
3,9,12,17,9.033626800165717
3,9,13,17,9.102203862144773
3,9,14,17,8.993466080987032
3,9,0,18,9.120464990736977
3,9,1,18,8.935901636565525
3,9,2,18,9.20995109004367
3,9,3,18,9.229443280481155
3,9,4,18,9.045328094206758
3,9,5,18,9.0852393418762
3,9,6,18,9.204457646879344
3,9,7,18,9.128682479890154
3,9,8,18,9.045218010572155
3,9,9,18,9.412220696143384
3,9,10,18,9.236345165103991
3,9,11,18,9.021036561549607
3,9,12,18,8.921102259447007
3,9,13,18,9.24739957423631
3,9,14,18,9.130051919543767
3,9,0,19,9.018692899903957
3,9,1,19,8.838976013863594
3,9,2,19,9.001906554538465
3,9,3,19,9.161763213465452
3,9,4,19,9.17606135371643
3,9,5,19,8.932141404525595
3,9,6,19,9.179258501174905
3,9,7,19,9.047014483163693
3,9,8,19,9.055143370971775
3,9,9,19,9.261953399599943
3,9,10,19,9.096481808431646
3,9,11,19,9.043765069421996
3,9,12,19,9.082471903050793
3,9,13,19,9.3357060611773
3,9,14,19,9.211284889300249
3,9,0,20,8.907602996911411
3,9,1,20,8.85796777555814
3,9,2,20,9.085231473342423
3,9,3,20,9.01030818350241
3,9,4,20,8.859477697169593
3,9,5,20,9.041111229681977
3,9,6,20,9.081173141967774
3,9,7,20,9.240341024097534
3,9,8,20,9.069615342175446
3,9,9,20,9.041390177399814
3,9,10,20,9.084994450121654
3,9,11,20,9.202334697350501
3,9,12,20,9.01224311475707
3,9,13,20,9.137090855673895
3,9,14,20,9.239950742659385
3,9,0,21,8.817249820314865
3,9,1,21,8.903701677324092
3,9,2,21,9.050569448557493
3,9,3,21,8.514585389865928
3,9,4,21,8.124195442267428
3,9,5,21,8.942343653086748
3,9,6,21,8.91440362930186
3,9,7,21,9.115676191207914
3,9,8,21,9.085279115536038
3,9,9,21,9.210651675513985
3,9,10,21,8.943425185085399
3,9,11,21,9.138401407190116
3,9,12,21,8.834112606510349
3,9,13,21,9.219740218807733
3,9,14,21,9.07628068651646
3,9,0,22,8.391845554267377
3,9,1,22,8.631267061185408
3,9,2,22,8.962004248011766
3,9,3,22,6.870349396249569
3,9,4,22,5.941969836818395
3,9,5,22,8.863491215853326
3,9,6,22,9.177016643347896
3,9,7,22,8.813836888428721
3,9,8,22,8.546951507555118
3,9,9,22,8.7925657733788
3,9,10,22,8.420955775662497
3,9,11,22,8.796596787837592
3,9,12,22,8.704421859450685
3,9,13,22,8.871624555559372
3,9,14,22,8.567901791425376
3,10,0,0,9.070244983626706
3,10,1,0,9.100324562502005
3,10,2,0,9.048952713399908
3,10,3,0,9.104053225444114
3,10,4,0,9.042814268967206
3,10,5,0,9.04110229592489
3,10,6,0,9.023929747047113
3,10,7,0,9.01546704282896
3,10,8,0,9.382210135834763
3,10,9,0,9.022114554246947
3,10,10,0,9.02265493719872
3,10,11,0,9.04840074758321
3,10,12,0,9.17101642287118
3,10,13,0,9.225338307084963
3,10,14,0,9.194497344608905
3,10,0,1,9.260002969036966
3,10,1,1,8.92833476056483
3,10,2,1,9.10524871273001
3,10,3,1,9.111688010876767
3,10,4,1,9.129895342761225
3,10,5,1,9.057949184081002
3,10,6,1,9.040735636259749
3,10,7,1,8.940169879148565
3,10,8,1,9.283354793679372
3,10,9,1,9.240216715678798
3,10,10,1,9.064626976770718
3,10,11,1,9.11176791724881
3,10,12,1,9.264906584204565
3,10,13,1,9.173047251235273
3,10,14,1,9.254060813102214
3,10,0,2,9.191479509631977
3,10,1,2,8.93949317105953
3,10,2,2,9.31711617157471
3,10,3,2,9.048688765811884
3,10,4,2,9.083963448875027
3,10,5,2,8.985847573640132
3,10,6,2,9.269350411056012
3,10,7,2,8.969733667836442
3,10,8,2,9.067564727099388
3,10,9,2,9.21891174663346
3,10,10,2,9.154539134396975
3,10,11,2,9.374466578965343
3,10,12,2,9.100532850232922
3,10,13,2,9.043570009677863
3,10,14,2,9.264717645126836
3,10,0,3,9.185104535024717
3,10,1,3,9.162209896920443
3,10,2,3,8.847884406828063
3,10,3,3,8.952858200665286
3,10,4,3,8.954254006464486
3,10,5,3,9.225458722144019
3,10,6,3,9.053960471327159
3,10,7,3,9.226157293007278
3,10,8,3,9.144257557758966
3,10,9,3,9.302932777300498
3,10,10,3,8.90023441516279
3,10,11,3,9.21490676337502
3,10,12,3,9.289316150025511
3,10,13,3,9.110470268617537
3,10,14,3,9.173181949910802
3,10,0,4,9.199721279248752
3,10,1,4,9.179725223653934
3,10,2,4,9.111728097676407
3,10,3,4,9.05373606450092
3,10,4,4,9.02289633297647
3,10,5,4,9.092335745981678
3,10,6,4,9.143494408889032
3,10,7,4,9.134912943134957
3,10,8,4,9.211253464019416
3,10,9,4,8.99760771491364
3,10,10,4,9.112634690991749
3,10,11,4,9.218139315189498
3,10,12,4,9.19110099185842
3,10,13,4,9.088093873492625
3,10,14,4,9.182749337090984
3,10,0,5,9.181787253333251
3,10,1,5,9.273425261089097
3,10,2,5,9.009754909695802
3,10,3,5,9.133408046885966
3,10,4,5,9.095295205888277
3,10,5,5,9.227782125283456
3,10,6,5,9.003809963743485
3,10,7,5,9.328678105076305
3,10,8,5,9.086702078733307
3,10,9,5,9.22006010228605
3,10,10,5,8.924961078154
3,10,11,5,9.124651567505934
3,10,12,5,9.22823253274592
3,10,13,5,9.196192696885536
3,10,14,5,9.261347889533669
3,10,0,6,8.89992623096047
3,10,1,6,9.182383503965923
3,10,2,6,9.179331089277005
3,10,3,6,9.002267220368728
3,10,4,6,9.112134557844847
3,10,5,6,9.366427182870632
3,10,6,6,8.895024388620943
3,10,7,6,9.381495706244854
3,10,8,6,9.124235723331523
3,10,9,6,8.948295386836579
3,10,10,6,8.951744926939087
3,10,11,6,9.249568251768633
3,10,12,6,9.110981799654185
3,10,13,6,8.9904544152279
3,10,14,6,9.20280533781678
3,10,0,7,8.998903171533264
3,10,1,7,9.166083983122272
3,10,2,7,9.061536936019003
3,10,3,7,9.17759690544153
3,10,4,7,9.179477357667288
3,10,5,7,9.268415061491833
3,10,6,7,9.06980724026485
3,10,7,7,9.361528495057994
3,10,8,7,9.176461982604193
3,10,9,7,9.05663220545896
3,10,10,7,9.056898367531174
3,10,11,7,9.312057539265332
3,10,12,7,9.076957568223003
3,10,13,7,9.122420241840345
3,10,14,7,9.036236177240188
3,10,0,8,9.184852407522198
3,10,1,8,9.205920446119238
3,10,2,8,8.834378072456213
3,10,3,8,9.078812317324926
3,10,4,8,9.100000711949477
3,10,5,8,9.126253529579744
3,10,6,8,8.931246763493387
3,10,7,8,9.406152760010109
3,10,8,8,9.27404056817716
3,10,9,8,9.074894781853091
3,10,10,8,9.222808649145968
3,10,11,8,9.167556093271951
3,10,12,8,9.130287129685863
3,10,13,8,8.994593976428657
3,10,14,8,8.937110926362381
3,10,0,9,9.379197148992748
3,10,1,9,9.156815858351754
3,10,2,9,8.947670867993878
3,10,3,9,8.992512397910236
3,10,4,9,9.296655576528897
3,10,5,9,9.231697970883866
3,10,6,9,9.060605057501942
3,10,7,9,9.250700104229814
3,10,8,9,9.136766253734791
3,10,9,9,9.307062002470875
3,10,10,9,9.152798315414762
3,10,11,9,9.149365844379242
3,10,12,9,9.203026883999016
3,10,13,9,9.252656876898694
3,10,14,9,9.083977303009082
3,10,0,10,9.214694765549737
3,10,1,10,9.127241220280998
3,10,2,10,8.820729930749533
3,10,3,10,9.214549159035736
3,10,4,10,9.245034041711811
3,10,5,10,9.336417027600396
3,10,6,10,9.101771783975595
3,10,7,10,9.306194768518955
3,10,8,10,9.355108201090559
3,10,9,10,9.233699686927205
3,10,10,10,9.068906680747189
3,10,11,10,9.10438367668639
3,10,12,10,9.273399351870621
3,10,13,10,9.405691585593123
3,10,14,10,9.00171572605465
3,10,0,11,9.256700184755694
3,10,1,11,9.044696382226185
3,10,2,11,9.024959246271411
3,10,3,11,9.119647169889307
3,10,4,11,8.938217746468087
3,10,5,11,9.24058756737649
3,10,6,11,9.242146736168015
3,10,7,11,9.139783298476075
3,10,8,11,9.33493296406092
3,10,9,11,9.211003408367755
3,10,10,11,9.24045396267009
3,10,11,11,9.098147451033098
3,10,12,11,9.075658553131682
3,10,13,11,9.099267683865756
3,10,14,11,8.96657377595897
3,10,0,12,9.015019595599917
3,10,1,12,9.15727139235477
3,10,2,12,9.137273034953068
3,10,3,12,9.056902848157993
3,10,4,12,9.058044972509197
3,10,5,12,9.187444404979605
3,10,6,12,9.195995508604824
3,10,7,12,9.083489817048156
3,10,8,12,9.22942947734492
3,10,9,12,9.150436314292948
3,10,10,12,8.856779842322632
3,10,11,12,9.16810857383391
3,10,12,12,9.053163439111362
3,10,13,12,9.242123809799056
3,10,14,12,8.845628438004892
3,10,0,13,8.98885055376997
3,10,1,13,9.000706424674759
3,10,2,13,8.999417262109604
3,10,3,13,9.257397597580791
3,10,4,13,9.210188157113139
3,10,5,13,9.17628271155877
3,10,6,13,9.33345137193356
3,10,7,13,8.97442620329408
3,10,8,13,9.013548083805748
3,10,9,13,9.196219961851396
3,10,10,13,9.011070159405895
3,10,11,13,8.916354408291593
3,10,12,13,8.94344211472931
3,10,13,13,9.20497019421426
3,10,14,13,9.004025004817937
3,10,0,14,8.957923986117258
3,10,1,14,8.933306498817725
3,10,2,14,9.148666663678322
3,10,3,14,9.213492227135767
3,10,4,14,9.227322421111042
3,10,5,14,9.210172790323849
3,10,6,14,9.326907113860672
3,10,7,14,9.160753879086204
3,10,8,14,9.103326538245184
3,10,9,14,9.388238632803004
3,10,10,14,9.13651269785413
3,10,11,14,8.939021498721326
3,10,12,14,8.851805811998277
3,10,13,14,8.90999155309651
3,10,14,14,9.140360427341694
3,10,0,15,9.095839455957789
3,10,1,15,8.97300045226692
3,10,2,15,9.099339210307326
3,10,3,15,9.02417905824753
3,10,4,15,9.088027821286756
3,10,5,15,9.192965267359789
3,10,6,15,8.99404573966924
3,10,7,15,9.063062618692403
3,10,8,15,9.02860549460124
3,10,9,15,9.330825425676718
3,10,10,15,9.218215342186173
3,10,11,15,8.95473929601042
3,10,12,15,9.161221553294853
3,10,13,15,9.008862378606132
3,10,14,15,9.27760617305948
3,10,0,16,9.16972491090703
3,10,1,16,9.191363340600876
3,10,2,16,9.126260607790913
3,10,3,16,9.007885358637218
3,10,4,16,8.842984359574471
3,10,5,16,9.34599756164149
3,10,6,16,8.992626190177814
3,10,7,16,9.079004007976282
3,10,8,16,9.077545900113572
3,10,9,16,8.968539700565232
3,10,10,16,9.240337181495182
3,10,11,16,8.967619644275102
3,10,12,16,9.126990160618089
3,10,13,16,8.876557705040117
3,10,14,16,9.071165886467913
3,10,0,17,9.097541523372415
3,10,1,17,9.009468261207582
3,10,2,17,9.035771966488877
3,10,3,17,9.10814867286009
3,10,4,17,9.19677464069598
3,10,5,17,9.12053310045541
3,10,6,17,9.14399400117819
3,10,7,17,9.101442786386212
3,10,8,17,9.224399500500393
3,10,9,17,9.134613005435895
3,10,10,17,9.185599775152882
3,10,11,17,9.19871334245322
3,10,12,17,9.061105640129188
3,10,13,17,8.945124306397227
3,10,14,17,9.143905376864506
3,10,0,18,9.26318163186727
3,10,1,18,9.202861929163896
3,10,2,18,9.075577069414777
3,10,3,18,9.01440574755466
3,10,4,18,9.046374533508146
3,10,5,18,9.190015287785142
3,10,6,18,8.974960623518136
3,10,7,18,9.221147777312137
3,10,8,18,9.206127011285572
3,10,9,18,8.993965667131304
3,10,10,18,9.11663642173234
3,10,11,18,9.090244946615314
3,10,12,18,8.750255408125028
3,10,13,18,9.038096910759846
3,10,14,18,9.208179720228957
3,10,0,19,9.29860518048816
3,10,1,19,9.153874278673742
3,10,2,19,9.100769318958209
3,10,3,19,8.99354164723711
3,10,4,19,9.407552461059897
3,10,5,19,8.954165462757905
3,10,6,19,9.137596007171618
3,10,7,19,8.864156541986715
3,10,8,19,9.22729391131146
3,10,9,19,9.168238577709836
3,10,10,19,9.087762448389412
3,10,11,19,9.091703428370135
3,10,12,19,8.80961820175532
3,10,13,19,8.981721620724263
3,10,14,19,9.239921695903996
3,10,0,20,9.174852556379118
3,10,1,20,9.00696016800906
3,10,2,20,8.997641896019067
3,10,3,20,8.68782221434804
3,10,4,20,8.915934350633522
3,10,5,20,9.063636185384052
3,10,6,20,9.137266175853936
3,10,7,20,8.753992799548035
3,10,8,20,9.017075242327676
3,10,9,20,8.976221692130123
3,10,10,20,9.056030201537219
3,10,11,20,8.96704394340635
3,10,12,20,9.087147320872138
3,10,13,20,9.022094482591912
3,10,14,20,8.91962768863468
3,10,0,21,8.741007721529423
3,10,1,21,8.974216085367164
3,10,2,21,9.099425632052194
3,10,3,21,7.5880066052479975
3,10,4,21,8.988903457281726
3,10,5,21,8.992424838960034
3,10,6,21,9.168061556950265
3,10,7,21,8.086271375522195
3,10,8,21,9.240711827017508
3,10,9,21,8.86020602830097
3,10,10,21,8.429937160162954
3,10,11,21,8.153668201265257
3,10,12,21,8.729871628552646
3,10,13,21,8.534656525306282
3,10,14,21,9.044132203710879
3,10,0,22,7.864459719002473
3,10,1,22,8.364550011483024
3,10,2,22,8.766040216700828
3,10,3,22,3.355531725253456
3,10,4,22,8.842627481290052
3,10,5,22,8.859013815512936
3,10,6,22,8.933633819332208
3,10,7,22,5.447534424352856
3,10,8,22,8.957198255253392
3,10,9,22,7.847142486698107
3,10,10,22,6.7063622185058405
3,10,11,22,5.98102500644384
3,10,12,22,7.218958104239862
3,10,13,22,6.844432188698191
3,10,14,22,8.794628175075225
4,3,0,0,9.064239786124627
4,3,1,0,9.034910561731838
4,3,2,0,8.999501457755844
4,3,3,0,8.916617523099106
4,3,4,0,9.088510074919316
4,3,5,0,8.974966526375052
4,3,6,0,8.865358116717617
4,3,7,0,9.044643804519014
4,3,8,0,9.060332044998452
4,3,9,0,8.99655165175665
4,3,10,0,8.974140557308035
4,3,11,0,9.11556173949136
4,3,12,0,8.806351467597544
4,3,13,0,9.018764190010891
4,3,14,0,8.867195864503714
4,3,0,1,8.976205940625254
4,3,1,1,9.090116974701102
4,3,2,1,9.09362726664601
4,3,3,1,8.843486179858987
4,3,4,1,9.038991902536162
4,3,5,1,9.02382057859564
4,3,6,1,8.966304174046337
4,3,7,1,9.045414238071864
4,3,8,1,9.073184185792817
4,3,9,1,9.044789337743623
4,3,10,1,8.892181188405255
4,3,11,1,9.066169627211732
4,3,12,1,8.977579791438552
4,3,13,1,8.941342319831218
4,3,14,1,8.958287283622619
4,3,0,2,9.030085305702979
4,3,1,2,9.042795813994983
4,3,2,2,9.0237732562388
4,3,3,2,8.972313552867096
4,3,4,2,9.160124281800773
4,3,5,2,9.023831330265361
4,3,6,2,8.95079546088572
4,3,7,2,9.044560745395364
4,3,8,2,9.129631762526685
4,3,9,2,9.115283395959926
4,3,10,2,8.974881361485922
4,3,11,2,9.087506801083139
4,3,12,2,8.922363597636426
4,3,13,2,8.913356743308247
4,3,14,2,8.928829866536297
4,3,0,3,9.020240010474486
4,3,1,3,8.9336624707492
4,3,2,3,9.057008067846596
4,3,3,3,8.972274735145911
4,3,4,3,9.153401505356456
4,3,5,3,8.944811413652088
4,3,6,3,9.048344807011587
4,3,7,3,8.954358038407053
4,3,8,3,9.096736768171283
4,3,9,3,9.081774127057844
4,3,10,3,9.00947316483585
4,3,11,3,8.925876266609507
4,3,12,3,9.086261328926126
4,3,13,3,8.822510780466365
4,3,14,3,8.925888637352909
4,3,0,4,8.978876774892083
4,3,1,4,8.914181124189003
4,3,2,4,9.118949873488454
4,3,3,4,8.936591793810818
4,3,4,4,9.16388055850764
4,3,5,4,9.009875466341631
4,3,6,4,9.053282509646875
4,3,7,4,9.016715169441087
4,3,8,4,9.079215577379374
4,3,9,4,9.02234172343744
4,3,10,4,8.935930651871123
4,3,11,4,8.846845640527008
4,3,12,4,9.184560016845955
4,3,13,4,8.887373077370627
4,3,14,4,8.959742687168484
4,3,0,5,9.042888707373624
4,3,1,5,9.083446561381718
4,3,2,5,9.084717429106547
4,3,3,5,8.88966407765923
4,3,4,5,9.06321492178622
4,3,5,5,8.986028498298014
4,3,6,5,9.077285009424882
4,3,7,5,9.216250788078575
4,3,8,5,8.930850508709556
4,3,9,5,9.070454533378399
4,3,10,5,8.90328943952057
4,3,11,5,8.918860278995126
4,3,12,5,9.1490711927616
4,3,13,5,9.014190900922062
4,3,14,5,9.013037983548704
4,3,0,6,9.050662267664377
4,3,1,6,9.123679732174573
4,3,2,6,9.042302626735275
4,3,3,6,8.947756592045046
4,3,4,6,9.067139023764144
4,3,5,6,8.924799137179965
4,3,6,6,9.123036513123138
4,3,7,6,9.074191437455221
4,3,8,6,8.907031425598719
4,3,9,6,8.9961358807799
4,3,10,6,8.950388554542625
4,3,11,6,8.83742388196168
4,3,12,6,9.016719436289128
4,3,13,6,9.00090654564358
4,3,14,6,9.045472262082615
4,3,0,7,9.027813965721432
4,3,1,7,9.04958394334192
4,3,2,7,8.923845853971661
4,3,3,7,8.973852396352756
4,3,4,7,9.071694010110408
4,3,5,7,8.914956507151254
4,3,6,7,9.070997162451409
4,3,7,7,9.163747194320067
4,3,8,7,8.857675601710612
4,3,9,7,8.985272379121975
4,3,10,7,8.946811063413332
4,3,11,7,8.980606395558382
4,3,12,7,9.053390889675688
4,3,13,7,9.020346723876491
4,3,14,7,9.004957962335334
4,3,0,8,9.055483836380942
4,3,1,8,9.010023489071173
4,3,2,8,8.880969203510022
4,3,3,8,8.909838470081008
4,3,4,8,9.106557070056445
4,3,5,8,8.933966285792524
4,3,6,8,9.051617865941004
4,3,7,8,8.996772007893231
4,3,8,8,8.91335028378332
4,3,9,8,8.974533812324994
4,3,10,8,9.076009148992066
4,3,11,8,8.966304607133274
4,3,12,8,9.083892954158507
4,3,13,8,8.992373278304427
4,3,14,8,8.926836880790447
4,3,0,9,9.041654689979485
4,3,1,9,8.935918856509472
4,3,2,9,8.945180201924396
4,3,3,9,8.853876815428595
4,3,4,9,8.982093689872439
4,3,5,9,9.043178868781174
4,3,6,9,8.932580195440096
4,3,7,9,8.875517339965654
4,3,8,9,9.072548082885884
4,3,9,9,8.985940994320247
4,3,10,9,9.056611667284898
4,3,11,9,8.91009277050896
4,3,12,9,9.07224384584323
4,3,13,9,9.109516009538828
4,3,14,9,8.915777358469569
4,3,0,10,9.007035622573431
4,3,1,10,9.08005586892223
4,3,2,10,8.974187007871343
4,3,3,10,9.037501174713043
4,3,4,10,9.00439886219481
4,3,5,10,9.011630649272405
4,3,6,10,8.900839435163443
4,3,7,10,8.907447427184518
4,3,8,10,9.059302270918023
4,3,9,10,8.931935178587462
4,3,10,10,8.98345519548992
4,3,11,10,9.084316179498524
4,3,12,10,8.963931827239469
4,3,13,10,9.075296404307583
4,3,14,10,8.86065776989498
4,3,0,11,8.978993492717759
4,3,1,11,9.078583566662603
4,3,2,11,9.015150135644832
4,3,3,11,9.119691434328152
4,3,4,11,8.890710535591612
4,3,5,11,8.963901171631907
4,3,6,11,9.098763448025116
4,3,7,11,9.020650506024133
4,3,8,11,8.92781720653505
4,3,9,11,9.046464174334417
4,3,10,11,9.116809640817515
4,3,11,11,8.98118542901473
4,3,12,11,9.141038805261942
4,3,13,11,8.954207497360033
4,3,14,11,9.0334400392038
4,3,0,12,8.892978068865185
4,3,1,12,8.965785968216696
4,3,2,12,9.030437922826822
4,3,3,12,9.024625517832465
4,3,4,12,8.93460442971931
4,3,5,12,8.858324063099271
4,3,6,12,9.057155102708334
4,3,7,12,8.995389652649102
4,3,8,12,9.010726644625464
4,3,9,12,9.184923956165713
4,3,10,12,9.065187495434873
4,3,11,12,8.903344172928596
4,3,12,12,9.153116807114555
4,3,13,12,8.921924646514466
4,3,14,12,9.049404078767148
4,3,0,13,9.047239572906689
4,3,1,13,8.916420073932608
4,3,2,13,8.965870457237333
4,3,3,13,9.016612563694098
4,3,4,13,9.083733639875867
4,3,5,13,8.888198844760737
4,3,6,13,9.021946742079656
4,3,7,13,8.990961331992786
4,3,8,13,9.059241632167565
4,3,9,13,9.20017584134086
4,3,10,13,9.080772220309125
4,3,11,13,8.887490118981955
4,3,12,13,9.06131936138798
4,3,13,13,8.993806603238427
4,3,14,13,9.095560934002311
4,3,0,14,9.065635047345724
4,3,1,14,9.049690259225025
4,3,2,14,9.065675731524495
4,3,3,14,8.992467274676466
4,3,4,14,9.01938968417239
4,3,5,14,8.920768822129965
4,3,6,14,9.033335927856713
4,3,7,14,8.96355513676893
4,3,8,14,9.038047796976336
4,3,9,14,9.106789697507903
4,3,10,14,9.044088912758813
4,3,11,14,8.993367739577536
4,3,12,14,8.998490124340067
4,3,13,14,9.14031302428369
4,3,14,14,9.08851302084098
4,3,0,15,9.014165384574449
4,3,1,15,9.01280523086618
4,3,2,15,9.047949135405904
4,3,3,15,9.014381215371104
4,3,4,15,9.007043096582395
4,3,5,15,8.957023186811778
4,3,6,15,9.012188881157693
4,3,7,15,8.998720246742824
4,3,8,15,8.954203444695777
4,3,9,15,9.002568011942742
4,3,10,15,9.033875180080866
4,3,11,15,8.946105649985112
4,3,12,15,8.99078752664674
4,3,13,15,9.100880093133183
4,3,14,15,9.033610122993164
4,3,0,16,8.985361420946646
4,3,1,16,9.174953657716875
4,3,2,16,8.988306825453966
4,3,3,16,8.962433120309951
4,3,4,16,8.9891406803409
4,3,5,16,8.966864501457522
4,3,6,16,9.12459924273925
4,3,7,16,9.07082604119333
4,3,8,16,9.004043884570136
4,3,9,16,9.038754353757366
4,3,10,16,8.949931342335034
4,3,11,16,9.083682916678002
4,3,12,16,8.931319051535757
4,3,13,16,9.074456195684588
4,3,14,16,8.961982966816565
4,3,0,17,9.013368743919754
4,3,1,17,9.136775253135085
4,3,2,17,8.893252150750474
4,3,3,17,9.133894276635326
4,3,4,17,9.04291573013902
4,3,5,17,8.86753727639954
4,3,6,17,8.989444932115344
4,3,7,17,9.000128948507083
4,3,8,17,9.0189499773245
4,3,9,17,8.935630439804445
4,3,10,17,9.009125541129432
4,3,11,17,8.918154124757121
4,3,12,17,8.975950945385645
4,3,13,17,9.117079706771197
4,3,14,17,9.000491361889795
4,3,0,18,9.034373566770732
4,3,1,18,9.1283483634084
4,3,2,18,8.914788188317596
4,3,3,18,8.973282692940375
4,3,4,18,9.013233584847843
4,3,5,18,8.85964100395231
4,3,6,18,9.06178203077316
4,3,7,18,8.92412924714331
4,3,8,18,8.989692703127837
4,3,9,18,8.943393250239664
4,3,10,18,9.010264285203494
4,3,11,18,9.03839965649384
4,3,12,18,8.934501350263584
4,3,13,18,9.174076883776408
4,3,14,18,9.109929428429089
4,3,0,19,9.148423598500147
4,3,1,19,9.067845238033645
4,3,2,19,8.995705893156556
4,3,3,19,9.011170821139286
4,3,4,19,9.085112795164722
4,3,5,19,8.975103219012947
4,3,6,19,9.037997976528553
4,3,7,19,8.918198794092312
4,3,8,19,9.074131460233492
4,3,9,19,8.852025255479205
4,3,10,19,8.962403643664581
4,3,11,19,9.044351614573113
4,3,12,19,9.071004876011576
4,3,13,19,9.124967494370564
4,3,14,19,9.085980650770894
4,3,0,20,9.10278289489102
4,3,1,20,9.022666315673131
4,3,2,20,9.078144288199091
4,3,3,20,9.082431229391563
4,3,4,20,9.155008341070985
4,3,5,20,8.990365823025844
4,3,6,20,9.08581345334198
4,3,7,20,9.073443354066484
4,3,8,20,9.011427907929258
4,3,9,20,8.932811367168604
4,3,10,20,8.984082987807456
4,3,11,20,9.042226571606642
4,3,12,20,9.069150512081329
4,3,13,20,9.108791252487682
4,3,14,20,8.958887018124603
4,3,0,21,9.111934495607564
4,3,1,21,8.886658722722158
4,3,2,21,9.034252660739886
4,3,3,21,9.075520264336982
4,3,4,21,9.22513577450743
4,3,5,21,9.08499027496707
4,3,6,21,9.091474124945233
4,3,7,21,9.16448217199521
4,3,8,21,9.064136935080752
4,3,9,21,8.940567646237033
4,3,10,21,8.900918536709623
4,3,11,21,9.086289364882525
4,3,12,21,8.996998834905435
4,3,13,21,8.978387638878592
4,3,14,21,8.80650701637528
4,3,0,22,8.972646291469546
4,3,1,22,8.651285383189501
4,3,2,22,8.819056689904516
4,3,3,22,9.089861641512085
4,3,4,22,9.145924862433953
4,3,5,22,9.008623778815574
4,3,6,22,9.030139150337412
4,3,7,22,9.010286352076118
4,3,8,22,9.122824579516065
4,3,9,22,8.992835850467838
4,3,10,22,8.847757829808344
4,3,11,22,9.079374445651801
4,3,12,22,9.041081825093887
4,3,13,22,8.982603292380862
4,3,14,22,8.881168650425188
4,4,0,0,9.101492667624036
4,4,1,0,9.060229506803369
4,4,2,0,8.903921459497923
4,4,3,0,8.988648416069715
4,4,4,0,8.779077377695497
4,4,5,0,9.024363797715903
4,4,6,0,9.01471515865202
4,4,7,0,8.979578661406082
4,4,8,0,9.045561003307322
4,4,9,0,8.862387922771603
4,4,10,0,8.948430888635485
4,4,11,0,9.095361370835024
4,4,12,0,8.90396805668953
4,4,13,0,9.076518034435468
4,4,14,0,9.000776494059354
4,4,0,1,8.996296554337091
4,4,1,1,9.12222743469255
4,4,2,1,9.269254550475909
4,4,3,1,9.024905251899222
4,4,4,1,8.871821869725485
4,4,5,1,9.041993992257375
4,4,6,1,9.045434436275919
4,4,7,1,8.882828200514458
4,4,8,1,9.069201764814391
4,4,9,1,8.856822149943177
4,4,10,1,8.974650685971044
4,4,11,1,9.061062597099918
4,4,12,1,9.012314633802282
4,4,13,1,9.027689743891054
4,4,14,1,9.092096093333465
4,4,0,2,8.98017385876256
4,4,1,2,9.003756541211022
4,4,2,2,9.209767949454223
4,4,3,2,9.051306754447541
4,4,4,2,8.952678784785755
4,4,5,2,9.07165483126829
4,4,6,2,9.014254286437493
4,4,7,2,8.9282152248061
4,4,8,2,8.961359416113204
4,4,9,2,8.878014363557734
4,4,10,2,8.926827464469655
4,4,11,2,9.030757567313602
4,4,12,2,9.028308900702338
4,4,13,2,8.978551738623677
4,4,14,2,9.034051819187775
4,4,0,3,8.902985473522351
4,4,1,3,9.002009781118403
4,4,2,3,9.063169711756137
4,4,3,3,8.948740069477141
4,4,4,3,9.017241043894723
4,4,5,3,8.966934934802188
4,4,6,3,9.001281586891169
4,4,7,3,9.041215250218878
4,4,8,3,9.030365675441777
4,4,9,3,8.934624442366339
4,4,10,3,9.003525247604541
4,4,11,3,9.08299931197941
4,4,12,3,8.937255627435944
4,4,13,3,9.02676471982159
4,4,14,3,9.080521742440357
4,4,0,4,9.023572125852935
4,4,1,4,8.990167772933356
4,4,2,4,9.082576257780156
4,4,3,4,9.067043299231806
4,4,4,4,9.058976924759682
4,4,5,4,8.953226041327369
4,4,6,4,8.92427465455319
4,4,7,4,8.973239584215166
4,4,8,4,8.95491788817035
4,4,9,4,8.94885626986913
4,4,10,4,8.97351315506398
4,4,11,4,9.065053765552882
4,4,12,4,8.95460940699324
4,4,13,4,9.02287625010115
4,4,14,4,9.02343185945506
4,4,0,5,9.004954158729154
4,4,1,5,8.954997381419727
4,4,2,5,8.998949200331833
4,4,3,5,9.013327837171216
4,4,4,5,9.024572861903252
4,4,5,5,8.95275429916355
4,4,6,5,9.023136198782439
4,4,7,5,8.923811749183438
4,4,8,5,8.961231116955716
4,4,9,5,9.019090410380114
4,4,10,5,8.975543341824885
4,4,11,5,9.074783686088946
4,4,12,5,8.950337017306746
4,4,13,5,8.94978409623889
4,4,14,5,9.055427002031589
4,4,0,6,9.010666682213694
4,4,1,6,8.95507606182089
4,4,2,6,9.041131107927567
4,4,3,6,8.84909576144166
4,4,4,6,9.017332000096712
4,4,5,6,8.850713172716864
4,4,6,6,9.05700149522741
4,4,7,6,8.912569019020653
4,4,8,6,8.913525802530012
4,4,9,6,8.904701864603465
4,4,10,6,8.97420715823749
4,4,11,6,9.036417825770904
4,4,12,6,9.00569203569968
4,4,13,6,8.933150573509232
4,4,14,6,9.024005879494199
4,4,0,7,8.95466243415405
4,4,1,7,9.038763833689524
4,4,2,7,9.089524974928361
4,4,3,7,8.808518113780927
4,4,4,7,9.015255033108215
4,4,5,7,9.014188750027792
4,4,6,7,8.951082025449935
4,4,7,7,8.957079412882509
4,4,8,7,9.076800575434321
4,4,9,7,8.991349541507388
4,4,10,7,9.116296934294931
4,4,11,7,8.970548358091737
4,4,12,7,8.972505160313766
4,4,13,7,9.008973196708737
4,4,14,7,9.105561051865285
4,4,0,8,9.007151869741755
4,4,1,8,9.060468708345514
4,4,2,8,8.930426967869709
4,4,3,8,8.868240990724061
4,4,4,8,9.060710261682406
4,4,5,8,9.02128489509187
4,4,6,8,8.948343607198394
4,4,7,8,8.983063570180294
4,4,8,8,8.989091149197513
4,4,9,8,9.03984835069789
4,4,10,8,9.00832618025225
4,4,11,8,9.021073645766009
4,4,12,8,8.98160727310131
4,4,13,8,9.074805260273036
4,4,14,8,9.0967553713068
4,4,0,9,8.996833615573273
4,4,1,9,9.008561319249546
4,4,2,9,9.000181725454729
4,4,3,9,9.025990877971319
4,4,4,9,9.136313013851838
4,4,5,9,8.995442164074673
4,4,6,9,8.885313834494722
4,4,7,9,9.044792772331432
4,4,8,9,9.064477508376601
4,4,9,9,8.988020480069585
4,4,10,9,9.020619517257957
4,4,11,9,8.907535154299357
4,4,12,9,8.953832284798134
4,4,13,9,8.972893195050151
4,4,14,9,9.081791641936181
4,4,0,10,8.920454493306291
4,4,1,10,8.943964886348565
4,4,2,10,9.020736634276552
4,4,3,10,9.010715206592375
4,4,4,10,9.051112541410276
4,4,5,10,8.989633586640325
4,4,6,10,9.019071042130795
4,4,7,10,9.025378297466148
4,4,8,10,8.976930212163374
4,4,9,10,8.985186773971337
4,4,10,10,9.083699458293903
4,4,11,10,9.029737568968207
4,4,12,10,9.057183215510864
4,4,13,10,8.96485900997005
4,4,14,10,8.962635799659934
4,4,0,11,8.827015101562104
4,4,1,11,8.782188008424486
4,4,2,11,9.069554692228188
4,4,3,11,9.027184350053256
4,4,4,11,9.026503808224113
4,4,5,11,8.947690842566207
4,4,6,11,9.13856383980253
4,4,7,11,8.956318189024135
4,4,8,11,8.957212777642885
4,4,9,11,9.067394231251372
4,4,10,11,9.138972831477927
4,4,11,11,8.950317647704642
4,4,12,11,9.059524522783148
4,4,13,11,9.107443934350588
4,4,14,11,8.879683541093423
4,4,0,12,8.972170936987734
4,4,1,12,8.731740367542532
4,4,2,12,9.105727966517964
4,4,3,12,9.005189542928965
4,4,4,12,9.065726384996632
4,4,5,12,8.977066700866834
4,4,6,12,9.043439708411992
4,4,7,12,9.00050414120597
4,4,8,12,8.946008633996719
4,4,9,12,9.161726507219864
4,4,10,12,8.950118546259263
4,4,11,12,8.824313309338114
4,4,12,12,9.054186205902731
4,4,13,12,9.127007072305906
4,4,14,12,8.837465454136984
4,4,0,13,8.969208913655313
4,4,1,13,8.83210029266805
4,4,2,13,9.123390641621924
4,4,3,13,8.973403857911169
4,4,4,13,9.071850933008477
4,4,5,13,8.911880618977648
4,4,6,13,8.922655694730256
4,4,7,13,8.904874536782122
4,4,8,13,9.06146170586252
4,4,9,13,9.17910179061214
4,4,10,13,9.088476545729721
4,4,11,13,8.809636135642812
4,4,12,13,9.143570040907058
4,4,13,13,9.089558739209034
4,4,14,13,8.984916878370347
4,4,0,14,9.024725081020561
4,4,1,14,8.96858435343873
4,4,2,14,9.132203780784385
4,4,3,14,9.066414797364724
4,4,4,14,9.108760686828003
4,4,5,14,8.821452114889723
4,4,6,14,8.952042520553885
4,4,7,14,9.039501901032104
4,4,8,14,9.102018611241325
4,4,9,14,9.087170445892507
4,4,10,14,9.081258690933975
4,4,11,14,8.925313407660093
4,4,12,14,9.221542208643125
4,4,13,14,8.980951021835448
4,4,14,14,8.975920003258057
4,4,0,15,8.80326771314785
4,4,1,15,8.830469568079913
4,4,2,15,9.182101507878189
4,4,3,15,9.02462683938961
4,4,4,15,8.990466755552836
4,4,5,15,8.90936160383671
4,4,6,15,8.920314194011805
4,4,7,15,9.032809247280943
4,4,8,15,9.020168646254742
4,4,9,15,8.977860560117866
4,4,10,15,9.099658688555975
4,4,11,15,8.932769605246156
4,4,12,15,9.130878026044826
4,4,13,15,9.023680698322703
4,4,14,15,9.013895268980548
4,4,0,16,8.884689591489202
4,4,1,16,8.93600142783665
4,4,2,16,9.058526245699916
4,4,3,16,8.895944249238008
4,4,4,16,9.00600948758914
4,4,5,16,8.893742376333883
4,4,6,16,8.899514439558978
4,4,7,16,9.039989841563388
4,4,8,16,8.9402357712967
4,4,9,16,8.856463853549482
4,4,10,16,9.087856852841385
4,4,11,16,9.059117377224505
4,4,12,16,9.076542521211694
4,4,13,16,9.099014717286764
4,4,14,16,8.950636455199527
4,4,0,17,8.92103401182176
4,4,1,17,9.018306299308323
4,4,2,17,9.077001284815264
4,4,3,17,8.936425166482437
4,4,4,17,8.936073013399378
4,4,5,17,8.863901786213821
4,4,6,17,8.953120871773073
4,4,7,17,8.965949833359886
4,4,8,17,9.007888809973382
4,4,9,17,8.971110088647038
4,4,10,17,8.97205990271776
4,4,11,17,8.823660793825201
4,4,12,17,9.025304870429675
4,4,13,17,8.942781860498176
4,4,14,17,9.03490528411458
4,4,0,18,9.00079507049512
4,4,1,18,9.033956204412052
4,4,2,18,9.008733267087099
4,4,3,18,8.943943420179956
4,4,4,18,9.032425119455217
4,4,5,18,8.883964535570284
4,4,6,18,8.904318893900996
4,4,7,18,9.009042310715754
4,4,8,18,8.813544864705745
4,4,9,18,9.005443298465567
4,4,10,18,8.835357539455861
4,4,11,18,8.857527119173795
4,4,12,18,8.846897572696733
4,4,13,18,9.051068790515622
4,4,14,18,8.94495115718976
4,4,0,19,9.079970936926449
4,4,1,19,8.953987773284148
4,4,2,19,9.115821000081288
4,4,3,19,8.936618763272117
4,4,4,19,8.965354640464707
4,4,5,19,8.907165028055358
4,4,6,19,8.836237920234286
4,4,7,19,9.137179411314005
4,4,8,19,8.968108188045374
4,4,9,19,9.026051478022968
4,4,10,19,9.002636790073502
4,4,11,19,8.865724079727242
4,4,12,19,8.826053337679367
4,4,13,19,8.990227264008888
4,4,14,19,8.873759222292147
4,4,0,20,9.087380055393103
4,4,1,20,9.029672516062314
4,4,2,20,9.131705027813013
4,4,3,20,9.076889558971688
4,4,4,20,8.957347549763812
4,4,5,20,8.911604874086754
4,4,6,20,8.849911504409548
4,4,7,20,9.02836999071917
4,4,8,20,9.017391631166042
4,4,9,20,8.993894245036154
4,4,10,20,8.93910458469812
4,4,11,20,8.90982859306056
4,4,12,20,8.934518252074387
4,4,13,20,8.975474393279402
4,4,14,20,8.940155987852846
4,4,0,21,9.027578577207182
4,4,1,21,8.938650802997401
4,4,2,21,9.034947060029053
4,4,3,21,9.023545880011598
4,4,4,21,9.000106164526242
4,4,5,21,8.910313425171985
4,4,6,21,9.030583615598989
4,4,7,21,9.108362300858605
4,4,8,21,9.15787681613912
4,4,9,21,8.90048103313592
4,4,10,21,8.917037890440762
4,4,11,21,9.010766779726383
4,4,12,21,9.089274578883433
4,4,13,21,8.955974236831532
4,4,14,21,8.792298506404947
4,4,0,22,8.886441865026546
4,4,1,22,8.885767112777339
4,4,2,22,9.033996459745874
4,4,3,22,8.996817032173086
4,4,4,22,8.975722172036
4,4,5,22,8.719023230036424
4,4,6,22,9.022951101253419
4,4,7,22,9.026343798942722
4,4,8,22,9.002618386680092
4,4,9,22,8.98255510035288
4,4,10,22,9.025615912250208
4,4,11,22,8.956691750503992
4,4,12,22,9.020546776734411
4,4,13,22,8.84566752438268
4,4,14,22,8.896232798857525
4,5,0,0,8.939313947045816
4,5,1,0,8.959200732380271
4,5,2,0,8.864977469045003
4,5,3,0,8.970843787019678
4,5,4,0,9.051547680998844
4,5,5,0,9.114563212503255
4,5,6,0,8.929454532193455
4,5,7,0,8.984974981593489
4,5,8,0,8.992724041951547
4,5,9,0,8.988023839287395
4,5,10,0,8.99426201688224
4,5,11,0,9.083162458276435
4,5,12,0,8.91501110421085
4,5,13,0,9.074013575592973
4,5,14,0,8.940128051749797
4,5,0,1,8.953919480903084
4,5,1,1,9.093890492532408
4,5,2,1,8.98357695444448
4,5,3,1,9.056885863531704
4,5,4,1,9.091349366145291
4,5,5,1,9.090932863040944
4,5,6,1,9.017660863261984
4,5,7,1,9.172634212720697
4,5,8,1,8.970313528069056
4,5,9,1,8.936860279441605
4,5,10,1,8.935279441562262
4,5,11,1,8.96736197227569
4,5,12,1,8.96472676537933
4,5,13,1,8.987302072679293
4,5,14,1,9.06674089183118
4,5,0,2,8.965677353436071
4,5,1,2,9.084724928926283
4,5,2,2,8.992274241066156
4,5,3,2,9.106617640685583
4,5,4,2,8.981989469620487
4,5,5,2,9.062315835654696
4,5,6,2,9.063327950456516
4,5,7,2,9.155118284527449
4,5,8,2,8.995854801307715
4,5,9,2,8.94809210833209
4,5,10,2,8.9859753968008
4,5,11,2,9.078339980618624
4,5,12,2,9.07200217396854
4,5,13,2,9.11054971801367
4,5,14,2,9.048506245533362
4,5,0,3,9.070992928149483
4,5,1,3,9.177701043332592
4,5,2,3,9.11732898911143
4,5,3,3,9.183407912325196
4,5,4,3,8.971741973342416
4,5,5,3,8.9555935513446
4,5,6,3,9.083091404249284
4,5,7,3,9.149028063841834
4,5,8,3,9.031818005661309
4,5,9,3,8.926774830577893
4,5,10,3,8.87957848358198
4,5,11,3,9.122855177772754
4,5,12,3,8.933227973681067
4,5,13,3,8.996365882763792
4,5,14,3,8.929912262938979
4,5,0,4,8.933828984571598
4,5,1,4,8.961795298919917
4,5,2,4,8.975926972778446
4,5,3,4,9.076030272842232
4,5,4,4,8.978176515882572
4,5,5,4,9.08080281920509
4,5,6,4,9.01250045148386
4,5,7,4,9.064211876811648
4,5,8,4,8.997620549646715
4,5,9,4,8.887290475424708
4,5,10,4,9.018738837686769
4,5,11,4,8.98932406871632
4,5,12,4,8.89161235697058
4,5,13,4,8.948353090636159
4,5,14,4,8.994854078283112
4,5,0,5,8.991350129081683
4,5,1,5,9.05090913940841
4,5,2,5,8.87561821172715
4,5,3,5,9.089931241789737
4,5,4,5,9.033185444613204
4,5,5,5,8.902015795852165
4,5,6,5,9.078021103286087
4,5,7,5,9.00732614129962
4,5,8,5,8.958574251161888
4,5,9,5,8.927366809691957
4,5,10,5,9.200406152058795
4,5,11,5,9.097965593444107
4,5,12,5,8.933669449355907
4,5,13,5,9.019708632142358
4,5,14,5,9.033093712830164
4,5,0,6,9.034860810311901
4,5,1,6,9.071572665508333
4,5,2,6,8.95980389539632
4,5,3,6,8.928973801617648
4,5,4,6,9.066800125951197
4,5,5,6,9.024980808852568
4,5,6,6,9.123635592198076
4,5,7,6,8.97518017670658
4,5,8,6,8.918983441223595
4,5,9,6,8.732836697495046
4,5,10,6,9.238412904719421
4,5,11,6,9.07892259722699
4,5,12,6,8.966054742284152
4,5,13,6,8.984252527518406
4,5,14,6,8.955853544532912
4,5,0,7,9.03750023099962
4,5,1,7,9.120935714303428
4,5,2,7,8.951919995692574
4,5,3,7,8.918817927920976
4,5,4,7,9.116152897292144
4,5,5,7,8.883593206150458
4,5,6,7,9.107395682462153
4,5,7,7,9.013482262656208
4,5,8,7,8.858734249938621
4,5,9,7,8.853849221483477
4,5,10,7,9.201215334041066
4,5,11,7,9.089069215351612
4,5,12,7,8.980051435415714
4,5,13,7,8.88047973683214
4,5,14,7,8.885696353217817
4,5,0,8,9.025845921616805
4,5,1,8,9.057029592294999
4,5,2,8,8.831525989431958
4,5,3,8,8.999442794798707
4,5,4,8,9.103477965993278
4,5,5,8,8.918463539046174
4,5,6,8,9.020859793122213
4,5,7,8,8.955146919567097
4,5,8,8,8.974402071474879
4,5,9,8,8.955778746585462
4,5,10,8,9.066747388037726
4,5,11,8,9.015695254484408
4,5,12,8,8.89263988695266
4,5,13,8,8.91730840820063
4,5,14,8,8.940114166896825
4,5,0,9,8.962528022055166
4,5,1,9,8.971727059678386
4,5,2,9,8.827437440906762
4,5,3,9,9.008494582699038
4,5,4,9,9.151900268347202
4,5,5,9,8.869297605384949
4,5,6,9,9.051363478877656
4,5,7,9,8.97649473322859
4,5,8,9,8.941961354828099
4,5,9,9,9.185025773974438
4,5,10,9,8.935605998016818
4,5,11,9,9.053271125189667
4,5,12,9,8.986834861111989
4,5,13,9,8.987333246363882
4,5,14,9,8.985401733992804
4,5,0,10,8.975151364323425
4,5,1,10,9.087747305061983
4,5,2,10,8.865500100038712
4,5,3,10,8.9907043546185
4,5,4,10,9.037394057358506
4,5,5,10,8.80604160769197
4,5,6,10,9.123024329062355
4,5,7,10,9.230005149423599
4,5,8,10,9.055319142145573
4,5,9,10,9.130370972520634
4,5,10,10,8.996364412264207
4,5,11,10,9.051216556988674
4,5,12,10,9.019198704958736
4,5,13,10,8.924791761098549
4,5,14,10,9.115733774607012
4,5,0,11,9.131568911944324
4,5,1,11,8.968889208766662
4,5,2,11,8.946703386487187
4,5,3,11,8.935647733792926
4,5,4,11,9.10787280617512
4,5,5,11,9.013738053752753
4,5,6,11,8.940932895766872
4,5,7,11,9.103449840586283
4,5,8,11,9.160298243112972
4,5,9,11,8.99837546602694
4,5,10,11,8.952083701919758
4,5,11,11,8.941841723010864
4,5,12,11,9.005636254640594
4,5,13,11,8.93385658676554
4,5,14,11,9.012426412980776
4,5,0,12,9.113042657650558
4,5,1,12,8.958848838411853
4,5,2,12,9.124381885298702
4,5,3,12,8.849454451060705
4,5,4,12,8.976914497368066
4,5,5,12,9.049742494284233
4,5,6,12,9.196916160162365
4,5,7,12,8.941023467125628
4,5,8,12,9.061820678872591
4,5,9,12,9.165236719406066
4,5,10,12,8.826094937423244
4,5,11,12,8.956543915847247
4,5,12,12,9.037397271562298
4,5,13,12,8.86709115091582
4,5,14,12,9.139141913369643
4,5,0,13,8.926340840936058
4,5,1,13,9.005527147862674
4,5,2,13,9.018174566622132
4,5,3,13,8.902014786558535
4,5,4,13,9.008009459820437
4,5,5,13,9.01530183889513
4,5,6,13,9.04169998351084
4,5,7,13,8.857177155074528
4,5,8,13,8.921218496165464
4,5,9,13,8.911080310831546
4,5,10,13,8.825096321118343
4,5,11,13,8.96703951692913
4,5,12,13,9.043238584359562
4,5,13,13,8.940740650992048
4,5,14,13,9.105210151022176
4,5,0,14,8.98120898179691
4,5,1,14,8.98731954563251
4,5,2,14,9.173044827619401
4,5,3,14,8.981688410060412
4,5,4,14,9.00970757988608
4,5,5,14,8.974245449299413
4,5,6,14,9.112731647121466
4,5,7,14,8.954858324246972
4,5,8,14,8.988785007583562
4,5,9,14,8.803005552190644
4,5,10,14,8.97807239925035
4,5,11,14,8.952248333004105
4,5,12,14,9.04356906447271
4,5,13,14,8.98567047330268
4,5,14,14,9.065817456556395
4,5,0,15,9.115607178507137
4,5,1,15,9.050461549375417
4,5,2,15,9.070131872578134
4,5,3,15,9.055761132414803
4,5,4,15,9.073397326688616
4,5,5,15,9.037845860512185
4,5,6,15,9.073679856401979
4,5,7,15,9.059014604076465
4,5,8,15,9.128354965947567
4,5,9,15,9.12884703415432
4,5,10,15,9.091991148956861
4,5,11,15,8.98632014560798
4,5,12,15,8.900808703881252
4,5,13,15,8.945025589910523
4,5,14,15,9.060523992150621
4,5,0,16,9.101235776943598
4,5,1,16,8.865429774357612
4,5,2,16,9.047794084446654
4,5,3,16,9.030530198832482
4,5,4,16,9.004145710552539
4,5,5,16,8.832964934657566
4,5,6,16,9.044698628453657
4,5,7,16,9.0407009599567
4,5,8,16,9.029789865837463
4,5,9,16,9.075849523308364
4,5,10,16,9.006016816332377
4,5,11,16,9.043784018229266
4,5,12,16,9.07506930060326
4,5,13,16,8.93426897405048
4,5,14,16,8.9975792605097
4,5,0,17,9.103846617340203
4,5,1,17,8.966583509722767
4,5,2,17,9.12429988739542
4,5,3,17,8.965865894263834
4,5,4,17,8.975571898260291
4,5,5,17,8.812037467717344
4,5,6,17,9.076574171018548
4,5,7,17,9.055720031968935
4,5,8,17,8.948892277779155
4,5,9,17,9.126380247299869
4,5,10,17,9.006780036636737
4,5,11,17,8.9742805792767
4,5,12,17,8.90953750245809
4,5,13,17,9.038647158081194
4,5,14,17,8.985885507913657
4,5,0,18,8.993946386332503
4,5,1,18,8.943718853426137
4,5,2,18,9.115086726697395
4,5,3,18,8.765098290064167
4,5,4,18,8.97509116542306
4,5,5,18,8.929988647349123
4,5,6,18,9.079346716311909
4,5,7,18,9.14738940541002
4,5,8,18,8.864492748118106
4,5,9,18,9.02569984482184
4,5,10,18,8.9036375560677
4,5,11,18,9.026561022287249
4,5,12,18,9.016969229525614
4,5,13,18,8.991304633140746
4,5,14,18,8.85390925466434
4,5,0,19,9.117977259862922
4,5,1,19,9.086464718632596
4,5,2,19,9.075627348123108
4,5,3,19,8.864314363816398
4,5,4,19,8.90374344092684
4,5,5,19,8.985730457550419
4,5,6,19,9.017741897741384
4,5,7,19,9.093484690919114
4,5,8,19,9.009222166697981
4,5,9,19,8.9815715373182
4,5,10,19,9.076204096119385
4,5,11,19,9.070222378987378
4,5,12,19,9.049114229121987
4,5,13,19,8.959750296924467
4,5,14,19,8.776618181458018
4,5,0,20,9.070059366518032
4,5,1,20,8.950772723399826
4,5,2,20,9.028835342252767
4,5,3,20,8.855656401331895
4,5,4,20,8.914796686193862
4,5,5,20,9.038013031669774
4,5,6,20,9.027621671916233
4,5,7,20,9.091705047335402
4,5,8,20,8.995134811001895
4,5,9,20,9.026137684408491
4,5,10,20,9.023581873503778
4,5,11,20,8.929533681191792
4,5,12,20,9.094046483841915
4,5,13,20,9.0676856041105
4,5,14,20,8.972199732867631
4,5,0,21,9.02318177609873
4,5,1,21,9.017440970352364
4,5,2,21,9.016097759511341
4,5,3,21,8.888748616971382
4,5,4,21,8.982068347253149
4,5,5,21,8.942823901933842
4,5,6,21,9.049213670608484
4,5,7,21,9.06289399442184
4,5,8,21,9.05800170301734
4,5,9,21,9.097546766614114
4,5,10,21,8.964962846756709
4,5,11,21,8.994948380177497
4,5,12,21,8.984321635056748
4,5,13,21,9.037121572499476
4,5,14,21,9.044440299628219
4,5,0,22,9.034628481764543
4,5,1,22,9.052720077620204
4,5,2,22,9.159709648589516
4,5,3,22,8.914978433435666
4,5,4,22,9.089649711650134
4,5,5,22,8.90976376021983
4,5,6,22,8.855910206293773
4,5,7,22,8.964741341186219
4,5,8,22,9.137163892527875
4,5,9,22,8.851688459758972
4,5,10,22,8.820686761536855
4,5,11,22,8.909211929141003
4,5,12,22,8.96961794959946
4,5,13,22,8.960045214510073
4,5,14,22,8.707615972227282
4,6,0,0,8.987385262384988
4,6,1,0,8.839977745770476
4,6,2,0,9.113382132705294
4,6,3,0,9.124096515058133
4,6,4,0,8.958788888304177
4,6,5,0,8.991153053243682
4,6,6,0,8.88192477770987
4,6,7,0,9.031926193708713
4,6,8,0,9.011480712724241
4,6,9,0,8.843656140942677
4,6,10,0,9.00240380114688
4,6,11,0,8.974794476922128
4,6,12,0,8.997987338474774
4,6,13,0,8.968470954032737
4,6,14,0,8.956973571364399
4,6,0,1,8.977300448406012
4,6,1,1,8.840190927084096
4,6,2,1,9.079726504520279
4,6,3,1,8.993437033925057
4,6,4,1,9.056271826919424
4,6,5,1,9.02881501955424
4,6,6,1,8.933889320767847
4,6,7,1,9.068760892475266
4,6,8,1,9.063116214250943
4,6,9,1,8.925463815321084
4,6,10,1,9.016529064801901
4,6,11,1,8.953786847120698
4,6,12,1,8.938332155655578
4,6,13,1,8.94277703576701
4,6,14,1,8.858488868721778
4,6,0,2,9.002252689710323
4,6,1,2,9.017791928375733
4,6,2,2,9.121999690314423
4,6,3,2,8.929646122175336
4,6,4,2,9.053509232813433
4,6,5,2,8.93820274341247
4,6,6,2,8.981728924464166
4,6,7,2,8.923596714277224
4,6,8,2,9.161132662885635
4,6,9,2,9.054120032503064
4,6,10,2,8.993888135127175
4,6,11,2,9.064359624520625
4,6,12,2,8.876904692866198
4,6,13,2,8.919220009295184
4,6,14,2,8.88222581471302
4,6,0,3,8.913297461308463
4,6,1,3,9.038223628351702
4,6,2,3,8.996472601147982
4,6,3,3,8.95435946842264
4,6,4,3,8.949625415626432
4,6,5,3,9.132793830258157
4,6,6,3,8.910052068960649
4,6,7,3,8.939950433555893
4,6,8,3,9.089830341666529
4,6,9,3,9.053501594893316
4,6,10,3,8.952506098491513
4,6,11,3,9.073056829326402
4,6,12,3,8.906606865286976
4,6,13,3,8.982505491216536
4,6,14,3,8.92958104868256
4,6,0,4,8.882441394277917
4,6,1,4,8.980570781598788
4,6,2,4,8.926078297716833
4,6,3,4,9.129623997747396
4,6,4,4,8.792900091024265
4,6,5,4,9.045391225991612
4,6,6,4,8.941223212782532
4,6,7,4,8.969283472686508
4,6,8,4,9.136446569720274
4,6,9,4,9.034478273316426
4,6,10,4,9.08750161231268
4,6,11,4,9.04164053192581
4,6,12,4,8.907945924808997
4,6,13,4,9.17186561808409
4,6,14,4,8.919801998688053
4,6,0,5,8.914247807249547
4,6,1,5,8.948310859471457
4,6,2,5,8.818493188885858
4,6,3,5,9.168782361829598
4,6,4,5,8.840472994336553
4,6,5,5,8.969120682530066
4,6,6,5,8.975879158324679
4,6,7,5,9.015029334211325
4,6,8,5,9.16506053431356
4,6,9,5,8.970762951236283
4,6,10,5,8.893688263084456
4,6,11,5,8.810408986719661
4,6,12,5,8.963611212345146
4,6,13,5,9.085840522443744
4,6,14,5,8.98568477006411
4,6,0,6,8.888214282262375
4,6,1,6,8.940093899173664
4,6,2,6,8.892653374871944
4,6,3,6,9.081627139322865
4,6,4,6,8.925226930528924
4,6,5,6,8.950818471088324
4,6,6,6,9.05539673835025
4,6,7,6,9.03040105719855
4,6,8,6,9.058406862738972
4,6,9,6,9.066080552713645
4,6,10,6,8.922971701327238
4,6,11,6,8.854679458590278
4,6,12,6,8.982085559316552
4,6,13,6,8.980961700061771
4,6,14,6,8.945060085050507
4,6,0,7,8.96713501531028
4,6,1,7,8.988232904444532
4,6,2,7,8.96884858768434
4,6,3,7,8.973855742858271
4,6,4,7,8.92781622198664
4,6,5,7,8.962573970038349
4,6,6,7,8.906515777234857
4,6,7,7,9.139309836395048
4,6,8,7,9.082512531665946
4,6,9,7,8.979184046818858
4,6,10,7,8.955561637313448
4,6,11,7,9.005361970303493
4,6,12,7,8.960548764253748
4,6,13,7,9.027825654395423
4,6,14,7,9.072312722266497
4,6,0,8,9.024040110085512
4,6,1,8,9.007513253390508
4,6,2,8,9.081223157932595
4,6,3,8,8.795699220057019
4,6,4,8,9.135995816500971
4,6,5,8,8.934032654696425
4,6,6,8,9.06521254647392
4,6,7,8,9.019764076548928
4,6,8,8,9.203527540054026
4,6,9,8,8.868543028352459
4,6,10,8,9.04089519373724
4,6,11,8,9.002094412759426
4,6,12,8,8.86596279539945
4,6,13,8,9.144938720618956
4,6,14,8,9.007951689714364
4,6,0,9,8.969730814633479
4,6,1,9,9.135055338445731
4,6,2,9,8.851071729034548
4,6,3,9,8.96950566345108
4,6,4,9,8.98683136571223
4,6,5,9,8.951357539784379
4,6,6,9,8.93374621739456
4,6,7,9,9.12199744095618
4,6,8,9,9.028515065014453
4,6,9,9,8.943980994999862
4,6,10,9,9.188065188342936
4,6,11,9,9.085872823415103
4,6,12,9,8.958143956417867
4,6,13,9,9.077690133526712
4,6,14,9,8.862932166191836
4,6,0,10,8.966811045246006
4,6,1,10,9.035764411232856
4,6,2,10,8.9676447005153
4,6,3,10,8.866987821870161
4,6,4,10,8.840700532757602
4,6,5,10,9.120538331667646
4,6,6,10,8.844039248824098
4,6,7,10,8.943719332041407
4,6,8,10,8.930010229237254
4,6,9,10,8.978073605110858
4,6,10,10,9.16258237915227
4,6,11,10,9.123127351396347
4,6,12,10,8.8057693920439
4,6,13,10,9.163868232042313
4,6,14,10,8.975126855192316
4,6,0,11,9.147822298753278
4,6,1,11,8.985088957458848
4,6,2,11,9.03830439095941
4,6,3,11,8.978801425516362
4,6,4,11,8.690262468396972
4,6,5,11,9.039319155244424
4,6,6,11,8.941969613457141
4,6,7,11,8.877431453511724
4,6,8,11,8.971532915920372
4,6,9,11,9.107204959068987
4,6,10,11,9.041893248347971
4,6,11,11,9.143529528862237
4,6,12,11,8.961317632832806
4,6,13,11,9.075894343139398
4,6,14,11,8.891280712917398
4,6,0,12,9.056443621504679
4,6,1,12,9.196323451700284
4,6,2,12,9.092883070138985
4,6,3,12,9.088888612385466
4,6,4,12,8.625250149072574
4,6,5,12,8.986818988436228
4,6,6,12,9.208781529282033
4,6,7,12,8.889649950108376
4,6,8,12,9.006066700118344
4,6,9,12,9.158824262930205
4,6,10,12,8.968312659838734
4,6,11,12,9.123413220035236
4,6,12,12,8.932787574360308
4,6,13,12,9.070753307616123
4,6,14,12,8.979675804433075
4,6,0,13,9.050130482033769
4,6,1,13,9.102367623287643
4,6,2,13,9.022362704550371
4,6,3,13,9.09582694939574
4,6,4,13,8.881389420693118
4,6,5,13,9.014834023496894
4,6,6,13,8.963275478258279
4,6,7,13,9.08777522623832
4,6,8,13,8.961311258513499
4,6,9,13,9.01067285034203
4,6,10,13,8.883399561458452
4,6,11,13,9.02112673190438
4,6,12,13,8.941361706410785
4,6,13,13,9.105342692826346
4,6,14,13,9.059711582552705
4,6,0,14,9.002252548044254
4,6,1,14,9.14371036460004
4,6,2,14,8.954311290480751
4,6,3,14,8.928652804309314
4,6,4,14,8.985845854412378
4,6,5,14,8.874309075720682
4,6,6,14,8.920653469864213
4,6,7,14,9.177662253797745
4,6,8,14,9.013049014110832
4,6,9,14,9.019396950645895
4,6,10,14,8.793727239622163
4,6,11,14,9.070262821262906
4,6,12,14,9.071941311994907
4,6,13,14,9.157642477886611
4,6,14,14,9.082671742301832
4,6,0,15,9.144059716641145
4,6,1,15,9.164098577140658
4,6,2,15,9.13427254132281
4,6,3,15,8.88890668231648
4,6,4,15,9.074918191635481
4,6,5,15,8.82884538818866
4,6,6,15,8.790471347409493
4,6,7,15,9.012720742788721
4,6,8,15,9.107527056663159
4,6,9,15,8.976977079266643
4,6,10,15,8.699147554564147
4,6,11,15,9.050770048148474
4,6,12,15,9.09268592499566
4,6,13,15,9.145363278029587
4,6,14,15,9.03372591495749
4,6,0,16,9.08977036419575
4,6,1,16,9.108408094776104
4,6,2,16,9.055495631390302
4,6,3,16,9.047077614668543
4,6,4,16,8.951626286781766
4,6,5,16,8.935438211382294
4,6,6,16,9.048323903411466
4,6,7,16,9.035791824450515
4,6,8,16,9.176035190782617
4,6,9,16,8.873428926008687
4,6,10,16,8.826518469977065
4,6,11,16,9.004792852894646
4,6,12,16,9.06941677176614
4,6,13,16,9.062615248215694
4,6,14,16,9.001186584624763
4,6,0,17,8.960872913491228
4,6,1,17,9.04222031030085
4,6,2,17,8.950628181694764
4,6,3,17,9.020145697713234
4,6,4,17,8.923338617857512
4,6,5,17,8.942808177698854
4,6,6,17,9.02893215636531
4,6,7,17,9.044540991641094
4,6,8,17,9.136661939218163
4,6,9,17,8.699489751342748
4,6,10,17,8.98839588607928
4,6,11,17,9.029968159611267
4,6,12,17,8.991215833163988
4,6,13,17,9.11278640327809
4,6,14,17,9.023567003150937
4,6,0,18,9.061634947140123
4,6,1,18,9.068038184824003
4,6,2,18,9.000905458527814
4,6,3,18,9.050172157532463
4,6,4,18,8.863571548281222
4,6,5,18,8.900998524463152
4,6,6,18,9.228377316346196
4,6,7,18,9.051446846308938
4,6,8,18,8.924492584015189
4,6,9,18,8.982574162722944
4,6,10,18,8.873316288615815
4,6,11,18,9.026789704399997
4,6,12,18,8.910962116293371
4,6,13,18,9.105587773730239
4,6,14,18,9.08276972175276
4,6,0,19,9.136442460114093
4,6,1,19,9.158771985605147
4,6,2,19,8.930514198671851
4,6,3,19,8.939144816048888
4,6,4,19,8.956253216514714
4,6,5,19,8.925167148554117
4,6,6,19,9.080279298820715
4,6,7,19,9.022017146887245
4,6,8,19,8.94761530874162
4,6,9,19,9.048530638035198
4,6,10,19,9.128744179372354
4,6,11,19,9.109880844602683
4,6,12,19,9.000820189162551
4,6,13,19,8.962033485586101
4,6,14,19,9.092774811831317
4,6,0,20,9.04163395101612
4,6,1,20,9.043088935461968
4,6,2,20,8.93677889299836
4,6,3,20,9.057355489773562
4,6,4,20,9.037217297852093
4,6,5,20,8.937919184754731
4,6,6,20,9.077693070308177
4,6,7,20,9.044417165561004
4,6,8,20,8.823249197260418
4,6,9,20,9.045539337592077
4,6,10,20,9.083382383130969
4,6,11,20,9.165742184712578
4,6,12,20,9.160484049442497
4,6,13,20,8.836673253471712
4,6,14,20,9.022236844579064
4,6,0,21,8.992412412515698
4,6,1,21,9.074304664945625
4,6,2,21,8.890438087572846
4,6,3,21,9.173488160140474
4,6,4,21,8.868510989055968
4,6,5,21,8.829143881724244
4,6,6,21,8.997864968061899
4,6,7,21,8.864895703272293
4,6,8,21,8.99635129869261
4,6,9,21,8.955171367436074
4,6,10,21,8.860496684151732
4,6,11,21,9.021790908214976
4,6,12,21,9.01791904094046
4,6,13,21,8.759288539769043
4,6,14,21,9.080703302762984
4,6,0,22,8.786292150353523
4,6,1,22,9.01351964357501
4,6,2,22,8.156780048670585
4,6,3,22,8.971616788079793
4,6,4,22,9.062522323219776
4,6,5,22,8.79697829683698
4,6,6,22,8.841242320658848
4,6,7,22,8.89908737285077
4,6,8,22,8.907071319180247
4,6,9,22,8.868259758372846
4,6,10,22,8.982443213977698
4,6,11,22,8.985840125328595
4,6,12,22,8.955712051854354
4,6,13,22,8.909546199448714
4,6,14,22,9.015953865142706
4,7,0,0,8.970516648231285
4,7,1,0,8.898284485328697
4,7,2,0,9.000501486246813
4,7,3,0,9.041753190761582
4,7,4,0,9.025388274936972
4,7,5,0,9.050102257276768
4,7,6,0,8.919836706355321
4,7,7,0,9.010233212140527
4,7,8,0,8.871050246123614
4,7,9,0,8.991411846798853
4,7,10,0,8.943496277759
4,7,11,0,9.065741773641298
4,7,12,0,8.960663598736256
4,7,13,0,8.886567795245119
4,7,14,0,8.971440598344275
4,7,0,1,8.936145439799859
4,7,1,1,9.103736596254372
4,7,2,1,9.0825541581836
4,7,3,1,9.117551230088011
4,7,4,1,9.02710347130695
4,7,5,1,9.021123118245278
4,7,6,1,9.00130870819198
4,7,7,1,9.076065323224531
4,7,8,1,8.996700508515568
4,7,9,1,8.998679008235793
4,7,10,1,9.030091746655911
4,7,11,1,9.037550902018019
4,7,12,1,9.118927374166784
4,7,13,1,8.934401344580374
4,7,14,1,8.88815979604727
4,7,0,2,8.947006417928963
4,7,1,2,9.047785628784588
4,7,2,2,9.034063026140977
4,7,3,2,9.06669687705393
4,7,4,2,9.110987724893494
4,7,5,2,8.876535157324186
4,7,6,2,9.039357598375295
4,7,7,2,8.930864062260424
4,7,8,2,9.030701348115475
4,7,9,2,8.905057093603322
4,7,10,2,9.018540487779427
4,7,11,2,8.952523864578653
4,7,12,2,9.066194291721413
4,7,13,2,8.887618208267174
4,7,14,2,8.864860678227076
4,7,0,3,8.870302835073522
4,7,1,3,8.991670774729267
4,7,2,3,9.046699905884465
4,7,3,3,8.838843299492694
4,7,4,3,9.096452969447313
4,7,5,3,8.900738146116717
4,7,6,3,9.060367318561235
4,7,7,3,8.907372132520429
4,7,8,3,9.026850606805162
4,7,9,3,8.958556897626123
4,7,10,3,8.976644878674769
4,7,11,3,8.97761818559239
4,7,12,3,9.01834274692694
4,7,13,3,9.178506087311792
4,7,14,3,8.985211622835632
4,7,0,4,8.94699087862396
4,7,1,4,9.054871844090592
4,7,2,4,8.927820696101069
4,7,3,4,8.871722249848737
4,7,4,4,9.033482865046588
4,7,5,4,9.06424262835903
4,7,6,4,8.960795273199667
4,7,7,4,9.109115508175755
4,7,8,4,8.910030854268571
4,7,9,4,8.912529323544822
4,7,10,4,9.060549831252722
4,7,11,4,9.03759568746526
4,7,12,4,9.034213903924366
4,7,13,4,9.17568487315405
4,7,14,4,8.824514316308631
4,7,0,5,8.900736562200352
4,7,1,5,8.905769789826927
4,7,2,5,9.038694089103
4,7,3,5,8.921641603055246
4,7,4,5,8.955764626180857
4,7,5,5,9.00194386962818
4,7,6,5,9.014568774575983
4,7,7,5,9.109962956412312
4,7,8,5,8.92691770165441
4,7,9,5,9.088127292392032
4,7,10,5,9.029143419673785
4,7,11,5,9.10349897940512
4,7,12,5,9.118113856098686
4,7,13,5,9.072755653456941
4,7,14,5,8.762778042190448
4,7,0,6,8.933056336169157
4,7,1,6,8.983385130121581
4,7,2,6,9.07446554008822
4,7,3,6,8.770492579957585
4,7,4,6,8.937337376467463
4,7,5,6,8.918949571449435
4,7,6,6,9.097341504487767
4,7,7,6,9.066934143379358
4,7,8,6,9.055486652515452
4,7,9,6,8.96999474776462
4,7,10,6,8.928199271833286
4,7,11,6,9.121842561451624
4,7,12,6,9.126667770911894
4,7,13,6,8.946849076784089
4,7,14,6,9.017437234876496
4,7,0,7,8.917426747677418
4,7,1,7,8.94040919401518
4,7,2,7,9.076793495788078
4,7,3,7,9.000609381311643
4,7,4,7,8.979787391681707
4,7,5,7,9.058742678978282
4,7,6,7,9.055749753300475
4,7,7,7,9.074741608679775
4,7,8,7,9.059967957480346
4,7,9,7,9.146507656497223
4,7,10,7,9.008569261918339
4,7,11,7,9.049861647299856
4,7,12,7,9.02008705090641
4,7,13,7,9.160330994101248
4,7,14,7,9.08034907509462
4,7,0,8,8.716631259252656
4,7,1,8,8.897266955981722
4,7,2,8,9.126073753695417
4,7,3,8,9.096676897712815
4,7,4,8,8.93876438883761
4,7,5,8,9.069477530982057
4,7,6,8,8.967667254109184
4,7,7,8,9.106008874085227
4,7,8,8,8.906204024555795
4,7,9,8,9.0152789994833
4,7,10,8,8.938662183461716
4,7,11,8,9.04730578748267
4,7,12,8,8.954864553696973
4,7,13,8,9.021069859426632
4,7,14,8,8.96497133062834
4,7,0,9,8.929022813922021
4,7,1,9,8.915917218697793
4,7,2,9,9.106527292865495
4,7,3,9,9.077543425744883
4,7,4,9,8.972319665587781
4,7,5,9,9.172710517222738
4,7,6,9,9.34822599283688
4,7,7,9,9.116638954826328
4,7,8,9,8.94584835826892
4,7,9,9,8.956521993762836
4,7,10,9,8.812243516583813
4,7,11,9,8.976504395604536
4,7,12,9,8.987590589732195
4,7,13,9,9.0501521111319
4,7,14,9,9.030876071196483
4,7,0,10,9.151771686094113
4,7,1,10,8.91559864975515
4,7,2,10,8.877218281000118
4,7,3,10,8.949698884010905
4,7,4,10,9.022749994961169
4,7,5,10,9.09467006608701
4,7,6,10,9.049946577991815
4,7,7,10,9.012532951396228
4,7,8,10,9.076686112268051
4,7,9,10,8.90281341723738
4,7,10,10,8.944731159349843
4,7,11,10,8.956060175430956
4,7,12,10,8.957256912829363
4,7,13,10,8.98796498646307
4,7,14,10,8.951129692442201
4,7,0,11,9.101760466674305
4,7,1,11,9.052999099168712
4,7,2,11,9.00613497613644
4,7,3,11,9.086072964651194
4,7,4,11,9.105132303011013
4,7,5,11,9.03080526191944
4,7,6,11,9.093926328634064
4,7,7,11,8.996705171705967
4,7,8,11,9.050490667595701
4,7,9,11,8.945883407193897
4,7,10,11,9.01998018485399
4,7,11,11,8.987895816837009
4,7,12,11,9.043718952652569
4,7,13,11,9.014255153179828
4,7,14,11,9.065967084411168
4,7,0,12,9.136310106812335
4,7,1,12,9.024990674598548
4,7,2,12,8.956097237575
4,7,3,12,8.936718847788784
4,7,4,12,9.125410704879258
4,7,5,12,9.152543101951558
4,7,6,12,9.05991341573841
4,7,7,12,8.927912338247916
4,7,8,12,9.10318231014703
4,7,9,12,8.993089132967677
4,7,10,12,9.014532541966327
4,7,11,12,8.986040639803328
4,7,12,12,8.956585235123752
4,7,13,12,9.048197098796525
4,7,14,12,9.035625224436593
4,7,0,13,9.047494649555528
4,7,1,13,9.13223038419611
4,7,2,13,9.055497433450176
4,7,3,13,9.067536089281537
4,7,4,13,9.05527338083424
4,7,5,13,9.202753137606992
4,7,6,13,9.032303112770435
4,7,7,13,8.86774566277998
4,7,8,13,9.004218142886964
4,7,9,13,9.029714264121798
4,7,10,13,9.038243416664066
4,7,11,13,9.170194673169926
4,7,12,13,8.95607341483765
4,7,13,13,8.886357112838143
4,7,14,13,9.00260129473992
4,7,0,14,9.02174144734338
4,7,1,14,8.936177957198955
4,7,2,14,8.932389258109763
4,7,3,14,9.11153433138462
4,7,4,14,9.0640416441824
4,7,5,14,9.027465585008656
4,7,6,14,9.158532229950822
4,7,7,14,8.70027145997823
4,7,8,14,8.798138998265424
4,7,9,14,8.943013999041545
4,7,10,14,9.041560617971497
4,7,11,14,9.045775822359023
4,7,12,14,8.939285691394234
4,7,13,14,9.019843441248462
4,7,14,14,9.064816004995741
4,7,0,15,8.866457080005885
4,7,1,15,8.911818183343433
4,7,2,15,8.964747052647708
4,7,3,15,8.954913561001055
4,7,4,15,9.037731022794473
4,7,5,15,8.937571682455586
4,7,6,15,9.104422243156192
4,7,7,15,8.856905480308969
4,7,8,15,8.949347463457629
4,7,9,15,8.88869420279565
4,7,10,15,9.052458620118394
4,7,11,15,8.903181497373346
4,7,12,15,9.098285698235612
4,7,13,15,8.953640155602312
4,7,14,15,8.979567904411772
4,7,0,16,8.86448170899045
4,7,1,16,8.93595013489865
4,7,2,16,8.987358517516958
4,7,3,16,9.023665145389556
4,7,4,16,9.020406205609715
4,7,5,16,8.926505718505561
4,7,6,16,8.952130026363758
4,7,7,16,8.97649464988073
4,7,8,16,8.836259527521689
4,7,9,16,8.9573318418308
4,7,10,16,8.889333585547988
4,7,11,16,9.00993771289946
4,7,12,16,8.884019390725877
4,7,13,16,9.020905762455746
4,7,14,16,8.983539655388912
4,7,0,17,8.982176577588184
4,7,1,17,8.945194429544799
4,7,2,17,9.038072699041962
4,7,3,17,8.9730911578001
4,7,4,17,9.032912461885712
4,7,5,17,9.073902025209817
4,7,6,17,8.996757607168846
4,7,7,17,8.9871199319213
4,7,8,17,8.934114624876575
4,7,9,17,8.951893825499006
4,7,10,17,8.874422708651652
4,7,11,17,8.97233810326176
4,7,12,17,9.023339826269334
4,7,13,17,9.014382354524775
4,7,14,17,9.123428745763407
4,7,0,18,8.975824943442126
4,7,1,18,9.023696899523369
4,7,2,18,9.048446693208776
4,7,3,18,8.942871854758296
4,7,4,18,8.89154544853051
4,7,5,18,9.10973238548567
4,7,6,18,9.031729677956053
4,7,7,18,8.977532451631856
4,7,8,18,8.88265586042299
4,7,9,18,8.994995720032327
4,7,10,18,9.055262400980284
4,7,11,18,8.941359230821893
4,7,12,18,8.84890774193781
4,7,13,18,9.019171082124325
4,7,14,18,9.081801871447867
4,7,0,19,9.084813374032917
4,7,1,19,9.077908251378565
4,7,2,19,8.971129754810164
4,7,3,19,9.018486967677054
4,7,4,19,8.881127900039925
4,7,5,19,9.016949961813305
4,7,6,19,8.947785061571071
4,7,7,19,9.035016802104082
4,7,8,19,8.872519439516882
4,7,9,19,8.869874495177266
4,7,10,19,9.011970475828635
4,7,11,19,9.094967589425691
4,7,12,19,8.813179568079924
4,7,13,19,8.865901629412463
4,7,14,19,8.91910840906138
4,7,0,20,9.003439387461336
4,7,1,20,9.070962032144454
4,7,2,20,9.24720073456987
4,7,3,20,9.070523501356837
4,7,4,20,8.87175717802781
4,7,5,20,8.949756396920344
4,7,6,20,8.916616158138174
4,7,7,20,8.967371720209483
4,7,8,20,8.821974587790061
4,7,9,20,8.923698955985563
4,7,10,20,9.171660455178765
4,7,11,20,8.992454824048377
4,7,12,20,7.961349218535304
4,7,13,20,8.976298157216275
4,7,14,20,8.976228918593444
4,7,0,21,9.071685210435323
4,7,1,21,8.913069232774555
4,7,2,21,9.176501926283049
4,7,3,21,8.84665364001955
4,7,4,21,8.913427666615043
4,7,5,21,9.054873276554403
4,7,6,21,8.938454676518873
4,7,7,21,8.801430188105261
4,7,8,21,8.875725652657328
4,7,9,21,9.017416190760692
4,7,10,21,8.947199570384827
4,7,11,21,8.986661522589907
4,7,12,21,4.60381092367589
4,7,13,21,9.09731785241218
4,7,14,21,8.863335268946457
4,7,0,22,8.759749619793507
4,7,1,22,9.008725287840315
4,7,2,22,9.03145817627229
4,7,3,22,8.932356420809521
4,7,4,22,8.944503927264398
4,7,5,22,9.092997921939226
4,7,6,22,8.950423740750349
4,7,7,22,9.034620537501958
4,7,8,22,8.640339012631488
4,7,9,22,8.982085072368765
4,7,10,22,8.912866836565863
4,7,11,22,8.901060611154447
4,7,12,22,0.2312972967399422
4,7,13,22,8.956014545278498
4,7,14,22,8.744069445019576
4,8,0,0,8.9756281189784
4,8,1,0,8.957959209005397
4,8,2,0,9.009956153366122
4,8,3,0,8.983413236374373
4,8,4,0,8.955336634950347
4,8,5,0,9.005241585567155
4,8,6,0,9.100469820302365
4,8,7,0,8.993076681131921
4,8,8,0,9.032215149764758
4,8,9,0,8.851418633243501
4,8,10,0,8.936406920360335
4,8,11,0,9.04589386052798
4,8,12,0,9.127803502606621
4,8,13,0,9.09385147272996
4,8,14,0,8.972325267000134
4,8,0,1,8.892139253854596
4,8,1,1,8.845006307198407
4,8,2,1,8.980373968937784
4,8,3,1,8.981405362204155
4,8,4,1,8.770961819553385
4,8,5,1,9.097709457294577
4,8,6,1,9.09765116177996
4,8,7,1,9.006713637849076
4,8,8,1,8.981433087968202
4,8,9,1,8.934703194994066
4,8,10,1,8.92840115529561
4,8,11,1,9.040292528128964
4,8,12,1,9.000010487950496
4,8,13,1,9.135000678363545
4,8,14,1,8.942828467028479
4,8,0,2,8.947239383396575
4,8,1,2,8.990253862392837
4,8,2,2,8.919221204184053
4,8,3,2,8.71645037751442
4,8,4,2,9.014048873840448
4,8,5,2,9.029731645028955
4,8,6,2,9.058359563033274
4,8,7,2,9.149043958072685
4,8,8,2,8.897198359431957
4,8,9,2,9.048491549562517
4,8,10,2,8.872841907305586
4,8,11,2,8.923931245495709
4,8,12,2,9.074397982989787
4,8,13,2,9.009515490354485
4,8,14,2,8.851615488478016
4,8,0,3,8.947498657212122
4,8,1,3,8.87911525472889
4,8,2,3,8.904379678053756
4,8,3,3,9.049809132550061
4,8,4,3,9.04724935967724
4,8,5,3,8.967581167003365
4,8,6,3,8.909242653715326
4,8,7,3,9.033045313608076
4,8,8,3,9.0105598060623
4,8,9,3,8.941697971229313
4,8,10,3,8.930747722692885
4,8,11,3,9.00145887885346
4,8,12,3,9.030396726322216
4,8,13,3,9.034950525038518
4,8,14,3,8.972083761965566
4,8,0,4,8.989594132488568
4,8,1,4,9.09432351210662
4,8,2,4,9.03837086743512
4,8,3,4,8.906135522054262
4,8,4,4,8.976883295219313
4,8,5,4,9.053366431710932
4,8,6,4,9.005644308776006
4,8,7,4,9.109806031565334
4,8,8,4,9.073408943952831
4,8,9,4,8.928179624306102
4,8,10,4,8.957539565097804
4,8,11,4,8.892688785808787
4,8,12,4,8.900725175926105
4,8,13,4,9.075676381566684
4,8,14,4,8.790964714640843
4,8,0,5,9.100132799127222
4,8,1,5,8.953766686577902
4,8,2,5,8.997720223387093
4,8,3,5,8.866134680102604
4,8,4,5,9.159652667627695
4,8,5,5,8.906438390404775
4,8,6,5,8.865854872100929
4,8,7,5,9.06306471625612
4,8,8,5,9.041694670488745
4,8,9,5,8.767878685361469
4,8,10,5,9.007727275947353
4,8,11,5,8.960245540810337
4,8,12,5,8.727265190526179
4,8,13,5,8.91706277000904
4,8,14,5,9.128524198014455
4,8,0,6,8.909757510464729
4,8,1,6,8.744214005469338
4,8,2,6,9.027002241668992
4,8,3,6,9.04360827985225
4,8,4,6,9.146479049910658
4,8,5,6,9.02202985004783
4,8,6,6,8.908423957339563
4,8,7,6,9.06922850342946
4,8,8,6,9.049719010638896
4,8,9,6,8.849415908512073
4,8,10,6,9.054866272585054
4,8,11,6,8.849642402620221
4,8,12,6,9.0200013660818
4,8,13,6,8.875000636555061
4,8,14,6,9.146834757529787
4,8,0,7,8.884004074674833
4,8,1,7,9.04266639183383
4,8,2,7,8.964483152571976
4,8,3,7,9.054050756409541
4,8,4,7,9.009193915701346
4,8,5,7,8.950038631447644
4,8,6,7,9.03915311125435
4,8,7,7,8.968706947211844
4,8,8,7,8.957145451829792
4,8,9,7,8.820653319284752
4,8,10,7,8.961997538626155
4,8,11,7,8.891405555856629
4,8,12,7,8.942447266082189
4,8,13,7,8.945684405392077
4,8,14,7,9.064436180304206
4,8,0,8,9.076249836842255
4,8,1,8,8.99588305635925
4,8,2,8,9.147555575908047
4,8,3,8,9.10227994290775
4,8,4,8,9.047135515268906
4,8,5,8,8.861151463743647
4,8,6,8,8.92507066504017
4,8,7,8,8.958229473167737
4,8,8,8,8.906948935357672
4,8,9,8,8.952814196169804
4,8,10,8,8.850335172351683
4,8,11,8,8.735543370426122
4,8,12,8,8.935386694574893
4,8,13,8,9.113930056664488
4,8,14,8,8.781481558844954
4,8,0,9,8.87239457046965
4,8,1,9,9.018304051519266
4,8,2,9,8.901230222047124
4,8,3,9,9.021886719835175
4,8,4,9,8.986155761750474
4,8,5,9,8.941742636100505
4,8,6,9,9.144318431611408
4,8,7,9,8.912104314120954
4,8,8,9,9.062797515296374
4,8,9,9,8.992575242990618
4,8,10,9,8.785170234751115
4,8,11,9,9.062835452936339
4,8,12,9,8.99577245025288
4,8,13,9,8.969014144316846
4,8,14,9,8.961224333561265
4,8,0,10,8.858750845400147
4,8,1,10,9.05837590165379
4,8,2,10,8.95574382633187
4,8,3,10,8.908300377729562
4,8,4,10,9.034940222345545
4,8,5,10,9.043574035882454
4,8,6,10,8.998436684248043
4,8,7,10,8.873161551853007
4,8,8,10,9.098969480989924
4,8,9,10,9.059534437805668
4,8,10,10,9.018471633761356
4,8,11,10,9.092612714701437
4,8,12,10,8.902742404254143
4,8,13,10,8.981430721612714
4,8,14,10,9.069896126746803
4,8,0,11,8.976574209306616
4,8,1,11,8.881297984629182
4,8,2,11,8.836143612460937
4,8,3,11,8.95992500198501
4,8,4,11,8.976288213928305
4,8,5,11,8.962646597702767
4,8,6,11,9.168617085107401
4,8,7,11,8.94724722767008
4,8,8,11,8.93786816293897
4,8,9,11,8.920356217584134
4,8,10,11,9.042709495065923
4,8,11,11,8.959978539574646
4,8,12,11,8.794403986682557
4,8,13,11,8.996568269135818
4,8,14,11,8.976979614357735
4,8,0,12,8.785442703397111
4,8,1,12,9.001026321323733
4,8,2,12,8.866113353453352
4,8,3,12,8.97113862826567
4,8,4,12,9.109475576560884
4,8,5,12,8.890505837316715
4,8,6,12,9.029360573062515
4,8,7,12,8.904459098446463
4,8,8,12,8.925286165331695
4,8,9,12,8.818207994058206
4,8,10,12,9.071360088855897
4,8,11,12,8.864922501157091
4,8,12,12,8.931152728146728
4,8,13,12,8.907364143714913
4,8,14,12,9.096504407920527
4,8,0,13,8.998508369556014
4,8,1,13,9.095149096976954
4,8,2,13,8.97825191825125
4,8,3,13,8.984199037411189
4,8,4,13,8.962936218547762
4,8,5,13,8.88179086012898
4,8,6,13,9.045745502798306
4,8,7,13,8.869390021882968
4,8,8,13,9.028191818540549
4,8,9,13,8.989900871360868
4,8,10,13,9.068991227337092
4,8,11,13,8.930699735229304
4,8,12,13,8.970484738262599
4,8,13,13,9.099285409997538
4,8,14,13,8.938111430815004
4,8,0,14,9.110990809816375
4,8,1,14,9.06558751432273
4,8,2,14,8.927905069111796
4,8,3,14,8.961464180337101
4,8,4,14,9.01390287588674
4,8,5,14,8.88390053503713
4,8,6,14,9.070733788897831
4,8,7,14,9.111476962609004
4,8,8,14,9.023042507922412
4,8,9,14,8.976524723372313
4,8,10,14,9.070015241222249
4,8,11,14,8.97503835585507
4,8,12,14,8.881879937084953
4,8,13,14,8.84706270763765
4,8,14,14,8.943441764783827
4,8,0,15,9.00276576309275
4,8,1,15,9.107691828618346
4,8,2,15,8.977552040004833
4,8,3,15,8.93756233802997
4,8,4,15,9.078121382068195
4,8,5,15,9.097147118698718
4,8,6,15,9.08862564776653
4,8,7,15,9.032244389469689
4,8,8,15,9.072270402685742
4,8,9,15,8.873955945012371
4,8,10,15,9.01432311725767
4,8,11,15,9.024402304660907
4,8,12,15,8.803799984405945
4,8,13,15,9.061302408262321
4,8,14,15,9.01664184841888
4,8,0,16,8.89253107796583
4,8,1,16,9.174117617850834
4,8,2,16,8.979507562981548
4,8,3,16,9.074949943749077
4,8,4,16,9.080475840324583
4,8,5,16,9.036905300029314
4,8,6,16,8.913795635306604
4,8,7,16,9.245295043239524
4,8,8,16,9.049495756209703
4,8,9,16,8.995124846292734
4,8,10,16,8.992413370912884
4,8,11,16,8.909037805452483
4,8,12,16,9.019218216815174
4,8,13,16,9.115482134470149
4,8,14,16,8.885827871538678
4,8,0,17,8.871142681395433
4,8,1,17,9.025728947206456
4,8,2,17,9.029752051344035
4,8,3,17,8.90250052632106
4,8,4,17,9.095954439516158
4,8,5,17,8.998638874331562
4,8,6,17,8.92231123522684
4,8,7,17,9.032640268766288
4,8,8,17,9.051805340523478
4,8,9,17,8.991983595412837
4,8,10,17,8.954614484334806
4,8,11,17,8.989558024895839
4,8,12,17,9.075214007247801
4,8,13,17,9.009046696906859
4,8,14,17,8.975066631572092
4,8,0,18,9.098667798136953
4,8,1,18,8.934872810529257
4,8,2,18,8.919746891751934
4,8,3,18,8.822530257973504
4,8,4,18,9.087610958418791
4,8,5,18,9.034525556648326
4,8,6,18,8.963661548227192
4,8,7,18,9.104143682482274
4,8,8,18,8.969392034253257
4,8,9,18,9.00033670818219
4,8,10,18,9.006951336201384
4,8,11,18,8.859777580478038
4,8,12,18,9.106976069337001
4,8,13,18,8.851509851486785
4,8,14,18,9.138526244944327
4,8,0,19,8.994643491930391
4,8,1,19,8.9538920678971
4,8,2,19,9.002000861530606
4,8,3,19,8.982622783187148
4,8,4,19,9.121212540894687
4,8,5,19,9.06604610320005
4,8,6,19,9.042462750033113
4,8,7,19,9.026664383837975
4,8,8,19,8.88459680340614
4,8,9,19,9.060011185019617
4,8,10,19,9.007861642440089
4,8,11,19,8.974034171315987
4,8,12,19,8.962028576922798
4,8,13,19,8.941525817997205
4,8,14,19,9.199953779282247
4,8,0,20,8.931636755462078
4,8,1,20,8.861714992224062
4,8,2,20,8.914039324762303
4,8,3,20,8.785930654950747
4,8,4,20,9.04018627569434
4,8,5,20,9.100508856964188
4,8,6,20,9.10187616213467
4,8,7,20,8.97533677599526
4,8,8,20,9.0551533511621
4,8,9,20,8.984388813204864
4,8,10,20,9.04484735564039
4,8,11,20,8.953121340019834
4,8,12,20,9.043743190667243
4,8,13,20,8.957417586350159
4,8,14,20,9.177661874093932
4,8,0,21,9.100661493771131
4,8,1,21,8.852754978887983
4,8,2,21,8.838894421563278
4,8,3,21,8.978570845886042
4,8,4,21,8.889005215289396
4,8,5,21,9.120089771814605
4,8,6,21,9.129994699147604
4,8,7,21,8.537755128306978
4,8,8,21,8.994647328862913
4,8,9,21,8.966452257583029
4,8,10,21,8.930290598257669
4,8,11,21,8.962558992502757
4,8,12,21,8.874802179224723
4,8,13,21,8.930768255084446
4,8,14,21,8.912413019414094
4,8,0,22,8.934354249445827
4,8,1,22,8.953064936918029
4,8,2,22,9.018275628288766
4,8,3,22,8.826936555443986
4,8,4,22,8.761572987742946
4,8,5,22,8.950905341670538
4,8,6,22,9.025933621832166
4,8,7,22,5.522939401152498
4,8,8,22,9.057449378665769
4,8,9,22,8.976654894675033
4,8,10,22,8.938023222648058
4,8,11,22,8.982639847285288
4,8,12,22,8.683580610294475
4,8,13,22,9.085386630520942
4,8,14,22,8.532283500803013
4,9,0,0,9.04083175106443
4,9,1,0,8.984257563002283
4,9,2,0,9.082099043219499
4,9,3,0,9.087153593893406
4,9,4,0,9.014859967470464
4,9,5,0,8.932547246748305
4,9,6,0,8.939423036763921
4,9,7,0,9.038851285327835
4,9,8,0,8.898159224961931
4,9,9,0,8.758225910299947
4,9,10,0,8.865650007202625
4,9,11,0,9.005835658120766
4,9,12,0,8.983160492946054
4,9,13,0,8.876701088695787
4,9,14,0,8.85132658774398
4,9,0,1,8.802566526340602
4,9,1,1,9.061856345233169
4,9,2,1,8.917015401473316
4,9,3,1,8.98470089137365
4,9,4,1,9.017887245462221
4,9,5,1,8.744764046200883
4,9,6,1,8.95915341858724
4,9,7,1,8.78890262980987
4,9,8,1,9.073342158394809
4,9,9,1,8.955898388702975
4,9,10,1,8.902505946052095
4,9,11,1,9.102682870011826
4,9,12,1,8.98854878338816
4,9,13,1,8.820103056007303
4,9,14,1,8.831540653945057
4,9,0,2,8.760582501364517
4,9,1,2,9.147058328849614
4,9,2,2,8.986399423876799
4,9,3,2,8.797631731309306
4,9,4,2,8.921889708137147
4,9,5,2,8.975270064668047
4,9,6,2,9.046958409085184
4,9,7,2,8.923242433050529
4,9,8,2,8.910428113679673
4,9,9,2,8.827978294592834
4,9,10,2,9.032935203783017
4,9,11,2,9.125962703798972
4,9,12,2,9.011925317395157
4,9,13,2,9.230273743607004
4,9,14,2,8.83152345011131
4,9,0,3,9.112349638560952
4,9,1,3,9.12501246069262
4,9,2,3,9.104955279695702
4,9,3,3,8.989726818666878
4,9,4,3,8.99060554171359
4,9,5,3,8.992797388912592
4,9,6,3,9.030423394636006
4,9,7,3,8.832121679529688
4,9,8,3,8.96362008765191
4,9,9,3,8.841598199858492
4,9,10,3,8.902054240637172
4,9,11,3,9.02347986173106
4,9,12,3,8.86839369006012
4,9,13,3,8.982442812148252
4,9,14,3,8.952353287014986
4,9,0,4,9.14188381318458
4,9,1,4,9.17005898597485
4,9,2,4,9.08159860464174
4,9,3,4,8.827326805590342
4,9,4,4,9.115159195846985
4,9,5,4,8.977263548078763
4,9,6,4,9.101550493043115
4,9,7,4,8.977422563962975
4,9,8,4,8.857242320341657
4,9,9,4,9.044440643797888
4,9,10,4,8.955486686033447
4,9,11,4,8.855923504370617
4,9,12,4,9.02897552352458
4,9,13,4,8.921382167703882
4,9,14,4,8.949955417594493
4,9,0,5,8.895091963348348
4,9,1,5,9.179734961636248
4,9,2,5,8.952784157092406
4,9,3,5,9.039077708940384
4,9,4,5,9.068083315959338
4,9,5,5,9.022894720761576
4,9,6,5,9.111756327515973
4,9,7,5,8.937160707906683
4,9,8,5,8.872970552749306
4,9,9,5,8.897590916640965
4,9,10,5,8.941608003043592
4,9,11,5,9.026664481910815
4,9,12,5,8.919593608491281
4,9,13,5,8.874423033118724
4,9,14,5,9.049867374336475
4,9,0,6,8.86245323123435
4,9,1,6,9.070873883340274
4,9,2,6,9.000655156166996
4,9,3,6,8.971327270331003
4,9,4,6,9.018347500900948
4,9,5,6,8.973360394043924
4,9,6,6,9.1974829216503
4,9,7,6,8.909827179342527
4,9,8,6,8.944497667315689
4,9,9,6,8.940976098503715
4,9,10,6,8.906365089997115
4,9,11,6,9.069354845393818
4,9,12,6,8.860312201866131
4,9,13,6,8.896715891301717
4,9,14,6,9.069549066218046
4,9,0,7,9.09995581419306
4,9,1,7,8.924105700540384
4,9,2,7,9.056714122908033
4,9,3,7,9.072100931603732
4,9,4,7,8.81577754240284
4,9,5,7,9.002949279916546
4,9,6,7,9.111570232324848
4,9,7,7,9.098898982690663
4,9,8,7,8.956428473036476
4,9,9,7,9.028589117913963
4,9,10,7,9.034018182868733
4,9,11,7,9.112262566743905
4,9,12,7,9.039898482879373
4,9,13,7,9.055321061024841
4,9,14,7,8.974977129843351
4,9,0,8,8.97107465795751
4,9,1,8,8.943352502991138
4,9,2,8,9.038759035487686
4,9,3,8,8.97324051028825
4,9,4,8,8.68842787430355
4,9,5,8,8.97348032328899
4,9,6,8,9.025304193879075
4,9,7,8,8.871763175075209
4,9,8,8,8.918633507399411
4,9,9,8,9.102585022974134
4,9,10,8,9.161863426734877
4,9,11,8,9.033469210440868
4,9,12,8,8.851600194245284
4,9,13,8,8.912692716286827
4,9,14,8,8.97558510779607
4,9,0,9,8.982650627806091
4,9,1,9,9.091497615423448
4,9,2,9,8.962039369170178
4,9,3,9,8.846622066953516
4,9,4,9,8.889890850221509
4,9,5,9,8.840745369988504
4,9,6,9,8.883794088117835
4,9,7,9,8.82851169429119
4,9,8,9,8.988406276881832
4,9,9,9,9.08443731421995
4,9,10,9,9.176613987190679
4,9,11,9,8.950635366254996
4,9,12,9,8.900049169318422
4,9,13,9,9.016876427026464
4,9,14,9,9.121540925968594
4,9,0,10,8.989330959587841
4,9,1,10,8.949378238447192
4,9,2,10,9.004945571967308
4,9,3,10,9.006153462158286
4,9,4,10,8.919230374470368
4,9,5,10,9.005276049555917
4,9,6,10,9.123880967237058
4,9,7,10,9.070033420590043
4,9,8,10,9.03174686200125
4,9,9,10,9.06436369846473
4,9,10,10,8.894755793965489
4,9,11,10,8.91469197052085
4,9,12,10,8.817334431531078
4,9,13,10,9.000153530257894
4,9,14,10,9.116212142442215
4,9,0,11,8.963574254653723
4,9,1,11,9.031426220735492
4,9,2,11,8.933073485201831
4,9,3,11,9.127142680375874
4,9,4,11,9.000188452252775
4,9,5,11,9.075536677373055
4,9,6,11,9.094948408818931
4,9,7,11,8.981395022911146
4,9,8,11,9.038637291085873
4,9,9,11,9.025298620178425
4,9,10,11,8.932595949743861
4,9,11,11,8.934867208195875
4,9,12,11,8.897773533190472
4,9,13,11,8.942204452828358
4,9,14,11,9.052627704076171
4,9,0,12,8.801957082165984
4,9,1,12,9.096791819793316
4,9,2,12,9.081500106949745
4,9,3,12,9.066667768807191
4,9,4,12,8.979490377335633
4,9,5,12,9.020504889400991
4,9,6,12,9.079137899320479
4,9,7,12,9.02140851341728
4,9,8,12,8.884649417647463
4,9,9,12,8.970632788245814
4,9,10,12,8.911721325437409
4,9,11,12,8.855122292344026
4,9,12,12,8.868558249101337
4,9,13,12,9.038897294121654
4,9,14,12,8.966764077637963
4,9,0,13,8.962700614735034
4,9,1,13,8.982060922108099
4,9,2,13,9.037141275091678
4,9,3,13,8.958601061927329
4,9,4,13,8.883323267789239
4,9,5,13,8.995637852198044
4,9,6,13,9.011745025320371
4,9,7,13,8.964133306910464
4,9,8,13,8.818904340420513
4,9,9,13,8.820953297166259
4,9,10,13,8.86284811854911
4,9,11,13,8.868822837743592
4,9,12,13,8.859803889185256
4,9,13,13,8.980174608686982
4,9,14,13,8.85738403736949
4,9,0,14,9.04911884343128
4,9,1,14,9.05103827912477
4,9,2,14,9.215853128821347
4,9,3,14,9.091901936062849
4,9,4,14,8.89327960123161
4,9,5,14,8.921673365644834
4,9,6,14,9.064134173246414
4,9,7,14,9.005875376121594
4,9,8,14,9.075982599085725
4,9,9,14,8.927359359711911
4,9,10,14,8.771976377957238
4,9,11,14,8.920827581317058
4,9,12,14,9.043609575212457
4,9,13,14,8.788478825566418
4,9,14,14,9.036482304447784
4,9,0,15,8.969465570626197
4,9,1,15,9.080973863953586
4,9,2,15,9.142725954698674
4,9,3,15,9.00316194879549
4,9,4,15,8.997639755080119
4,9,5,15,8.948334053621744
4,9,6,15,9.044398037851922
4,9,7,15,8.952457995465537
4,9,8,15,8.815699920987294
4,9,9,15,9.02730067704072
4,9,10,15,8.997356773412065
4,9,11,15,9.07649333865337
4,9,12,15,9.062333618577398
4,9,13,15,8.847509394368624
4,9,14,15,9.01598012163853
4,9,0,16,8.788840650455716
4,9,1,16,8.9992838081143
4,9,2,16,8.972341329789892
4,9,3,16,9.042314595385056
4,9,4,16,9.091145282151228
4,9,5,16,9.00683447767434
4,9,6,16,9.024292234984552
4,9,7,16,8.908287890416466
4,9,8,16,9.07410671843759
4,9,9,16,9.050320813815485
4,9,10,16,8.999513512568527
4,9,11,16,9.018011821255497
4,9,12,16,8.916356103939401
4,9,13,16,9.009629402640854
4,9,14,16,8.93620231323929
4,9,0,17,8.81839877176471
4,9,1,17,8.882610051058967
4,9,2,17,8.969250390177837
4,9,3,17,9.003309747978623
4,9,4,17,8.948172224928568
4,9,5,17,8.887389838172574
4,9,6,17,9.164896305900305
4,9,7,17,8.975958799126913
4,9,8,17,9.017485488636149
4,9,9,17,8.935791618974
4,9,10,17,9.163562315544015
4,9,11,17,8.89144084092962
4,9,12,17,8.875995025496696
4,9,13,17,9.065560695330742
4,9,14,17,9.01700453512205
4,9,0,18,9.082728935484052
4,9,1,18,8.960167575761206
4,9,2,18,8.762663573823481
4,9,3,18,9.070390712409486
4,9,4,18,8.968396335708082
4,9,5,18,9.111466175593767
4,9,6,18,9.18254949986873
4,9,7,18,8.983044594182326
4,9,8,18,9.02388373856727
4,9,9,18,8.928342220311741
4,9,10,18,8.991548834157836
4,9,11,18,8.999866951225988
4,9,12,18,9.001036169901722
4,9,13,18,9.15223440377092
4,9,14,18,8.986776596194034
4,9,0,19,9.06587111327732
4,9,1,19,8.935516752296033
4,9,2,19,8.91726771830972
4,9,3,19,9.120776031410951
4,9,4,19,8.76033380862843
4,9,5,19,9.008100888525478
4,9,6,19,8.87666235007803
4,9,7,19,8.853869609678704
4,9,8,19,9.082613320352527
4,9,9,19,8.98513262944911
4,9,10,19,8.978423501789058
4,9,11,19,8.888517639429804
4,9,12,19,9.086069319729315
4,9,13,19,9.039913787423203
4,9,14,19,8.87372589310534
4,9,0,20,8.918654363311088
4,9,1,20,8.834396210955585
4,9,2,20,8.936561274829625
4,9,3,20,9.129674355605891
4,9,4,20,8.856276989260035
4,9,5,20,9.009971441332208
4,9,6,20,8.926659219819186
4,9,7,20,8.984869886935716
4,9,8,20,8.961361927165372
4,9,9,20,9.036336244936363
4,9,10,20,9.013106306076715
4,9,11,20,8.953562312119889
4,9,12,20,8.929564391374916
4,9,13,20,8.92067151373846
4,9,14,20,8.873218988934031
4,9,0,21,8.922993586958937
4,9,1,21,8.918144361838813
4,9,2,21,9.072072606936539
4,9,3,21,8.933058714687721
4,9,4,21,8.862963462445919
4,9,5,21,9.022951526658078
4,9,6,21,8.998409774779482
4,9,7,21,8.827723113067776
4,9,8,21,8.944155824621685
4,9,9,21,9.053686710491707
4,9,10,21,9.032673656549976
4,9,11,21,8.769026173236897
4,9,12,21,8.96845600301696
4,9,13,21,9.145151472506928
4,9,14,21,9.038639347900528
4,9,0,22,8.894765697606188
4,9,1,22,8.936109818015053
4,9,2,22,8.947683869403951
4,9,3,22,8.949826103900204
4,9,4,22,8.713659727942392
4,9,5,22,9.011768052037102
4,9,6,22,8.880785471351748
4,9,7,22,8.878455032908079
4,9,8,22,8.806667504961272
4,9,9,22,8.885000758694705
4,9,10,22,9.030904360964744
4,9,11,22,8.192552517973155
4,9,12,22,8.817425272296958
4,9,13,22,9.011534874238494
4,9,14,22,8.872117329846667
4,10,0,0,8.97235426506122
4,10,1,0,8.918900141845407
4,10,2,0,8.601694941517259
4,10,3,0,8.92812595477686
4,10,4,0,9.064818504703775
4,10,5,0,8.772708134438139
4,10,6,0,8.822195792891044
4,10,7,0,9.030695821829148
4,10,8,0,8.895124849086814
4,10,9,0,8.945885522582245
4,10,10,0,9.048910068892848
4,10,11,0,8.876226806136618
4,10,12,0,8.810436017335793
4,10,13,0,8.821947859734053
4,10,14,0,8.806204688374573
4,10,0,1,8.907843762468566
4,10,1,1,8.936628234871632
4,10,2,1,8.904398024862026
4,10,3,1,9.046960907710545
4,10,4,1,8.990140118832
4,10,5,1,8.899705268658801
4,10,6,1,8.76220003068291
4,10,7,1,8.943216285543912
4,10,8,1,9.055998340339837
4,10,9,1,8.97926444295756
4,10,10,1,9.093463517980995
4,10,11,1,8.999420555315668
4,10,12,1,8.812087332437535
4,10,13,1,9.172337416063867
4,10,14,1,9.135106535098078
4,10,0,2,8.888397223545152
4,10,1,2,8.990507759329349
4,10,2,2,9.004965035245256
4,10,3,2,8.977434356558925
4,10,4,2,9.050004111322233
4,10,5,2,9.010189253529843
4,10,6,2,8.84831394330161
4,10,7,2,9.025742418356597
4,10,8,2,9.099908893807541
4,10,9,2,8.965397991948606
4,10,10,2,8.969933192452617
4,10,11,2,9.209074094439574
4,10,12,2,8.91733798583939
4,10,13,2,9.125053750622367
4,10,14,2,8.946597914411416
4,10,0,3,8.97218778495031
4,10,1,3,8.956718586479116
4,10,2,3,8.936740738045104
4,10,3,3,8.946921444135658
4,10,4,3,9.001669998695474
4,10,5,3,9.09183813794776
4,10,6,3,8.904868769924567
4,10,7,3,9.100320949908623
4,10,8,3,9.002248608029827
4,10,9,3,9.126273922277461
4,10,10,3,8.960110384043828
4,10,11,3,9.233620587161578
4,10,12,3,8.732389461776341
4,10,13,3,8.993907185752107
4,10,14,3,8.870911417625114
4,10,0,4,8.916941107223767
4,10,1,4,8.863243337407448
4,10,2,4,8.983414030175224
4,10,3,4,8.94443958463391
4,10,4,4,8.913449678810952
4,10,5,4,9.15034685220106
4,10,6,4,9.135433686948707
4,10,7,4,9.018703187735785
4,10,8,4,9.03568661920829
4,10,9,4,9.128151133460582
4,10,10,4,8.975894131176469
4,10,11,4,9.045226916816217
4,10,12,4,8.841141490849315
4,10,13,4,9.004503274129885
4,10,14,4,8.831418892933018
4,10,0,5,8.695641931923095
4,10,1,5,8.695185520600262
4,10,2,5,9.195782667421897
4,10,3,5,9.252049194258962
4,10,4,5,8.820019206795754
4,10,5,5,9.038023422479855
4,10,6,5,9.068443625069957
4,10,7,5,8.944352537289083
4,10,8,5,9.114111798004503
4,10,9,5,9.056949866393378
4,10,10,5,8.910090759756441
4,10,11,5,8.938439904109071
4,10,12,5,8.929241396281231
4,10,13,5,9.040755657578362
4,10,14,5,8.987211480505696
4,10,0,6,8.751567272489424
4,10,1,6,8.707691138605483
4,10,2,6,9.009423262147216
4,10,3,6,9.034835689463556
4,10,4,6,8.84330790126476
4,10,5,6,9.000053455948066
4,10,6,6,8.91915539017057
4,10,7,6,8.957513501660939
4,10,8,6,9.032327402349637
4,10,9,6,9.12705341782426
4,10,10,6,8.87885956947052
4,10,11,6,8.995091850537726
4,10,12,6,8.973340599032822
4,10,13,6,9.17944732303764
4,10,14,6,8.885115661707685
4,10,0,7,8.957853886103358
4,10,1,7,8.930300967601863
4,10,2,7,8.901989016250512
4,10,3,7,9.053402972890263
4,10,4,7,8.692016295221755
4,10,5,7,9.081386272179964
4,10,6,7,8.886325116453316
4,10,7,7,8.849033932922787
4,10,8,7,8.937544162395579
4,10,9,7,8.978952703786938
4,10,10,7,9.050426948940807
4,10,11,7,9.101483153656893
4,10,12,7,9.024849084022689
4,10,13,7,9.02597725543328
4,10,14,7,8.960213857954102
4,10,0,8,9.012449287159018
4,10,1,8,8.987732308993323
4,10,2,8,8.83540431587611
4,10,3,8,9.002323625742237
4,10,4,8,9.069349265692708
4,10,5,8,8.917663619716274
4,10,6,8,8.899797209103394
4,10,7,8,8.808869816615154
4,10,8,8,8.934844442909814
4,10,9,8,8.770969635422711
4,10,10,8,8.872706529292198
4,10,11,8,9.05316198914073
4,10,12,8,9.109052197797284
4,10,13,8,8.888207282254298
4,10,14,8,8.978756157331452
4,10,0,9,9.122566825022187
4,10,1,9,9.00230803334192
4,10,2,9,8.920743981927588
4,10,3,9,9.146620536568605
4,10,4,9,8.937480950087611
4,10,5,9,8.8314916112533
4,10,6,9,9.046160730676819
4,10,7,9,8.903233574906167
4,10,8,9,9.053349895098
4,10,9,9,8.88837264862746
4,10,10,9,9.003365558973691
4,10,11,9,9.019585210069108
4,10,12,9,9.209800863213811
4,10,13,9,9.108379410217829
4,10,14,9,9.102684051367568
4,10,0,10,9.07102584934727
4,10,1,10,8.901783805336702
4,10,2,10,9.005719485436657
4,10,3,10,8.994686310757302
4,10,4,10,9.03297935896551
4,10,5,10,8.932638413199069
4,10,6,10,8.810785705651877
4,10,7,10,8.824623421233463
4,10,8,10,8.92243483196878
4,10,9,10,9.003705653765094
4,10,10,10,8.937608319404772
4,10,11,10,9.103176503984182
4,10,12,10,9.097499511152519
4,10,13,10,9.03984450298516
4,10,14,10,8.970210021170294
4,10,0,11,9.095884732432399
4,10,1,11,8.88480015454116
4,10,2,11,8.97274068503834
4,10,3,11,8.820594329456405
4,10,4,11,8.935686385097037
4,10,5,11,8.972166983036134
4,10,6,11,8.96833160581126
4,10,7,11,8.772342158283752
4,10,8,11,8.997183825190863
4,10,9,11,8.900304677899976
4,10,10,11,9.20086690063255
4,10,11,11,9.076437400008857
4,10,12,11,9.076691120455896
4,10,13,11,8.85765950591258
4,10,14,11,9.002366572970525
4,10,0,12,8.972626435400834
4,10,1,12,8.97010185428466
4,10,2,12,8.655268884343766
4,10,3,12,9.09520940692608
4,10,4,12,8.959623301702308
4,10,5,12,8.949265857476293
4,10,6,12,8.915788957097288
4,10,7,12,8.80052914702058
4,10,8,12,8.88014806372559
4,10,9,12,8.856891051861506
4,10,10,12,9.12875451296015
4,10,11,12,9.056729295750907
4,10,12,12,9.05692728455533
4,10,13,12,8.668843283040335
4,10,14,12,8.778247443588466
4,10,0,13,8.901609808377904
4,10,1,13,9.085240755146158
4,10,2,13,9.062948376727576
4,10,3,13,9.182677783240832
4,10,4,13,8.957394005452851
4,10,5,13,9.067702526034985
4,10,6,13,9.002889036432922
4,10,7,13,9.005592977788224
4,10,8,13,9.055100646487878
4,10,9,13,8.97270602635669
4,10,10,13,9.114880515132606
4,10,11,13,8.928684446144068
4,10,12,13,8.968370605379773
4,10,13,13,8.873100316639754
4,10,14,13,8.993841842098549
4,10,0,14,9.019625571623799
4,10,1,14,8.834420660331913
4,10,2,14,8.884144910407924
4,10,3,14,8.894537044707251
4,10,4,14,8.860198377324611
4,10,5,14,9.0458788955635
4,10,6,14,8.819414022447464
4,10,7,14,8.98092958986851
4,10,8,14,9.086564118483993
4,10,9,14,8.833715243864935
4,10,10,14,9.035791065366944
4,10,11,14,8.982558709891622
4,10,12,14,8.916177733752011
4,10,13,14,8.862906897640228
4,10,14,14,9.114159034021231
4,10,0,15,8.88013998860456
4,10,1,15,9.042852673836652
4,10,2,15,8.962482803844212
4,10,3,15,8.911505356325879
4,10,4,15,8.868281162332938
4,10,5,15,9.055181475549103
4,10,6,15,8.89192539040907
4,10,7,15,8.856441972935588
4,10,8,15,8.917529206193514
4,10,9,15,8.843512202144328
4,10,10,15,8.775616691990987
4,10,11,15,9.105854559743351
4,10,12,15,8.986422306631827
4,10,13,15,8.94779856420109
4,10,14,15,9.057268706351609
4,10,0,16,8.943963839561532
4,10,1,16,9.016634342817142
4,10,2,16,8.881450608788068
4,10,3,16,9.02895271432309
4,10,4,16,8.936463408603451
4,10,5,16,8.952087981324626
4,10,6,16,8.81000456183934
4,10,7,16,8.911381934001527
4,10,8,16,9.111338983594628
4,10,9,16,8.93583524426782
4,10,10,16,8.689012777440889
4,10,11,16,9.112064434121665
4,10,12,16,9.045101559251258
4,10,13,16,8.975322525121571
4,10,14,16,9.128234367911148
4,10,0,17,8.937296264150335
4,10,1,17,8.994379640710868
4,10,2,17,9.108159828001341
4,10,3,17,8.957649937849883
4,10,4,17,9.02748697758226
4,10,5,17,8.911090968734497
4,10,6,17,8.869721119268783
4,10,7,17,8.998580588767178
4,10,8,17,9.082119246761001
4,10,9,17,8.878376573987914
4,10,10,17,8.911979668046493
4,10,11,17,9.027361148465744
4,10,12,17,8.974605359245357
4,10,13,17,9.066972491853287
4,10,14,17,9.062512469059904
4,10,0,18,8.886600086688087
4,10,1,18,9.01053328772712
4,10,2,18,9.074067967520401
4,10,3,18,9.036665369087274
4,10,4,18,9.194366037424025
4,10,5,18,9.004189155508389
4,10,6,18,8.9632479725405
4,10,7,18,9.008817020428618
4,10,8,18,8.926178957405963
4,10,9,18,8.884345633286465
4,10,10,18,9.007844329648828
4,10,11,18,8.854132240395744
4,10,12,18,9.024782671741164
4,10,13,18,8.886137963694168
4,10,14,18,8.93674616550376
4,10,0,19,8.884636538353625
4,10,1,19,8.859025172643976
4,10,2,19,9.005199206306909
4,10,3,19,8.82149192400005
4,10,4,19,9.125741056093684
4,10,5,19,9.051174045131228
4,10,6,19,9.02371638845021
4,10,7,19,8.906663577093063
4,10,8,19,8.844750800182585
4,10,9,19,8.834605076625486
4,10,10,19,9.029284982008079
4,10,11,19,8.953723293042728
4,10,12,19,8.913576225952573
4,10,13,19,9.03257387964407
4,10,14,19,8.890879666617993
4,10,0,20,8.883241627629468
4,10,1,20,8.980580704936715
4,10,2,20,8.925093369598196
4,10,3,20,8.986441025683064
4,10,4,20,8.939613750690986
4,10,5,20,9.001403438349795
4,10,6,20,8.665252276718643
4,10,7,20,8.738295140037895
4,10,8,20,8.73940795627042
4,10,9,20,8.955258546453027
4,10,10,20,8.859463342307924
4,10,11,20,9.094866877905412
4,10,12,20,8.92552913978562
4,10,13,20,8.848309920433605
4,10,14,20,8.916015327504605
4,10,0,21,8.935688562128748
4,10,1,21,9.160005179948799
4,10,2,21,9.022553482978102
4,10,3,21,9.049668929233382
4,10,4,21,8.879021219396753
4,10,5,21,8.806570455078178
4,10,6,21,9.033100185620295
4,10,7,21,8.664236659606933
4,10,8,21,8.86471555008617
4,10,9,21,8.920139304947845
4,10,10,21,8.872095682107004
4,10,11,21,8.905083358216242
4,10,12,21,8.795395866550084
4,10,13,21,8.701646688005257
4,10,14,21,8.953505278235214
4,10,0,22,8.730303732963776
4,10,1,22,8.9010381429291
4,10,2,22,8.752716459225645
4,10,3,22,8.94052170285483
4,10,4,22,8.736012789023873
4,10,5,22,8.978582372328235
4,10,6,22,8.976223195931636
4,10,7,22,8.317034611369925
4,10,8,22,8.912534601178574
4,10,9,22,9.002271772165686
4,10,10,22,8.530791348261046
4,10,11,22,9.004749243940253
4,10,12,22,8.820901539695285
4,10,13,22,8.765938865189055
4,10,14,22,8.862891877081607
5,3,0,0,8.653883439187368
5,3,1,0,8.81630401835889
5,3,2,0,8.743841060697694
5,3,3,0,8.874543363754027
5,3,4,0,8.814642634732106
5,3,5,0,8.838504486260467
5,3,6,0,8.85001258290147
5,3,7,0,8.734962734607619
5,3,8,0,8.77035348704918
5,3,9,0,8.709280386954896
5,3,10,0,8.757796417261138
5,3,11,0,8.888199335947089
5,3,12,0,8.75647789438447
5,3,13,0,8.83400802777587
5,3,14,0,8.848349875897119
5,3,0,1,8.793151203969083
5,3,1,1,8.748757965525066
5,3,2,1,8.82952012340981
5,3,3,1,8.743441823544357
5,3,4,1,8.916873586850947
5,3,5,1,8.925830065677582
5,3,6,1,8.87036085309085
5,3,7,1,8.850807312845562
5,3,8,1,8.765188543622726
5,3,9,1,8.797142095560126
5,3,10,1,8.816215210303088
5,3,11,1,8.870908893953851
5,3,12,1,8.718962771112775
5,3,13,1,8.815297357136023
5,3,14,1,8.859175709824044
5,3,0,2,8.891853393034436
5,3,1,2,8.752798578708276
5,3,2,2,8.81172758612932
5,3,3,2,8.857156136442024
5,3,4,2,8.908882780095865
5,3,5,2,8.827339745065876
5,3,6,2,8.91331325364285
5,3,7,2,8.86256240936282
5,3,8,2,8.890469762304917
5,3,9,2,8.96582250243782
5,3,10,2,8.790196211616188
5,3,11,2,8.825720270378774
5,3,12,2,8.779419290934813
5,3,13,2,8.791438071660371
5,3,14,2,8.760458936682676
5,3,0,3,8.825938041741288
5,3,1,3,8.860841244944217
5,3,2,3,8.773893089346089
5,3,3,3,8.908856567718606
5,3,4,3,8.954916872590932
5,3,5,3,8.883163577079205
5,3,6,3,8.856761728676783
5,3,7,3,8.842334101210923
5,3,8,3,8.798586902663757
5,3,9,3,8.871646013783895
5,3,10,3,8.840243407466415
5,3,11,3,8.856251230001671
5,3,12,3,8.837582066554486
5,3,13,3,8.913229853244697
5,3,14,3,8.758466579521123
5,3,0,4,8.826739765368261
5,3,1,4,8.891068112541612
5,3,2,4,8.745853314774987
5,3,3,4,9.004016671361327
5,3,4,4,8.863527790784273
5,3,5,4,8.863950421147344
5,3,6,4,8.87859204528983
5,3,7,4,8.899424861416339
5,3,8,4,8.926016224548908
5,3,9,4,8.780369190381654
5,3,10,4,8.904645329730009
5,3,11,4,8.93961433867664
5,3,12,4,8.852958160857575
5,3,13,4,8.903120740158478
5,3,14,4,8.723983280783948
5,3,0,5,8.838082454273366
5,3,1,5,8.783871949259526
5,3,2,5,8.723230069556921
5,3,3,5,8.816120811208403
5,3,4,5,8.85042852022709
5,3,5,5,8.90076389068094
5,3,6,5,8.799491057098331
5,3,7,5,8.799203501406769
5,3,8,5,8.885152108225753
5,3,9,5,8.830280472750268
5,3,10,5,8.94548915306934
5,3,11,5,8.858805452048966
5,3,12,5,8.917978270352144
5,3,13,5,8.943123202018059
5,3,14,5,8.777253092371948
5,3,0,6,8.85372696977805
5,3,1,6,8.779897157369144
5,3,2,6,8.89650698102827
5,3,3,6,8.88835751510213
5,3,4,6,8.804266470458336
5,3,5,6,8.897857165594365
5,3,6,6,8.71975098775322
5,3,7,6,8.819691596903272
5,3,8,6,8.93382570574906
5,3,9,6,8.769213270819277
5,3,10,6,8.903198217908477
5,3,11,6,8.866427378209808
5,3,12,6,8.86513578797381
5,3,13,6,8.762580511805487
5,3,14,6,8.793838749416137
5,3,0,7,8.885994099696228
5,3,1,7,8.855330502440728
5,3,2,7,8.877060567385515
5,3,3,7,8.757954818378577
5,3,4,7,8.762309504498788
5,3,5,7,8.797085916458721
5,3,6,7,8.865649873890645
5,3,7,7,8.775226992318357
5,3,8,7,8.897815471551837
5,3,9,7,8.773534640421502
5,3,10,7,8.97884798742302
5,3,11,7,8.831022189768833
5,3,12,7,8.839478068147395
5,3,13,7,8.71513073540394
5,3,14,7,8.791955064180993
5,3,0,8,8.785993739781802
5,3,1,8,8.79182360601881
5,3,2,8,8.825810646512057
5,3,3,8,8.724049064864252
5,3,4,8,8.575893240236358
5,3,5,8,8.854786203184695
5,3,6,8,8.915599415649861
5,3,7,8,8.837035963828061
5,3,8,8,8.909395230103822
5,3,9,8,8.82070605836354
5,3,10,8,8.964154791672167
5,3,11,8,8.94041193643383
5,3,12,8,8.948809824445352
5,3,13,8,8.804343981754045
5,3,14,8,8.755722376969503
5,3,0,9,8.722854366471974
5,3,1,9,8.860879968218386
5,3,2,9,8.902092329352614
5,3,3,9,8.831560747771316
5,3,4,9,8.728948200636044
5,3,5,9,8.837590660355465
5,3,6,9,8.871039110134058
5,3,7,9,8.797563867854153
5,3,8,9,8.738053767023166
5,3,9,9,8.917837724455424
5,3,10,9,8.895394097253572
5,3,11,9,9.052904714237355
5,3,12,9,8.883318423366664
5,3,13,9,8.96776721458437
5,3,14,9,8.694170035972986
5,3,0,10,8.785480418979187
5,3,1,10,8.953432856022106
5,3,2,10,8.863059770188112
5,3,3,10,8.875274146372172
5,3,4,10,8.83471677712464
5,3,5,10,8.906535190853226
5,3,6,10,8.862463683052411
5,3,7,10,8.949467206966316
5,3,8,10,8.731633107047978
5,3,9,10,8.84687766031646
5,3,10,10,8.917668415203009
5,3,11,10,9.013769802416041
5,3,12,10,8.735830232466324
5,3,13,10,8.91813740151291
5,3,14,10,8.775616874546785
5,3,0,11,8.788397715286326
5,3,1,11,9.000788978896615
5,3,2,11,8.898347976529015
5,3,3,11,8.908362442657475
5,3,4,11,8.783458816369835
5,3,5,11,8.855168556625609
5,3,6,11,8.84449919919284
5,3,7,11,8.888499265173952
5,3,8,11,8.831197923644652
5,3,9,11,8.899242717782021
5,3,10,11,8.882686853923932
5,3,11,11,9.012992956430665
5,3,12,11,8.740256381245704
5,3,13,11,8.79790798197426
5,3,14,11,8.774519255916362
5,3,0,12,8.885650562930795
5,3,1,12,8.929939839832429
5,3,2,12,8.876910736897113
5,3,3,12,8.945387008691029
5,3,4,12,8.83490804515306
5,3,5,12,8.86067307463725
5,3,6,12,8.902573981056568
5,3,7,12,8.837963512685295
5,3,8,12,8.875671732362237
5,3,9,12,8.825210928296151
5,3,10,12,8.729174110995203
5,3,11,12,8.858440757991227
5,3,12,12,8.754144512537266
5,3,13,12,8.851536050102894
5,3,14,12,8.925051721104415
5,3,0,13,8.884618069284693
5,3,1,13,8.88813890178675
5,3,2,13,8.81874238763821
5,3,3,13,8.943385956958558
5,3,4,13,8.782772982675246
5,3,5,13,8.878215115858968
5,3,6,13,8.821514502269496
5,3,7,13,8.809315808824477
5,3,8,13,8.984945137070964
5,3,9,13,8.68318102572724
5,3,10,13,8.757135013339614
5,3,11,13,8.832452736205322
5,3,12,13,8.70374522735367
5,3,13,13,8.915096213080055
5,3,14,13,8.930694166090975
5,3,0,14,8.833577606023768
5,3,1,14,8.896035176179304
5,3,2,14,8.822369617628048
5,3,3,14,8.971830228516042
5,3,4,14,8.731686352832241
5,3,5,14,8.905522030624166
5,3,6,14,8.784462670027418
5,3,7,14,8.861213447529886
5,3,8,14,8.965199039332829
5,3,9,14,8.809519174789303
5,3,10,14,8.838133782008194
5,3,11,14,8.809375197543885
5,3,12,14,8.866707835849573
5,3,13,14,8.909961125694931
5,3,14,14,8.8256285162663
5,3,0,15,8.824751555745285
5,3,1,15,8.902767825628905
5,3,2,15,8.881018134083355
5,3,3,15,8.886614605862343
5,3,4,15,8.803280221763654
5,3,5,15,8.842044965274889
5,3,6,15,8.746339448131131
5,3,7,15,8.77148542862974
5,3,8,15,8.826171831286239
5,3,9,15,8.875164202939045
5,3,10,15,8.879584646990057
5,3,11,15,8.8818111841757
5,3,12,15,8.869425622054798
5,3,13,15,8.990269143775127
5,3,14,15,8.805439881832305
5,3,0,16,8.96324753864911
5,3,1,16,8.815006694443317
5,3,2,16,8.879986535012192
5,3,3,16,8.736469329485946
5,3,4,16,8.855569879755437
5,3,5,16,8.886005274708628
5,3,6,16,8.652459015846443
5,3,7,16,8.838990413715424
5,3,8,16,8.826329059381433
5,3,9,16,8.901892536358192
5,3,10,16,8.770550481778656
5,3,11,16,9.006078770321878
5,3,12,16,8.806000829437687
5,3,13,16,8.935762086638315
5,3,14,16,8.847595313535313
5,3,0,17,8.865144910435651
5,3,1,17,8.831680449539947
5,3,2,17,8.856701191906428
5,3,3,17,8.76299379243617
5,3,4,17,8.842104389563346
5,3,5,17,8.804775536122724
5,3,6,17,8.633563126388143
5,3,7,17,8.811904574326816
5,3,8,17,8.861767272896202
5,3,9,17,8.760410989345434
5,3,10,17,8.701619954590825
5,3,11,17,9.04195856952849
5,3,12,17,8.822823545729943
5,3,13,17,8.891505559803106
5,3,14,17,8.834289235813477
5,3,0,18,8.833044037738485
5,3,1,18,8.828782415578708
5,3,2,18,8.769540799462563
5,3,3,18,8.85905655605158
5,3,4,18,8.749282088753807
5,3,5,18,8.616272828226714
5,3,6,18,8.789437868119514
5,3,7,18,8.76980356027283
5,3,8,18,8.835074644194826
5,3,9,18,8.81528511035372
5,3,10,18,8.843533199881486
5,3,11,18,8.974212292945804
5,3,12,18,8.799975367092431
5,3,13,18,8.870757743267493
5,3,14,18,8.883692738581995
5,3,0,19,8.80469023925409
5,3,1,19,8.86899009285232
5,3,2,19,8.800686763643943
5,3,3,19,8.923185953268533
5,3,4,19,8.72658113242349
5,3,5,19,8.747459549838203
5,3,6,19,8.85461525110855
5,3,7,19,8.854106251520149
5,3,8,19,8.874329258916761
5,3,9,19,8.873582830500398
5,3,10,19,8.924497636969958
5,3,11,19,8.928493910692856
5,3,12,19,8.81733901644215
5,3,13,19,8.88894025710081
5,3,14,19,8.769844003483255
5,3,0,20,8.907386856629897
5,3,1,20,8.810263969017655
5,3,2,20,8.751086266008219
5,3,3,20,8.798919089794273
5,3,4,20,8.819542157321317
5,3,5,20,8.882984261157818
5,3,6,20,8.864425453882763
5,3,7,20,8.780121051623285
5,3,8,20,8.717863621279065
5,3,9,20,8.894335027397712
5,3,10,20,8.815415912578516
5,3,11,20,8.897530784604815
5,3,12,20,8.859411747220241
5,3,13,20,8.763978528796883
5,3,14,20,8.861915988283425
5,3,0,21,8.90700182830119
5,3,1,21,8.735695327658268
5,3,2,21,8.883440758652027
5,3,3,21,8.777417755264953
5,3,4,21,8.866949727690383
5,3,5,21,8.88892161863569
5,3,6,21,8.833781787567068
5,3,7,21,8.841361901920092
5,3,8,21,8.736710625285264
5,3,9,21,8.825061416435016
5,3,10,21,8.858697290455584
5,3,11,21,8.724291176311826
5,3,12,21,8.788916409510847
5,3,13,21,8.854656396356836
5,3,14,21,9.002939101891954
5,3,0,22,8.885353202882587
5,3,1,22,8.802084377129052
5,3,2,22,8.82135900992254
5,3,3,22,8.786084533091302
5,3,4,22,8.842035962753531
5,3,5,22,8.83179130337088
5,3,6,22,8.661342126121125
5,3,7,22,8.762542950843041
5,3,8,22,8.984896760959048
5,3,9,22,8.713948746273868
5,3,10,22,8.727982610261156
5,3,11,22,8.81470754774958
5,3,12,22,8.713573026527836
5,3,13,22,9.006201257213855
5,3,14,22,8.922736747531498
5,4,0,0,8.815901858902839
5,4,1,0,8.74257386021776
5,4,2,0,8.686119349122496
5,4,3,0,8.99137810127609
5,4,4,0,8.862478739611722
5,4,5,0,8.762106421622335
5,4,6,0,8.729954385078797
5,4,7,0,8.84417154313083
5,4,8,0,8.948228360876811
5,4,9,0,8.926332215167543
5,4,10,0,8.700520142684553
5,4,11,0,8.814711577325935
5,4,12,0,8.712919777300428
5,4,13,0,8.733964623828077
5,4,14,0,8.862193150429963
5,4,0,1,8.86280077649108
5,4,1,1,8.720079065923786
5,4,2,1,8.847403881571767
5,4,3,1,8.93495440232274
5,4,4,1,8.765558229239835
5,4,5,1,8.753955166069858
5,4,6,1,8.835788178814427
5,4,7,1,8.732981567833638
5,4,8,1,8.895132771074133
5,4,9,1,8.786110243071324
5,4,10,1,8.785607783841572
5,4,11,1,8.825310622506079
5,4,12,1,8.911642366650032
5,4,13,1,8.787449207348713
5,4,14,1,8.683714330475592
5,4,0,2,8.9573466660936
5,4,1,2,8.843269976207482
5,4,2,2,8.83703265645647
5,4,3,2,8.91514175884645
5,4,4,2,8.951558008543518
5,4,5,2,8.739131154051561
5,4,6,2,8.899868492977491
5,4,7,2,8.843009602170149
5,4,8,2,8.964015465450299
5,4,9,2,8.962317135957772
5,4,10,2,8.825650244274218
5,4,11,2,8.856048322120607
5,4,12,2,8.880242074164384
5,4,13,2,8.896547621843302
5,4,14,2,8.673430349204072
5,4,0,3,8.927179682072044
5,4,1,3,8.784913870848952
5,4,2,3,8.87774364683155
5,4,3,3,8.88103421558801
5,4,4,3,8.94421236760193
5,4,5,3,8.93703320868625
5,4,6,3,8.714908588907399
5,4,7,3,8.789978567984916
5,4,8,3,8.894243640865495
5,4,9,3,8.779095304074822
5,4,10,3,8.768979533133095
5,4,11,3,8.829987337990925
5,4,12,3,8.993051310387605
5,4,13,3,8.807826796784465
5,4,14,3,8.841353137621306
5,4,0,4,8.90023503856712
5,4,1,4,8.863264945184095
5,4,2,4,8.96843415278525
5,4,3,4,8.860440572703542
5,4,4,4,8.905071964977779
5,4,5,4,8.870201653237297
5,4,6,4,8.710431882537877
5,4,7,4,8.783614114336691
5,4,8,4,8.81099383628675
5,4,9,4,8.833966321669841
5,4,10,4,8.680831024275687
5,4,11,4,8.756646071820459
5,4,12,4,8.844722586271978
5,4,13,4,8.693151931697162
5,4,14,4,8.872460626575712
5,4,0,5,9.014102631033612
5,4,1,5,8.761587350224447
5,4,2,5,8.890236313851265
5,4,3,5,8.752717097856545
5,4,4,5,8.867342672179578
5,4,5,5,8.787187579381348
5,4,6,5,8.914658877065
5,4,7,5,8.841766395260896
5,4,8,5,8.763488096755198
5,4,9,5,8.775143229412405
5,4,10,5,8.855409230118408
5,4,11,5,8.600834119554316
5,4,12,5,8.915507333862944
5,4,13,5,8.906821355955234
5,4,14,5,8.972542978590475
5,4,0,6,8.82064792659861
5,4,1,6,8.85231440365314
5,4,2,6,8.746683689424906
5,4,3,6,8.81341358458429
5,4,4,6,8.77231861255543
5,4,5,6,8.88542270821294
5,4,6,6,8.976064168815569
5,4,7,6,8.821569864366547
5,4,8,6,8.720416477178853
5,4,9,6,8.772833914611212
5,4,10,6,8.785563861737664
5,4,11,6,8.960348055392704
5,4,12,6,8.919448347749276
5,4,13,6,8.936172319416661
5,4,14,6,8.954297441274234
5,4,0,7,8.882222811671621
5,4,1,7,8.781912322681684
5,4,2,7,8.805208421308576
5,4,3,7,8.935387004811192
5,4,4,7,8.89646098454286
5,4,5,7,8.906318089114812
5,4,6,7,9.003022684705625
5,4,7,7,8.799645534297154
5,4,8,7,8.754641497537758
5,4,9,7,8.799544561654875
5,4,10,7,8.877291817065645
5,4,11,7,8.873038413729928
5,4,12,7,9.006363143740014
5,4,13,7,8.896477320405353
5,4,14,7,9.001634127946904
5,4,0,8,8.866340693517735
5,4,1,8,8.836471207330643
5,4,2,8,8.9070439117039
5,4,3,8,9.097736210660171
5,4,4,8,8.854611865528476
5,4,5,8,8.937124723169083
5,4,6,8,8.912623806209831
5,4,7,8,8.68835418696025
5,4,8,8,8.606106059244844
5,4,9,8,8.779608266620876
5,4,10,8,8.884774554834083
5,4,11,8,8.90265615332202
5,4,12,8,9.01366289887857
5,4,13,8,8.895620189718617
5,4,14,8,8.941861317270856
5,4,0,9,8.919039197571799
5,4,1,9,8.855452203943834
5,4,2,9,8.734512292224123
5,4,3,9,8.899050000142356
5,4,4,9,8.817314834674944
5,4,5,9,8.87457003483788
5,4,6,9,8.930506612588111
5,4,7,9,8.806691400734787
5,4,8,9,8.583270314699453
5,4,9,9,8.88312265068091
5,4,10,9,8.750397429803241
5,4,11,9,8.933152012112775
5,4,12,9,8.928050763577092
5,4,13,9,8.916932421856473
5,4,14,9,8.872462139807507
5,4,0,10,8.972501514556528
5,4,1,10,8.86210031351697
5,4,2,10,8.770133448395082
5,4,3,10,8.887366473397469
5,4,4,10,8.71059778645463
5,4,5,10,8.813432239133782
5,4,6,10,8.933721835296364
5,4,7,10,8.900042839962575
5,4,8,10,8.78122344734439
5,4,9,10,8.884963508181087
5,4,10,10,8.808632096186923
5,4,11,10,8.896396289187265
5,4,12,10,8.741863925550069
5,4,13,10,8.761573788989617
5,4,14,10,8.792978625424928
5,4,0,11,8.850192241808605
5,4,1,11,8.71108047634981
5,4,2,11,8.798357796439417
5,4,3,11,8.817043831972372
5,4,4,11,8.93636499713705
5,4,5,11,8.901086175376857
5,4,6,11,8.773014624670887
5,4,7,11,8.799384172387521
5,4,8,11,8.813881005351833
5,4,9,11,8.832325755715962
5,4,10,11,8.73113959056106
5,4,11,11,8.864595300538419
5,4,12,11,8.818537474012798
5,4,13,11,8.756586097080039
5,4,14,11,8.819228554878883
5,4,0,12,8.864630807385291
5,4,1,12,8.72436332607377
5,4,2,12,8.734950071082771
5,4,3,12,8.81652495239064
5,4,4,12,8.866818584699407
5,4,5,12,8.799606737249814
5,4,6,12,8.834487332983711
5,4,7,12,8.91208858324908
5,4,8,12,8.897100706705613
5,4,9,12,8.829032156997284
5,4,10,12,8.712600653134569
5,4,11,12,8.845037791065986
5,4,12,12,8.819101838971296
5,4,13,12,8.890460952904805
5,4,14,12,8.839162405101748
5,4,0,13,8.863568238209464
5,4,1,13,8.835060747983693
5,4,2,13,8.971293284090004
5,4,3,13,8.810510175326671
5,4,4,13,8.835973206620833
5,4,5,13,8.634533898103054
5,4,6,13,8.91419435261165
5,4,7,13,8.813448713679286
5,4,8,13,8.92912068138675
5,4,9,13,8.80624160899208
5,4,10,13,8.784691390396011
5,4,11,13,8.833486368776764
5,4,12,13,8.80134671178673
5,4,13,13,8.847974561309902
5,4,14,13,8.79549964949342
5,4,0,14,8.882027973170528
5,4,1,14,8.800868149269466
5,4,2,14,8.92882765574698
5,4,3,14,8.683272739604801
5,4,4,14,8.78760942247321
5,4,5,14,8.736812517995704
5,4,6,14,8.760349068504869
5,4,7,14,8.82291516971535
5,4,8,14,8.940921613763742
5,4,9,14,8.818544031144707
5,4,10,14,8.771034244856256
5,4,11,14,8.919104863458971
5,4,12,14,8.743198127377243
5,4,13,14,8.798346010112477
5,4,14,14,8.893027021342217
5,4,0,15,8.878558196753056
5,4,1,15,8.815701436383335
5,4,2,15,8.937271510918448
5,4,3,15,8.773732695953095
5,4,4,15,8.783986084192085
5,4,5,15,8.849986425639313
5,4,6,15,8.732572057854869
5,4,7,15,9.002004725363877
5,4,8,15,8.898978137239279
5,4,9,15,8.99930568809807
5,4,10,15,8.932341287467935
5,4,11,15,8.830858687980154
5,4,12,15,8.692477827428766
5,4,13,15,8.855271548622175
5,4,14,15,8.723053533063762
5,4,0,16,8.727967735606978
5,4,1,16,8.822208532574667
5,4,2,16,8.838284502734334
5,4,3,16,8.85669463732294
5,4,4,16,8.800837534188348
5,4,5,16,8.850803807322778
5,4,6,16,8.711416350719418
5,4,7,16,8.897524189407237
5,4,8,16,8.838555958372515
5,4,9,16,9.02990079427175
5,4,10,16,9.028944102451748
5,4,11,16,8.77099307302247
5,4,12,16,8.96988079681381
5,4,13,16,8.886908417125559
5,4,14,16,8.670130452043228
5,4,0,17,8.677211284504647
5,4,1,17,8.752861579355669
5,4,2,17,8.869084381300018
5,4,3,17,8.826461475134085
5,4,4,17,8.893176064968683
5,4,5,17,8.819213995337204
5,4,6,17,8.71161038221862
5,4,7,17,8.813440887951542
5,4,8,17,8.77133592043834
5,4,9,17,8.885837465476554
5,4,10,17,8.837194131901452
5,4,11,17,8.780063816916774
5,4,12,17,8.8540534256428
5,4,13,17,8.87741114804277
5,4,14,17,8.874848887900946
5,4,0,18,8.74293515249868
5,4,1,18,8.843778580872044
5,4,2,18,8.923033003224832
5,4,3,18,8.701459609431211
5,4,4,18,8.892704520619603
5,4,5,18,8.899447066349632
5,4,6,18,8.860011825810847
5,4,7,18,8.72344638726653
5,4,8,18,8.728340553012279
5,4,9,18,8.923206382066414
5,4,10,18,8.829816281406982
5,4,11,18,8.80531432212913
5,4,12,18,8.95829955278231
5,4,13,18,8.903061746705962
5,4,14,18,8.9475027466145
5,4,0,19,8.890677362640945
5,4,1,19,8.810144751921559
5,4,2,19,8.96248082806831
5,4,3,19,8.787098418475416
5,4,4,19,8.810069461477243
5,4,5,19,8.846063915416531
5,4,6,19,8.961886572808092
5,4,7,19,8.847760369327636
5,4,8,19,8.742289411731255
5,4,9,19,8.810881985804812
5,4,10,19,8.823637109826004
5,4,11,19,8.99845336860437
5,4,12,19,8.891313122066538
5,4,13,19,8.81585170157936
5,4,14,19,9.001035743858461
5,4,0,20,8.905663464363084
5,4,1,20,8.803303508243316
5,4,2,20,8.830330963788883
5,4,3,20,8.82516519246669
5,4,4,20,8.836582429504057
5,4,5,20,8.932767102590526
5,4,6,20,8.902756930112304
5,4,7,20,8.788253627304579
5,4,8,20,8.797641021616702
5,4,9,20,8.823071249818348
5,4,10,20,8.678652654909829
5,4,11,20,8.89382707826167
5,4,12,20,8.835572573281206
5,4,13,20,8.771283446190658
5,4,14,20,8.879679050726573
5,4,0,21,8.867053263462893
5,4,1,21,8.832036005023161
5,4,2,21,8.747659604065776
5,4,3,21,8.865986474708592
5,4,4,21,8.831188266492882
5,4,5,21,8.842598512310238
5,4,6,21,8.901124578060193
5,4,7,21,8.87489268972215
5,4,8,21,8.822516799026607
5,4,9,21,8.933498144998334
5,4,10,21,8.741074690735385
5,4,11,21,8.866245743266544
5,4,12,21,8.762912416927158
5,4,13,21,8.8690757998268
5,4,14,21,8.677298713340928
5,4,0,22,8.948332794944792
5,4,1,22,8.87534980740282
5,4,2,22,8.886750429812716
5,4,3,22,8.916869566227502
5,4,4,22,8.714037201426848
5,4,5,22,8.793054444713817
5,4,6,22,8.89919621484859
5,4,7,22,8.814721262906952
5,4,8,22,8.860474373260836
5,4,9,22,8.909920911689216
5,4,10,22,8.799501533440921
5,4,11,22,8.81081521088203
5,4,12,22,8.759861658936675
5,4,13,22,8.854492572856856
5,4,14,22,8.861491878554354
5,5,0,0,8.85962976692736
5,5,1,0,8.930822235481495
5,5,2,0,8.965174306688908
5,5,3,0,8.769956091214612
5,5,4,0,8.810477705044532
5,5,5,0,8.812249210531094
5,5,6,0,8.789362766483606
5,5,7,0,8.882875194078366
5,5,8,0,8.852517562657017
5,5,9,0,8.848923499174528
5,5,10,0,8.95593172530418
5,5,11,0,8.90773406803635
5,5,12,0,8.936599547866937
5,5,13,0,8.835962805492276
5,5,14,0,8.918967433383564
5,5,0,1,8.789969741635511
5,5,1,1,8.92374642224794
5,5,2,1,8.948576856743289
5,5,3,1,8.923049508734396
5,5,4,1,8.813569226368381
5,5,5,1,8.726555077878631
5,5,6,1,8.81615959542744
5,5,7,1,8.940947038674924
5,5,8,1,8.870235765992069
5,5,9,1,8.879451962542669
5,5,10,1,8.837818038676735
5,5,11,1,8.954240292430306
5,5,12,1,8.828985618527396
5,5,13,1,8.945086178617512
5,5,14,1,8.997611699928843
5,5,0,2,8.825016536634672
5,5,1,2,8.908693644104181
5,5,2,2,8.965747972497336
5,5,3,2,8.884528745854594
5,5,4,2,8.778938855473907
5,5,5,2,8.94712686598588
5,5,6,2,8.89554598546706
5,5,7,2,8.955182633330791
5,5,8,2,8.787752186271852
5,5,9,2,8.937425553226277
5,5,10,2,8.737277780666329
5,5,11,2,8.879038079375073
5,5,12,2,8.883789500123498
5,5,13,2,8.867674278482221
5,5,14,2,8.884900074326081
5,5,0,3,8.816082910792872
5,5,1,3,8.70060276165571
5,5,2,3,8.814469364029454
5,5,3,3,8.705115209887431
5,5,4,3,8.838842155413948
5,5,5,3,8.891521611696968
5,5,6,3,8.80891288987846
5,5,7,3,8.957223001209421
5,5,8,3,8.788439046363369
5,5,9,3,8.90626548122539
5,5,10,3,8.707534276417897
5,5,11,3,8.822447748435462
5,5,12,3,8.76189158758801
5,5,13,3,8.935086850810189
5,5,14,3,8.68449123304455
5,5,0,4,8.954077737728522
5,5,1,4,8.661254951076467
5,5,2,4,8.833826215412792
5,5,3,4,8.737397893691533
5,5,4,4,8.802420883289292
5,5,5,4,8.709685419967558
5,5,6,4,8.825300363520924
5,5,7,4,8.869198295490701
5,5,8,4,8.669995775472366
5,5,9,4,8.85956732825889
5,5,10,4,8.732983685138166
5,5,11,4,8.816488783688737
5,5,12,4,8.839573117626708
5,5,13,4,8.849914524032133
5,5,14,4,8.840151546832706
5,5,0,5,8.811392324967485
5,5,1,5,8.8122897180708
5,5,2,5,8.957235432124051
5,5,3,5,8.87197365201224
5,5,4,5,8.829730155908564
5,5,5,5,8.760530991767832
5,5,6,5,8.809767597211343
5,5,7,5,8.779924326133358
5,5,8,5,8.876249651429681
5,5,9,5,8.752421908866316
5,5,10,5,8.866018314856781
5,5,11,5,8.770451119617228
5,5,12,5,8.77567482747418
5,5,13,5,8.815554235644518
5,5,14,5,8.77533868447919
5,5,0,6,8.867039877811235
5,5,1,6,8.845686486687711
5,5,2,6,8.954201646672209
5,5,3,6,8.957879938173996
5,5,4,6,8.814519211839645
5,5,5,6,8.788467470622768
5,5,6,6,8.758913732504508
5,5,7,6,8.673706457025505
5,5,8,6,8.844348375349314
5,5,9,6,8.820721037291655
5,5,10,6,8.802170484806476
5,5,11,6,8.757357806756804
5,5,12,6,8.932194540135063
5,5,13,6,8.93324838703678
5,5,14,6,8.772547791064035
5,5,0,7,8.846691068908664
5,5,1,7,8.883109883216864
5,5,2,7,8.859261795419027
5,5,3,7,8.844121159999306
5,5,4,7,8.936322028620115
5,5,5,7,8.821372404942524
5,5,6,7,8.87929689860924
5,5,7,7,8.75900953216217
5,5,8,7,8.770624291199312
5,5,9,7,8.824471579450874
5,5,10,7,8.69259316833331
5,5,11,7,8.806049078571053
5,5,12,7,8.92251381751701
5,5,13,7,8.787433050176386
5,5,14,7,8.81544626134816
5,5,0,8,8.802889497131874
5,5,1,8,8.947722438539888
5,5,2,8,8.896022499797589
5,5,3,8,8.814918460653226
5,5,4,8,8.867123538535397
5,5,5,8,8.983657335320872
5,5,6,8,8.90028655517706
5,5,7,8,8.852842948476447
5,5,8,8,8.958670400484724
5,5,9,8,8.878499250828153
5,5,10,8,8.74297986020145
5,5,11,8,8.867378357932592
5,5,12,8,8.706373372822352
5,5,13,8,8.792014462347582
5,5,14,8,8.823356573127032
5,5,0,9,8.819400087560206
5,5,1,9,8.892434991850108
5,5,2,9,8.723376369699285
5,5,3,9,8.805644214380074
5,5,4,9,8.871490561827944
5,5,5,9,8.869538994500028
5,5,6,9,8.814206431264509
5,5,7,9,8.837933634932199
5,5,8,9,8.825081788066537
5,5,9,9,8.793964987552748
5,5,10,9,8.84084867788802
5,5,11,9,8.7434602174251
5,5,12,9,8.853547964382281
5,5,13,9,8.879313416223653
5,5,14,9,8.749328206976276
5,5,0,10,8.889669922177681
5,5,1,10,8.918355889155995
5,5,2,10,8.847418676524637
5,5,3,10,8.938449330728245
5,5,4,10,8.939758195867146
5,5,5,10,8.973213910279627
5,5,6,10,8.656567433985991
5,5,7,10,8.868257407902586
5,5,8,10,8.869019272574944
5,5,9,10,8.838213604762785
5,5,10,10,8.92578414321757
5,5,11,10,8.742872290517251
5,5,12,10,8.805118681708366
5,5,13,10,8.811317638463251
5,5,14,10,8.899613748003171
5,5,0,11,8.891609420181625
5,5,1,11,8.745520852862516
5,5,2,11,8.821990433932896
5,5,3,11,8.813289389244796
5,5,4,11,8.978955155036362
5,5,5,11,8.787108327211238
5,5,6,11,8.85979572560015
5,5,7,11,8.736665446334115
5,5,8,11,8.900823355958035
5,5,9,11,9.023983299267504
5,5,10,11,9.007545671401617
5,5,11,11,8.813307752183963
5,5,12,11,8.776694312666127
5,5,13,11,8.781053352171398
5,5,14,11,8.992091277587287
5,5,0,12,8.794725925315486
5,5,1,12,8.912179442340474
5,5,2,12,8.857654340570415
5,5,3,12,8.77464043853891
5,5,4,12,8.81088640998481
5,5,5,12,8.900413387716814
5,5,6,12,8.934703231439727
5,5,7,12,8.7957227018631
5,5,8,12,8.874086220120795
5,5,9,12,8.868049109826071
5,5,10,12,8.89259654673328
5,5,11,12,8.773519553910832
5,5,12,12,8.76230941441645
5,5,13,12,8.74547635002446
5,5,14,12,8.917607425156806
5,5,0,13,8.809912682290607
5,5,1,13,8.875378114411088
5,5,2,13,8.917955192103586
5,5,3,13,8.66502601900038
5,5,4,13,8.699083547709558
5,5,5,13,8.768130764034648
5,5,6,13,8.891804102878487
5,5,7,13,8.762790507799297
5,5,8,13,8.843975222670696
5,5,9,13,8.928756580148157
5,5,10,13,8.845498768228712
5,5,11,13,8.72439805431803
5,5,12,13,8.753688438113805
5,5,13,13,8.790307135166168
5,5,14,13,8.980559113241277
5,5,0,14,8.738399572999986
5,5,1,14,8.865760725659888
5,5,2,14,8.892844339087135
5,5,3,14,8.613585410613739
5,5,4,14,8.719415432492223
5,5,5,14,8.757013702130958
5,5,6,14,8.957347838691277
5,5,7,14,8.796822716287222
5,5,8,14,8.863666999216537
5,5,9,14,8.926173214336504
5,5,10,14,8.831733812608546
5,5,11,14,8.814570594065966
5,5,12,14,8.741226156791718
5,5,13,14,8.89173051303582
5,5,14,14,8.901518396270632
5,5,0,15,8.759793292885018
5,5,1,15,8.905655583936337
5,5,2,15,8.753206386073586
5,5,3,15,8.772236617964206
5,5,4,15,8.772477752839308
5,5,5,15,8.794788224179943
5,5,6,15,8.888238135363778
5,5,7,15,8.800703046057723
5,5,8,15,8.790928154843476
5,5,9,15,8.99012562617372
5,5,10,15,8.892362024937162
5,5,11,15,8.772738626903221
5,5,12,15,8.745629218902648
5,5,13,15,8.907726693385856
5,5,14,15,8.833659535669293
5,5,0,16,8.83677950777144
5,5,1,16,8.795532119890474
5,5,2,16,8.774849352673973
5,5,3,16,8.888516859648194
5,5,4,16,8.75392692525648
5,5,5,16,8.92568629655221
5,5,6,16,8.80695823180605
5,5,7,16,8.906274681761195
5,5,8,16,8.94307127525984
5,5,9,16,8.998601631352374
5,5,10,16,8.841315490922067
5,5,11,16,8.824413898722007
5,5,12,16,8.85705551052287
5,5,13,16,8.8802274030958
5,5,14,16,8.835998325208175
5,5,0,17,9.0079239122823
5,5,1,17,8.826831185100138
5,5,2,17,8.843949987473309
5,5,3,17,8.875757850142787
5,5,4,17,8.789823172367635
5,5,5,17,8.847749721200996
5,5,6,17,8.79361786644419
5,5,7,17,8.755053012314383
5,5,8,17,8.85499866031384
5,5,9,17,8.888426428810238
5,5,10,17,8.806360468348824
5,5,11,17,8.64252679258512
5,5,12,17,8.998853638847242
5,5,13,17,8.84019479330429
5,5,14,17,8.796648411890262
5,5,0,18,8.873114010542261
5,5,1,18,8.910862774873676
5,5,2,18,8.893752487127392
5,5,3,18,8.939055290650886
5,5,4,18,8.896259710075261
5,5,5,18,8.819438404609372
5,5,6,18,8.714276096825309
5,5,7,18,8.797745608138213
5,5,8,18,8.782516486024964
5,5,9,18,8.81554541544259
5,5,10,18,8.829749035301447
5,5,11,18,8.628007709887385
5,5,12,18,8.958790772295943
5,5,13,18,8.927691068905641
5,5,14,18,8.717508943361508
5,5,0,19,8.875108291205185
5,5,1,19,8.946933974939
5,5,2,19,8.857532930680552
5,5,3,19,8.841554901361
5,5,4,19,8.840229159532031
5,5,5,19,8.777307918414644
5,5,6,19,8.760576958696834
5,5,7,19,8.728012940469105
5,5,8,19,8.880736665822665
5,5,9,19,8.799515531935707
5,5,10,19,8.874984065243286
5,5,11,19,8.803966643876754
5,5,12,19,8.849830502016886
5,5,13,19,8.849042773892208
5,5,14,19,8.93597797098209
5,5,0,20,8.831367447874907
5,5,1,20,8.880565786675257
5,5,2,20,9.006794657580285
5,5,3,20,8.821057233195607
5,5,4,20,8.78572431296059
5,5,5,20,8.885504481847898
5,5,6,20,8.77097192983521
5,5,7,20,8.79992886598194
5,5,8,20,8.88263771343675
5,5,9,20,8.971802620054785
5,5,10,20,8.87869332779212
5,5,11,20,8.857467123042154
5,5,12,20,8.782554330802324
5,5,13,20,8.805321067002389
5,5,14,20,8.86460345387194
5,5,0,21,8.865753207775743
5,5,1,21,8.822269829245847
5,5,2,21,8.754549898985964
5,5,3,21,8.724907646392204
5,5,4,21,8.832647240575033
5,5,5,21,8.750460007234205
5,5,6,21,8.74054033549346
5,5,7,21,8.751071592169819
5,5,8,21,8.84317157438846
5,5,9,21,8.89807862905157
5,5,10,21,8.746773419018094
5,5,11,21,8.869551591982196
5,5,12,21,8.707617013737316
5,5,13,21,8.85225409704927
5,5,14,21,8.792758363686312
5,5,0,22,8.840689063371395
5,5,1,22,8.83818306189892
5,5,2,22,8.730072434444603
5,5,3,22,8.718640608838683
5,5,4,22,8.651855906909885
5,5,5,22,8.75888742893361
5,5,6,22,8.754429624007205
5,5,7,22,8.606916282546502
5,5,8,22,8.821922075712047
5,5,9,22,8.675387917003103
5,5,10,22,8.876470899941843
5,5,11,22,8.800631118499044
5,5,12,22,7.041447447004247
5,5,13,22,8.819440651047838
5,5,14,22,8.87868756918345
5,6,0,0,8.907369860223444
5,6,1,0,8.72352170863616
5,6,2,0,8.791495130132
5,6,3,0,8.813940892303364
5,6,4,0,8.674817677125448
5,6,5,0,8.799795508875357
5,6,6,0,8.940466612212184
5,6,7,0,8.768750201115111
5,6,8,0,8.901243050782071
5,6,9,0,8.99782667189628
5,6,10,0,8.85484194728421
5,6,11,0,8.810662843142598
5,6,12,0,8.820198276220388
5,6,13,0,8.737294303665687
5,6,14,0,8.992801699833686
5,6,0,1,8.833392329721944
5,6,1,1,8.775915578315857
5,6,2,1,8.86690663010397
5,6,3,1,8.823610545543623
5,6,4,1,8.717300342976111
5,6,5,1,8.777375505379833
5,6,6,1,8.858572307190997
5,6,7,1,8.854689828198302
5,6,8,1,8.771603308689583
5,6,9,1,9.01719271666826
5,6,10,1,8.87864790480949
5,6,11,1,8.844054951956055
5,6,12,1,8.807621791552231
5,6,13,1,8.781505744146463
5,6,14,1,8.868534772846084
5,6,0,2,8.907441505546728
5,6,1,2,8.773955633298415
5,6,2,2,8.796297050869823
5,6,3,2,8.834398388192476
5,6,4,2,8.830852623014762
5,6,5,2,8.898996463317838
5,6,6,2,8.712061789123702
5,6,7,2,8.698193687938968
5,6,8,2,8.825508070271072
5,6,9,2,8.943107712793196
5,6,10,2,8.800512099351243
5,6,11,2,8.91969547119807
5,6,12,2,8.845013427132725
5,6,13,2,8.856939650606096
5,6,14,2,8.731697091605014
5,6,0,3,8.664771412788264
5,6,1,3,8.888311772339724
5,6,2,3,8.766370124901123
5,6,3,3,8.812621611878114
5,6,4,3,8.7728340606568
5,6,5,3,8.658435422836646
5,6,6,3,8.579405529391336
5,6,7,3,8.749341403002266
5,6,8,3,8.89026911520218
5,6,9,3,8.942623589027576
5,6,10,3,8.753193850406355
5,6,11,3,8.915270080244843
5,6,12,3,8.802204166882674
5,6,13,3,8.77610888035316
5,6,14,3,8.732822943769563
5,6,0,4,8.717013313438864
5,6,1,4,8.88301347673952
5,6,2,4,8.793299901175367
5,6,3,4,8.662931989301034
5,6,4,4,8.885192138927184
5,6,5,4,8.74846592073467
5,6,6,4,8.564850649885493
5,6,7,4,9.005239039380191
5,6,8,4,8.915785798597215
5,6,9,4,8.780086297547264
5,6,10,4,8.811978072330193
5,6,11,4,8.900414630740734
5,6,12,4,8.73055715854295
5,6,13,4,8.919720666195538
5,6,14,4,8.952178031963214
5,6,0,5,8.67372318402751
5,6,1,5,8.906600856407685
5,6,2,5,8.850138717109907
5,6,3,5,8.779746211805826
5,6,4,5,8.844553781094508
5,6,5,5,8.895559601196727
5,6,6,5,8.810863948381293
5,6,7,5,8.868518012714787
5,6,8,5,8.873420873595746
5,6,9,5,8.784972987374797
5,6,10,5,8.733919871686844
5,6,11,5,8.880703842642093
5,6,12,5,8.734702499975839
5,6,13,5,8.819715681521709
5,6,14,5,8.884506113511504
5,6,0,6,8.796147469891586
5,6,1,6,8.775426173876669
5,6,2,6,8.948327751718667
5,6,3,6,9.043621364688766
5,6,4,6,8.81011833077483
5,6,5,6,8.583656467592705
5,6,6,6,8.747908226676282
5,6,7,6,8.855927103834288
5,6,8,6,8.653579488669463
5,6,9,6,8.74539369544549
5,6,10,6,8.915836180180493
5,6,11,6,8.837282572322382
5,6,12,6,8.913604697905663
5,6,13,6,8.773687995637285
5,6,14,6,8.833257216656982
5,6,0,7,8.912447631285959
5,6,1,7,8.954885606251867
5,6,2,7,8.731580002532395
5,6,3,7,8.84975495537943
5,6,4,7,8.89692166683818
5,6,5,7,8.478088326831042
5,6,6,7,8.831918318912718
5,6,7,7,8.799531962334898
5,6,8,7,8.716380855792387
5,6,9,7,8.741044999312408
5,6,10,7,9.048681590545325
5,6,11,7,8.912154398444988
5,6,12,7,8.886398602205755
5,6,13,7,8.632644680758913
5,6,14,7,8.965385157251635
5,6,0,8,8.729467711609157
5,6,1,8,8.834844952417836
5,6,2,8,8.817976282884004
5,6,3,8,8.714120329382936
5,6,4,8,8.863024035229778
5,6,5,8,8.706200743036502
5,6,6,8,8.914778501229899
5,6,7,8,8.772251675037582
5,6,8,8,8.959161105264444
5,6,9,8,8.724828817618757
5,6,10,8,8.757455924787056
5,6,11,8,8.822546925813215
5,6,12,8,8.79902308124828
5,6,13,8,8.614929533386183
5,6,14,8,8.873268623441579
5,6,0,9,8.752137785689868
5,6,1,9,8.773081103807424
5,6,2,9,8.721932157110244
5,6,3,9,8.814450194178137
5,6,4,9,8.920369191712261
5,6,5,9,8.874874496717695
5,6,6,9,8.919154436386568
5,6,7,9,8.901386593002053
5,6,8,9,8.869202873939498
5,6,9,9,8.70792464366884
5,6,10,9,8.771427846076293
5,6,11,9,8.804225989768868
5,6,12,9,8.78956232181478
5,6,13,9,8.616209888497947
5,6,14,9,8.871632677050133
5,6,0,10,8.903094202753515
5,6,1,10,8.959033087814849
5,6,2,10,8.917633931609743
5,6,3,10,8.806426239139375
5,6,4,10,8.795671662623883
5,6,5,10,8.901378344875917
5,6,6,10,8.83984575768003
5,6,7,10,8.813565635201023
5,6,8,10,8.856924377166626
5,6,9,10,8.721673508367806
5,6,10,10,8.749170372634527
5,6,11,10,8.85387848459728
5,6,12,10,8.999088666644537
5,6,13,10,8.847356434741215
5,6,14,10,8.878295507643195
5,6,0,11,8.817658183764252
5,6,1,11,8.742063388431689
5,6,2,11,8.85294012120831
5,6,3,11,8.846054252298869
5,6,4,11,8.931496369169832
5,6,5,11,8.856889802229707
5,6,6,11,8.812639110137546
5,6,7,11,8.859392410578296
5,6,8,11,8.845950273035216
5,6,9,11,8.802248082632417
5,6,10,11,8.803355785574224
5,6,11,11,8.801251333742517
5,6,12,11,8.884500465838686
5,6,13,11,8.85915955687222
5,6,14,11,8.770320203978697
5,6,0,12,8.814966186040492
5,6,1,12,8.712959706860289
5,6,2,12,8.859907677185358
5,6,3,12,8.826770494736799
5,6,4,12,8.814577827818194
5,6,5,12,8.798764239049326
5,6,6,12,8.711102489953488
5,6,7,12,8.933595403880297
5,6,8,12,8.96074036747276
5,6,9,12,8.847804819972312
5,6,10,12,8.850846233276195
5,6,11,12,8.868046716315483
5,6,12,12,8.65990808371448
5,6,13,12,8.98771154578391
5,6,14,12,8.781341991813184
5,6,0,13,8.80339242731088
5,6,1,13,8.71756450231356
5,6,2,13,8.879736641232737
5,6,3,13,8.875365047334135
5,6,4,13,8.65984449652155
5,6,5,13,8.961858600410071
5,6,6,13,8.776667281520016
5,6,7,13,8.93094747514472
5,6,8,13,8.9306482229368
5,6,9,13,8.870908191813117
5,6,10,13,8.735376206757886
5,6,11,13,8.826377614189514
5,6,12,13,8.834180340007187
5,6,13,13,9.033863819939553
5,6,14,13,8.836728393895577
5,6,0,14,8.954673521679956
5,6,1,14,8.857664984636813
5,6,2,14,8.922879466683538
5,6,3,14,8.721643677189983
5,6,4,14,8.720068064911345
5,6,5,14,8.931024704230406
5,6,6,14,8.689661320440882
5,6,7,14,8.918153253148583
5,6,8,14,8.85710596090998
5,6,9,14,8.851573757045397
5,6,10,14,8.91241998161107
5,6,11,14,8.747374112009727
5,6,12,14,8.830812925541155
5,6,13,14,8.981921795343203
5,6,14,14,8.795132936582428
5,6,0,15,8.885871658510483
5,6,1,15,8.89177831906091
5,6,2,15,8.930953185107475
5,6,3,15,8.81847577986427
5,6,4,15,8.777235249410875
5,6,5,15,8.674560338138704
5,6,6,15,8.629316109053175
5,6,7,15,8.846372094404117
5,6,8,15,8.905024839963154
5,6,9,15,8.93243231669108
5,6,10,15,8.937107544339971
5,6,11,15,8.87618649021714
5,6,12,15,8.854350361321343
5,6,13,15,8.841206923573376
5,6,14,15,8.633777307194068
5,6,0,16,8.853922127458118
5,6,1,16,9.05177244210706
5,6,2,16,8.913892832644079
5,6,3,16,8.90330942228432
5,6,4,16,8.865692925881884
5,6,5,16,8.675629655222872
5,6,6,16,8.887634049179885
5,6,7,16,8.77004816699951
5,6,8,16,8.841670501380312
5,6,9,16,8.793999535468211
5,6,10,16,8.870278961515618
5,6,11,16,8.909054517666974
5,6,12,16,8.79411085621652
5,6,13,16,8.684958839224448
5,6,14,16,8.766472200405367
5,6,0,17,8.841180959643305
5,6,1,17,9.000690637073866
5,6,2,17,8.98717867637667
5,6,3,17,8.908769172286657
5,6,4,17,8.66199375976344
5,6,5,17,8.629307000990998
5,6,6,17,8.879157499074012
5,6,7,17,8.87584606872128
5,6,8,17,8.93780100663781
5,6,9,17,8.771969237465873
5,6,10,17,8.859531289304927
5,6,11,17,8.890014512536165
5,6,12,17,8.849687248539048
5,6,13,17,8.826223793445111
5,6,14,17,8.931621214761682
5,6,0,18,8.913278409682954
5,6,1,18,8.93005840131287
5,6,2,18,9.033059632975416
5,6,3,18,8.967705364165687
5,6,4,18,8.706693865913072
5,6,5,18,8.73065013710901
5,6,6,18,8.910032171921499
5,6,7,18,8.926974678371966
5,6,8,18,8.811435189574407
5,6,9,18,8.71408066035546
5,6,10,18,8.743574402476282
5,6,11,18,8.918978689786762
5,6,12,18,8.875662055096926
5,6,13,18,8.832203883934913
5,6,14,18,8.752355087164243
5,6,0,19,8.689825034491308
5,6,1,19,8.874023928917666
5,6,2,19,9.024057042733025
5,6,3,19,8.845124337802764
5,6,4,19,8.747196177364279
5,6,5,19,8.795330379163708
5,6,6,19,8.977414877097592
5,6,7,19,8.753985776472103
5,6,8,19,8.862587516230075
5,6,9,19,8.83514740462318
5,6,10,19,8.765516808662635
5,6,11,19,8.875518662466467
5,6,12,19,8.944351300701536
5,6,13,19,8.82558295720317
5,6,14,19,8.767921235416905
5,6,0,20,8.860007808305223
5,6,1,20,8.783798786148775
5,6,2,20,8.863798354592673
5,6,3,20,8.84909324154418
5,6,4,20,8.684761133378608
5,6,5,20,8.828237359945907
5,6,6,20,8.881438776861202
5,6,7,20,8.793229539101308
5,6,8,20,8.885674840956105
5,6,9,20,8.761423896221999
5,6,10,20,8.83157112263663
5,6,11,20,8.788640221100307
5,6,12,20,8.947944701649277
5,6,13,20,8.805531582519647
5,6,14,20,8.749609978100628
5,6,0,21,8.959438693074624
5,6,1,21,8.92763398753573
5,6,2,21,8.704259228144496
5,6,3,21,8.865070266288772
5,6,4,21,8.777322696466964
5,6,5,21,8.930281363405955
5,6,6,21,8.861729391458827
5,6,7,21,8.882703221825064
5,6,8,21,8.905881314878217
5,6,9,21,8.797741977578129
5,6,10,21,8.872238255758045
5,6,11,21,8.8761470841265
5,6,12,21,8.879097743042873
5,6,13,21,8.804855092915103
5,6,14,21,8.797690491790023
5,6,0,22,8.819026376652387
5,6,1,22,8.732595430390637
5,6,2,22,8.813975562366798
5,6,3,22,8.825001534076836
5,6,4,22,8.766218367922253
5,6,5,22,8.731483442300155
5,6,6,22,8.752605459243023
5,6,7,22,8.79679863234784
5,6,8,22,8.921581877268384
5,6,9,22,8.842164140553594
5,6,10,22,8.768232322772148
5,6,11,22,8.98229939505204
5,6,12,22,8.909397896776966
5,6,13,22,8.822027923869157
5,6,14,22,8.792409186222832
5,7,0,0,8.545243162479164
5,7,1,0,8.794959367039013
5,7,2,0,8.827569005742
5,7,3,0,8.856178821576698
5,7,4,0,8.77793463464651
5,7,5,0,8.824388840768947
5,7,6,0,8.80519180976488
5,7,7,0,8.778082676781944
5,7,8,0,8.792837623288154
5,7,9,0,8.859317008373631
5,7,10,0,8.825449220555065
5,7,11,0,8.889302952672793
5,7,12,0,8.776008353696616
5,7,13,0,8.782439816028647
5,7,14,0,8.71699486026307
5,7,0,1,8.838223172615596
5,7,1,1,8.80852327267341
5,7,2,1,8.744013845713697
5,7,3,1,8.855970127867913
5,7,4,1,8.8029460085759
5,7,5,1,8.910704304028878
5,7,6,1,8.666400925860323
5,7,7,1,8.791683260260745
5,7,8,1,8.741325002721856
5,7,9,1,8.880067211364075
5,7,10,1,8.831634929612509
5,7,11,1,8.777331533811596
5,7,12,1,8.917265775009291
5,7,13,1,8.778185253316268
5,7,14,1,8.97686793814718
5,7,0,2,8.85185250894174
5,7,1,2,8.900941885770433
5,7,2,2,8.779757313571317
5,7,3,2,8.801740413957369
5,7,4,2,8.704365784118798
5,7,5,2,9.004488102690003
5,7,6,2,8.719708064139
5,7,7,2,8.999230536843072
5,7,8,2,8.847899910599427
5,7,9,2,8.878689587862096
5,7,10,2,8.87176800916605
5,7,11,2,8.961658463865446
5,7,12,2,8.936074845243379
5,7,13,2,8.930849132635323
5,7,14,2,9.006692827006908
5,7,0,3,9.006204577666669
5,7,1,3,8.765588006211141
5,7,2,3,8.866132049224985
5,7,3,3,8.835349211703843
5,7,4,3,8.820685910684013
5,7,5,3,8.949304997183804
5,7,6,3,8.785186226038315
5,7,7,3,8.900760167984817
5,7,8,3,8.93872286645451
5,7,9,3,8.854889544993654
5,7,10,3,8.883565924834738
5,7,11,3,8.707545753697108
5,7,12,3,8.906141572645634
5,7,13,3,8.758425581563909
5,7,14,3,8.970287665069682
5,7,0,4,8.87280630288364
5,7,1,4,8.82409317727162
5,7,2,4,8.959780805035932
5,7,3,4,8.794490397121285
5,7,4,4,8.741788943285947
5,7,5,4,8.800528264539421
5,7,6,4,8.818718837550533
5,7,7,4,8.938620441289956
5,7,8,4,8.994002535195802
5,7,9,4,8.88474398284074
5,7,10,4,8.835568838706616
5,7,11,4,8.727600056344928
5,7,12,4,8.959109893198372
5,7,13,4,8.827392769377978
5,7,14,4,8.827529697159346
5,7,0,5,8.78375164992633
5,7,1,5,8.914688852364627
5,7,2,5,8.796766156653097
5,7,3,5,8.798576103455057
5,7,4,5,8.844890521662744
5,7,5,5,8.721288266420057
5,7,6,5,8.9812997363314
5,7,7,5,8.976355577949308
5,7,8,5,8.870789825305947
5,7,9,5,8.889324346979974
5,7,10,5,8.788801564879718
5,7,11,5,8.836196843704512
5,7,12,5,8.810870097755453
5,7,13,5,9.03404193294789
5,7,14,5,8.870047327129923
5,7,0,6,8.705890886225191
5,7,1,6,8.821655609441844
5,7,2,6,8.905696356739535
5,7,3,6,8.820623402878011
5,7,4,6,8.868042955476879
5,7,5,6,8.698466122706089
5,7,6,6,8.868467066700715
5,7,7,6,9.04639037122523
5,7,8,6,8.830149366058045
5,7,9,6,8.898874458068777
5,7,10,6,8.745194388347473
5,7,11,6,8.947432714556118
5,7,12,6,8.920607447198654
5,7,13,6,8.911335528552696
5,7,14,6,8.894615307442944
5,7,0,7,8.913450555574164
5,7,1,7,8.840228992721899
5,7,2,7,8.70844275939435
5,7,3,7,8.885973391277345
5,7,4,7,8.77300730732709
5,7,5,7,8.934397701723451
5,7,6,7,8.887956048463554
5,7,7,7,8.951541952580131
5,7,8,7,8.785326903919666
5,7,9,7,8.945262455908185
5,7,10,7,8.625992747399463
5,7,11,7,8.965795307589506
5,7,12,7,8.855095812344674
5,7,13,7,8.761525421785336
5,7,14,7,8.942178313167682
5,7,0,8,9.02447663917399
5,7,1,8,8.801685906068618
5,7,2,8,8.751492417111589
5,7,3,8,8.877284874764872
5,7,4,8,8.901960165502294
5,7,5,8,8.848738292608681
5,7,6,8,8.76928921496303
5,7,7,8,8.676440531657548
5,7,8,8,8.826068691079017
5,7,9,8,8.92127550891142
5,7,10,8,8.74275234737373
5,7,11,8,8.76907309252185
5,7,12,8,8.749483699696174
5,7,13,8,8.998030847944174
5,7,14,8,8.900387957718577
5,7,0,9,8.840752177725513
5,7,1,9,9.062825967981302
5,7,2,9,8.673911145803501
5,7,3,9,8.764512554549256
5,7,4,9,8.925521673468428
5,7,5,9,8.966059900843732
5,7,6,9,8.690667845171989
5,7,7,9,8.805473530049216
5,7,8,9,8.977087518010489
5,7,9,9,8.938453907032585
5,7,10,9,8.725059929123608
5,7,11,9,8.655884299348704
5,7,12,9,8.742199558413901
5,7,13,9,8.868778001447156
5,7,14,9,8.951554469063517
5,7,0,10,8.935806889477405
5,7,1,10,8.912196994853616
5,7,2,10,8.814788651499018
5,7,3,10,8.855112028945786
5,7,4,10,8.87586544449433
5,7,5,10,8.81483588149397
5,7,6,10,8.569350138574205
5,7,7,10,8.70448779484283
5,7,8,10,8.934396536449146
5,7,9,10,8.979316157979659
5,7,10,10,8.67004872730232
5,7,11,10,8.695495624463854
5,7,12,10,8.66345959651754
5,7,13,10,8.803301320457049
5,7,14,10,8.938471257577671
5,7,0,11,8.684447211115883
5,7,1,11,8.873883228293508
5,7,2,11,8.895525266286212
5,7,3,11,8.78441938948164
5,7,4,11,8.846376067607569
5,7,5,11,8.833339405999656
5,7,6,11,8.74029466411454
5,7,7,11,8.922830613385742
5,7,8,11,8.890285980412974
5,7,9,11,8.86013668721449
5,7,10,11,8.929483218232143
5,7,11,11,8.933224526089804
5,7,12,11,8.623534615000455
5,7,13,11,8.779696589587205
5,7,14,11,8.963225291827248
5,7,0,12,8.950600138454385
5,7,1,12,8.893628769482692
5,7,2,12,8.833489351892705
5,7,3,12,8.796827160975417
5,7,4,12,8.673292110144365
5,7,5,12,8.855048619499996
5,7,6,12,8.721531445210006
5,7,7,12,8.92871852804975
5,7,8,12,8.911664587374117
5,7,9,12,8.834151985024645
5,7,10,12,8.801199384601723
5,7,11,12,8.835596280657935
5,7,12,12,8.7226374548974
5,7,13,12,8.900939416212692
5,7,14,12,8.77125497894861
5,7,0,13,8.856935434242736
5,7,1,13,8.836476955086555
5,7,2,13,8.702480051737703
5,7,3,13,8.947714208636231
5,7,4,13,8.649851790220106
5,7,5,13,8.778129675689954
5,7,6,13,8.696819667465382
5,7,7,13,8.800111989849237
5,7,8,13,8.862355538033023
5,7,9,13,8.80584421321413
5,7,10,13,8.710536397828694
5,7,11,13,8.760689815451933
5,7,12,13,8.915423360727647
5,7,13,13,8.904023294079124
5,7,14,13,8.795551218106283
5,7,0,14,8.743148172079097
5,7,1,14,8.746041858339341
5,7,2,14,8.809498086482956
5,7,3,14,8.989266995124316
5,7,4,14,8.70589660033506
5,7,5,14,8.914647319469285
5,7,6,14,8.897909592889164
5,7,7,14,8.886275090475756
5,7,8,14,8.875267206016455
5,7,9,14,8.79794479007008
5,7,10,14,8.659486125638718
5,7,11,14,8.906925661011957
5,7,12,14,8.841670475535633
5,7,13,14,8.8213641062358
5,7,14,14,8.66203717750516
5,7,0,15,8.729517705602397
5,7,1,15,8.889642786770965
5,7,2,15,8.736718666020565
5,7,3,15,8.902835763856052
5,7,4,15,8.735210672800594
5,7,5,15,8.977923198705108
5,7,6,15,8.745226935569415
5,7,7,15,8.883607031594062
5,7,8,15,8.933786726474551
5,7,9,15,8.79636903504477
5,7,10,15,8.90801752881382
5,7,11,15,8.760737700740448
5,7,12,15,8.671921853193062
5,7,13,15,8.690972120672463
5,7,14,15,8.773667310340633
5,7,0,16,8.918082795183215
5,7,1,16,8.866805390391608
5,7,2,16,8.75091807191021
5,7,3,16,8.760290338566135
5,7,4,16,8.7354246146269
5,7,5,16,8.802368685578616
5,7,6,16,8.937974923437123
5,7,7,16,8.976776881681328
5,7,8,16,8.90130881501494
5,7,9,16,8.750597006410272
5,7,10,16,8.932636696934889
5,7,11,16,8.903608128744384
5,7,12,16,8.850195389585814
5,7,13,16,8.83626233412554
5,7,14,16,8.903347297205322
5,7,0,17,8.855006130953363
5,7,1,17,8.757901065396428
5,7,2,17,8.769131828771378
5,7,3,17,8.769378435196023
5,7,4,17,8.879870388326212
5,7,5,17,8.791255674831081
5,7,6,17,8.933947441667407
5,7,7,17,8.75911527174143
5,7,8,17,8.958399586034082
5,7,9,17,8.856192526722584
5,7,10,17,8.781542460195524
5,7,11,17,8.879001774980782
5,7,12,17,8.781942571719563
5,7,13,17,8.796785847128612
5,7,14,17,8.855118215597178
5,7,0,18,8.990535546244148
5,7,1,18,8.678472832873306
5,7,2,18,8.802200601522939
5,7,3,18,8.780830494447883
5,7,4,18,8.91515868278029
5,7,5,18,8.8658674469529
5,7,6,18,8.829107609385428
5,7,7,18,8.829743448121956
5,7,8,18,8.974175272947447
5,7,9,18,8.709848510956116
5,7,10,18,8.79802696045627
5,7,11,18,8.821056294215673
5,7,12,18,8.887912253424803
5,7,13,18,8.794027904241942
5,7,14,18,8.947505572099967
5,7,0,19,8.8322251904958
5,7,1,19,8.68340477715812
5,7,2,19,8.885983442670053
5,7,3,19,8.833283858028109
5,7,4,19,8.763296075568617
5,7,5,19,8.882113605147854
5,7,6,19,8.772342816723004
5,7,7,19,8.734223777317787
5,7,8,19,9.008641024367837
5,7,9,19,8.853975247289068
5,7,10,19,8.700380121274025
5,7,11,19,8.76602333021734
5,7,12,19,8.74776469700283
5,7,13,19,8.70692562161075
5,7,14,19,8.822065017003256
5,7,0,20,8.805605509891425
5,7,1,20,8.72766708985599
5,7,2,20,9.015491823764396
5,7,3,20,8.867964557018386
5,7,4,20,8.810170529345294
5,7,5,20,8.935707002570009
5,7,6,20,8.801900312920722
5,7,7,20,8.870818254013452
5,7,8,20,8.773234172242558
5,7,9,20,8.740130442123904
5,7,10,20,8.75609851223244
5,7,11,20,8.773769347968544
5,7,12,20,8.785313295236545
5,7,13,20,8.824899848894121
5,7,14,20,8.7635039110065
5,7,0,21,8.88063463791223
5,7,1,21,8.842457195190944
5,7,2,21,9.038946374651486
5,7,3,21,8.76858886575349
5,7,4,21,8.770987551513784
5,7,5,21,8.867410216550555
5,7,6,21,8.751225559092694
5,7,7,21,8.716244466115482
5,7,8,21,8.728754606846376
5,7,9,21,8.816211788920572
5,7,10,21,8.86909753144468
5,7,11,21,8.834153941612044
5,7,12,21,8.71845820633607
5,7,13,21,8.785617239178716
5,7,14,21,8.880565994478793
5,7,0,22,8.736176347315142
5,7,1,22,8.71466364121472
5,7,2,22,8.92293007657513
5,7,3,22,8.923836604702613
5,7,4,22,8.767953580512351
5,7,5,22,8.750442256241666
5,7,6,22,8.900332810253092
5,7,7,22,8.731145455974703
5,7,8,22,8.839094354470305
5,7,9,22,8.83204838900087
5,7,10,22,8.746142387040564
5,7,11,22,8.924568779200477
5,7,12,22,8.41675997344537
5,7,13,22,8.857213650933804
5,7,14,22,8.874912808567345
5,8,0,0,8.647027225490776
5,8,1,0,8.698856781360668
5,8,2,0,8.685335792092175
5,8,3,0,8.605294024184309
5,8,4,0,8.919509972142576
5,8,5,0,9.009395371874291
5,8,6,0,8.621658557726747
5,8,7,0,8.858780877820605
5,8,8,0,8.851225983272801
5,8,9,0,8.907096892248276
5,8,10,0,8.674421206851276
5,8,11,0,8.966363717385361
5,8,12,0,8.8407967602509
5,8,13,0,8.891508157228461
5,8,14,0,8.736000691825966
5,8,0,1,8.696765047842304
5,8,1,1,8.901468823588353
5,8,2,1,8.755965871906717
5,8,3,1,8.930706852303576
5,8,4,1,8.813297218577807
5,8,5,1,8.984423243868346
5,8,6,1,8.886189815876593
5,8,7,1,8.932546795385335
5,8,8,1,8.837349426857683
5,8,9,1,8.917197707979287
5,8,10,1,8.84120204597329
5,8,11,1,8.944091532577188
5,8,12,1,8.974066071144776
5,8,13,1,8.83322135255607
5,8,14,1,8.57872956422577
5,8,0,2,8.761605839666935
5,8,1,2,8.787062585394935
5,8,2,2,9.010398102546963
5,8,3,2,8.820606654602255
5,8,4,2,8.798934247844208
5,8,5,2,8.839419343576285
5,8,6,2,8.860319253669248
5,8,7,2,8.90319398680063
5,8,8,2,8.738186856811804
5,8,9,2,8.922828402414758
5,8,10,2,8.656710351273208
5,8,11,2,8.898381725221354
5,8,12,2,8.82019965061372
5,8,13,2,8.978613940061999
5,8,14,2,8.715554931975204
5,8,0,3,8.736579384067763
5,8,1,3,8.72291391466906
5,8,2,3,8.910975152536203
5,8,3,3,8.892663624760461
5,8,4,3,8.899720544919688
5,8,5,3,8.7118196694806
5,8,6,3,8.85394099892799
5,8,7,3,8.789467349682369
5,8,8,3,8.761133668206792
5,8,9,3,8.886071655966195
5,8,10,3,8.983650869281524
5,8,11,3,8.733386961804714
5,8,12,3,8.765420777618182
5,8,13,3,9.005138461627789
5,8,14,3,8.727840486855861
5,8,0,4,8.81706887647475
5,8,1,4,8.780061493320463
5,8,2,4,8.828683204555649
5,8,3,4,8.897199929348409
5,8,4,4,8.695461582717115
5,8,5,4,8.798366653426308
5,8,6,4,8.806007498199898
5,8,7,4,8.770247450106933
5,8,8,4,8.702151635273447
5,8,9,4,9.100764786885923
5,8,10,4,8.864264202761154
5,8,11,4,8.94333065665904
5,8,12,4,8.827494096011812
5,8,13,4,8.947820257007807
5,8,14,4,8.717402208854251
5,8,0,5,8.774920535899277
5,8,1,5,8.73270562502737
5,8,2,5,8.66029079623255
5,8,3,5,8.738176020296015
5,8,4,5,8.871629640948019
5,8,5,5,8.732046517319988
5,8,6,5,8.818053441518854
5,8,7,5,8.87772412171353
5,8,8,5,8.887082961279893
5,8,9,5,8.961154119138556
5,8,10,5,8.65679961623731
5,8,11,5,8.901524309322062
5,8,12,5,8.758340952475942
5,8,13,5,8.767601089877822
5,8,14,5,8.657276045077383
5,8,0,6,8.780694655560875
5,8,1,6,8.80240957593183
5,8,2,6,8.872876011699653
5,8,3,6,8.795111427996936
5,8,4,6,8.863411175926295
5,8,5,6,8.91573207941027
5,8,6,6,8.86849253245338
5,8,7,6,8.841122025446179
5,8,8,6,8.892176802102345
5,8,9,6,8.8808456422758
5,8,10,6,8.83934852412671
5,8,11,6,9.004404244022245
5,8,12,6,8.968214973346306
5,8,13,6,8.971690192687303
5,8,14,6,8.70496084175116
5,8,0,7,8.838129305532949
5,8,1,7,8.857869597362772
5,8,2,7,8.741969191190403
5,8,3,7,8.836514221026038
5,8,4,7,8.806890686211489
5,8,5,7,8.751598605695328
5,8,6,7,8.818727052151402
5,8,7,7,8.788841591414664
5,8,8,7,8.972455991719372
5,8,9,7,8.854647573739845
5,8,10,7,8.825036083093698
5,8,11,7,8.968363471125631
5,8,12,7,8.890097166230046
5,8,13,7,8.923955194944822
5,8,14,7,8.784617093093452
5,8,0,8,8.84541819701514
5,8,1,8,8.718449441464182
5,8,2,8,8.79232153385422
5,8,3,8,8.867650044728872
5,8,4,8,8.764525112292239
5,8,5,8,8.99898007516858
5,8,6,8,8.75284539811735
5,8,7,8,8.818386888639603
5,8,8,8,8.804167502985583
5,8,9,8,8.851328873439096
5,8,10,8,8.78267362615795
5,8,11,8,8.776584757902953
5,8,12,8,8.822304258242076
5,8,13,8,8.93079393591885
5,8,14,8,8.816587882033877
5,8,0,9,8.769660299578687
5,8,1,9,8.756447368963029
5,8,2,9,8.83253471844388
5,8,3,9,8.821203614603032
5,8,4,9,8.95648936418797
5,8,5,9,8.879378422138759
5,8,6,9,8.841433805408743
5,8,7,9,8.82838489411762
5,8,8,9,8.720683510028817
5,8,9,9,8.636659573598687
5,8,10,9,8.83230423911041
5,8,11,9,8.82887493271919
5,8,12,9,8.699709023475434
5,8,13,9,8.744147923415179
5,8,14,9,8.870186655926135
5,8,0,10,8.829895217406106
5,8,1,10,8.766981384353812
5,8,2,10,8.794155200671932
5,8,3,10,8.832123304487991
5,8,4,10,8.908182126988612
5,8,5,10,8.61241735024932
5,8,6,10,8.83963596167776
5,8,7,10,8.775285027690085
5,8,8,10,8.974287302560349
5,8,9,10,8.845205797799526
5,8,10,10,8.750353014547118
5,8,11,10,8.915797157430106
5,8,12,10,8.828290555576931
5,8,13,10,8.91522917017555
5,8,14,10,9.02351454747934
5,8,0,11,8.846135499710407
5,8,1,11,8.734982062214492
5,8,2,11,8.743112562590873
5,8,3,11,8.916866230523748
5,8,4,11,8.846850889492739
5,8,5,11,8.689444894643557
5,8,6,11,8.774239150271304
5,8,7,11,8.589117003620743
5,8,8,11,8.985842205030904
5,8,9,11,8.77728984232105
5,8,10,11,8.893683330344128
5,8,11,11,8.679490237192507
5,8,12,11,8.872261527536738
5,8,13,11,8.845455619164238
5,8,14,11,8.985187901599149
5,8,0,12,8.924672831925626
5,8,1,12,8.656365444625807
5,8,2,12,8.910859086387433
5,8,3,12,8.760526576956742
5,8,4,12,8.758883768923127
5,8,5,12,8.638943109150802
5,8,6,12,8.631119748950626
5,8,7,12,8.656648788515877
5,8,8,12,8.874405327763176
5,8,9,12,8.852164246011537
5,8,10,12,8.84967625840359
5,8,11,12,8.801060183290025
5,8,12,12,8.821335348392049
5,8,13,12,8.892278021138159
5,8,14,12,9.02814051878292
5,8,0,13,8.913611816515767
5,8,1,13,8.626379808535678
5,8,2,13,8.870973754502124
5,8,3,13,8.861367269602587
5,8,4,13,8.851210090233756
5,8,5,13,8.672603194784031
5,8,6,13,8.85205981133571
5,8,7,13,8.84839379240517
5,8,8,13,8.86017793041107
5,8,9,13,8.89557902390533
5,8,10,13,8.830047197722863
5,8,11,13,8.76495147805227
5,8,12,13,8.823794217810697
5,8,13,13,8.841794241416851
5,8,14,13,8.77607201038638
5,8,0,14,8.790913911175867
5,8,1,14,8.797160844608765
5,8,2,14,8.714638519511071
5,8,3,14,8.754087450648807
5,8,4,14,8.748179511569692
5,8,5,14,8.730335536218352
5,8,6,14,8.750094785402828
5,8,7,14,8.78326360830981
5,8,8,14,8.874863763486655
5,8,9,14,8.925954104631982
5,8,10,14,8.694350884946433
5,8,11,14,8.760324360184503
5,8,12,14,8.908784237414457
5,8,13,14,8.87295141981094
5,8,14,14,8.742831670560536
5,8,0,15,8.882006316804016
5,8,1,15,8.894765316828455
5,8,2,15,8.740701271192124
5,8,3,15,8.770723852613154
5,8,4,15,8.868618817743748
5,8,5,15,8.864988592165053
5,8,6,15,8.81514703656509
5,8,7,15,8.731597492630438
5,8,8,15,8.86443546979989
5,8,9,15,8.921789091750714
5,8,10,15,8.804944523926611
5,8,11,15,8.818822189728214
5,8,12,15,8.913141202699173
5,8,13,15,8.860647523471298
5,8,14,15,8.874485052557201
5,8,0,16,8.79005661930432
5,8,1,16,9.11397257982657
5,8,2,16,8.789952644901135
5,8,3,16,8.819852691105439
5,8,4,16,8.82354007923177
5,8,5,16,8.777597497603047
5,8,6,16,8.71837600581732
5,8,7,16,8.738944264581617
5,8,8,16,8.653654512770402
5,8,9,16,8.848045576991492
5,8,10,16,8.819681130978386
5,8,11,16,8.796235729505957
5,8,12,16,8.959024840069517
5,8,13,16,8.825477732849034
5,8,14,16,8.91993748766364
5,8,0,17,8.89008209524467
5,8,1,17,8.909939180426619
5,8,2,17,8.816225967703799
5,8,3,17,8.75941174873674
5,8,4,17,8.823310640811702
5,8,5,17,8.736420309679094
5,8,6,17,9.012192019791168
5,8,7,17,8.859604584424911
5,8,8,17,8.57335534801102
5,8,9,17,8.723357958811718
5,8,10,17,8.731630419044173
5,8,11,17,8.89718853560755
5,8,12,17,8.987841771811045
5,8,13,17,8.894252578750766
5,8,14,17,8.979611760916557
5,8,0,18,8.84113774428901
5,8,1,18,8.861669582765147
5,8,2,18,8.867618824643712
5,8,3,18,8.802522781453057
5,8,4,18,8.717311666879892
5,8,5,18,8.635186815524774
5,8,6,18,8.995338514249411
5,8,7,18,8.690607858241295
5,8,8,18,8.804763187578763
5,8,9,18,8.745972837348932
5,8,10,18,8.847590971603355
5,8,11,18,8.908886432222745
5,8,12,18,9.05447848823741
5,8,13,18,8.749911910332822
5,8,14,18,8.707930560452898
5,8,0,19,9.087078352384964
5,8,1,19,8.885352943282902
5,8,2,19,8.823792107380015
5,8,3,19,8.874580640684032
5,8,4,19,8.727758636392688
5,8,5,19,8.84178055159319
5,8,6,19,8.867309022143877
5,8,7,19,8.748870807413216
5,8,8,19,8.809505990244
5,8,9,19,8.843285320815891
5,8,10,19,8.847326041047445
5,8,11,19,8.806012876984449
5,8,12,19,8.82172163003116
5,8,13,19,8.8456932574699
5,8,14,19,8.735661176631629
5,8,0,20,8.855177148483543
5,8,1,20,8.884810922875241
5,8,2,20,8.775138951101617
5,8,3,20,8.81363763349385
5,8,4,20,8.763778776350659
5,8,5,20,8.705601571176308
5,8,6,20,8.79760255426538
5,8,7,20,8.79400872389207
5,8,8,20,8.698367299772507
5,8,9,20,8.740821759083714
5,8,10,20,8.760448228838735
5,8,11,20,8.760856654676319
5,8,12,20,8.80092753052093
5,8,13,20,8.851445493765004
5,8,14,20,8.825479843314612
5,8,0,21,8.879669344088084
5,8,1,21,8.79811886822746
5,8,2,21,8.76421336599319
5,8,3,21,8.937139556585239
5,8,4,21,8.85352706514145
5,8,5,21,8.8059231136113
5,8,6,21,8.758383739958322
5,8,7,21,8.876269212084475
5,8,8,21,8.737856643656087
5,8,9,21,8.750115657939697
5,8,10,21,8.771447662043144
5,8,11,21,8.926115202558591
5,8,12,21,8.851238039074984
5,8,13,21,8.698182592450156
5,8,14,21,8.79705094601212
5,8,0,22,8.81689548523868
5,8,1,22,8.704521385111361
5,8,2,22,8.843809406896634
5,8,3,22,8.821265358458025
5,8,4,22,8.899529852902361
5,8,5,22,8.833014033646737
5,8,6,22,8.79709639486861
5,8,7,22,8.894138442630801
5,8,8,22,8.806122963594708
5,8,9,22,8.69441482077791
5,8,10,22,8.823822391768172
5,8,11,22,8.897633197130157
5,8,12,22,8.800330887965396
5,8,13,22,8.764978929323876
5,8,14,22,8.653735634016364
5,9,0,0,8.91516634959323
5,9,1,0,8.80346300867107
5,9,2,0,8.657210742333184
5,9,3,0,8.806995949917917
5,9,4,0,8.641947277146693
5,9,5,0,8.646735266358906
5,9,6,0,8.799812641940676
5,9,7,0,8.765025529199749
5,9,8,0,8.713193208916596
5,9,9,0,8.727224568051415
5,9,10,0,8.811424948883293
5,9,11,0,8.756071484934331
5,9,12,0,8.693232520129644
5,9,13,0,8.582556218232567
5,9,14,0,8.80251651155796
5,9,0,1,8.838497460156878
5,9,1,1,8.930942525746318
5,9,2,1,8.658043360838985
5,9,3,1,8.787303581364666
5,9,4,1,8.791285695321829
5,9,5,1,8.585044562837982
5,9,6,1,8.613808215168035
5,9,7,1,8.68780543608432
5,9,8,1,8.778422305831258
5,9,9,1,8.717381341015496
5,9,10,1,8.85438914291708
5,9,11,1,8.779509511943136
5,9,12,1,8.87406955538691
5,9,13,1,8.616443287787122
5,9,14,1,8.750777458281298
5,9,0,2,8.73426734442299
5,9,1,2,8.817418962553697
5,9,2,2,8.853333170780044
5,9,3,2,8.762948360559776
5,9,4,2,8.950330788311563
5,9,5,2,8.875293063052409
5,9,6,2,8.833427974241856
5,9,7,2,8.780437058606793
5,9,8,2,8.814586162371365
5,9,9,2,8.802167397957254
5,9,10,2,8.742561053384893
5,9,11,2,8.859047802053558
5,9,12,2,8.804731977285524
5,9,13,2,8.82062237514066
5,9,14,2,8.704272633528117
5,9,0,3,8.745282591784157
5,9,1,3,8.873960995035045
5,9,2,3,8.81833712048373
5,9,3,3,8.819538944244862
5,9,4,3,8.958976569280585
5,9,5,3,8.914299990198263
5,9,6,3,8.766875280016233
5,9,7,3,8.835719403662461
5,9,8,3,8.912795917960196
5,9,9,3,8.871384014843876
5,9,10,3,8.722056423872528
5,9,11,3,8.978956086423574
5,9,12,3,8.927901538829493
5,9,13,3,8.97912102326954
5,9,14,3,8.81506253690191
5,9,0,4,8.664977267004568
5,9,1,4,8.832850478557685
5,9,2,4,8.784046723668673
5,9,3,4,8.884549731431216
5,9,4,4,8.86741598476574
5,9,5,4,8.78597783748855
5,9,6,4,8.757816412340812
5,9,7,4,8.774511705081286
5,9,8,4,8.827189631669249
5,9,9,4,8.967863766588309
5,9,10,4,8.746815916333864
5,9,11,4,8.734286226473257
5,9,12,4,8.951942313351946
5,9,13,4,8.836417168719557
5,9,14,4,8.874922559714554
5,9,0,5,8.87223015161587
5,9,1,5,8.852657731517457
5,9,2,5,8.733854789424727
5,9,3,5,8.873152575063955
5,9,4,5,8.828921307817161
5,9,5,5,8.978710214945862
5,9,6,5,8.787099243038897
5,9,7,5,8.615207110311875
5,9,8,5,8.780585555997964
5,9,9,5,8.925670217638682
5,9,10,5,8.72502103556061
5,9,11,5,8.865664182683206
5,9,12,5,8.89546891952968
5,9,13,5,8.925605720446248
5,9,14,5,8.752384491128142
5,9,0,6,8.789152718535895
5,9,1,6,8.868121507155761
5,9,2,6,8.685925655587564
5,9,3,6,8.901481463314136
5,9,4,6,8.738412798117013
5,9,5,6,8.846262198999163
5,9,6,6,8.829944477176754
5,9,7,6,8.691545848698956
5,9,8,6,8.828925537682176
5,9,9,6,8.723034500923056
5,9,10,6,8.662551142568754
5,9,11,6,8.867271352039667
5,9,12,6,8.815477871434425
5,9,13,6,9.007882421669967
5,9,14,6,8.72535568298345
5,9,0,7,8.746323315194921
5,9,1,7,8.775377465004434
5,9,2,7,8.797773576575757
5,9,3,7,8.939982296875725
5,9,4,7,9.068144191025569
5,9,5,7,8.74587084050386
5,9,6,7,8.758809795430649
5,9,7,7,8.888739752335463
5,9,8,7,8.768294733517196
5,9,9,7,8.800426640149064
5,9,10,7,8.631100369181455
5,9,11,7,8.76670388066196
5,9,12,7,8.828348052767943
5,9,13,7,8.895149599849294
5,9,14,7,8.639767122662615
5,9,0,8,8.783838929561771
5,9,1,8,8.791177403738306
5,9,2,8,8.832530376503726
5,9,3,8,8.794457812024527
5,9,4,8,8.964613879747596
5,9,5,8,8.800892794227508
5,9,6,8,8.925698726226974
5,9,7,8,8.906404499962287
5,9,8,8,8.804881956227982
5,9,9,8,8.940180474188109
5,9,10,8,8.574950049959861
5,9,11,8,8.823544639086501
5,9,12,8,8.906638246557316
5,9,13,8,8.74092159156882
5,9,14,8,8.753752336810685
5,9,0,9,8.96662689710951
5,9,1,9,8.86268025941396
5,9,2,9,8.894274572052586
5,9,3,9,8.768036673214214
5,9,4,9,8.801967431509581
5,9,5,9,8.737199449035062
5,9,6,9,8.920646180801386
5,9,7,9,8.990613428939875
5,9,8,9,8.799740258987935
5,9,9,9,8.778272699849914
5,9,10,9,8.906574517915011
5,9,11,9,8.969900251381386
5,9,12,9,9.103853467549492
5,9,13,9,8.869372301507774
5,9,14,9,8.833221045194495
5,9,0,10,8.817598205379536
5,9,1,10,8.819284799382576
5,9,2,10,8.865567147070392
5,9,3,10,8.701382617766333
5,9,4,10,8.776645376490524
5,9,5,10,8.766272934235854
5,9,6,10,8.963694712700152
5,9,7,10,8.905507232461149
5,9,8,10,8.980821418695891
5,9,9,10,8.936409296023166
5,9,10,10,8.98915759163184
5,9,11,10,8.897195614911713
5,9,12,10,8.754575584397609
5,9,13,10,8.69881280960422
5,9,14,10,8.762112193219544
5,9,0,11,8.85150903594442
5,9,1,11,8.968822653186406
5,9,2,11,8.883802340546419
5,9,3,11,8.585397230194856
5,9,4,11,8.811742944366157
5,9,5,11,8.873056805760722
5,9,6,11,8.962038544385274
5,9,7,11,8.857716563416078
5,9,8,11,8.85790437579328
5,9,9,11,8.811773794612446
5,9,10,11,8.86446367967222
5,9,11,11,8.91921686499569
5,9,12,11,9.084559971152707
5,9,13,11,8.784171606974406
5,9,14,11,8.793992863887237
5,9,0,12,8.842775129447277
5,9,1,12,8.807729863349097
5,9,2,12,8.862765647103219
5,9,3,12,8.55861506477797
5,9,4,12,8.863461590697016
5,9,5,12,8.80657447803992
5,9,6,12,8.76939501609637
5,9,7,12,8.968541367024708
5,9,8,12,8.723344449648657
5,9,9,12,8.842387186784395
5,9,10,12,8.79780407516977
5,9,11,12,8.832257941034861
5,9,12,12,8.88827779109957
5,9,13,12,8.870945301110988
5,9,14,12,8.736444487337863
5,9,0,13,8.48097519645116
5,9,1,13,8.871685993823418
5,9,2,13,8.896708201323152
5,9,3,13,8.932287186426963
5,9,4,13,8.836314092604871
5,9,5,13,8.7782178909055
5,9,6,13,8.71817496949603
5,9,7,13,8.700512545385696
5,9,8,13,8.854249584727093
5,9,9,13,8.87381575173507
5,9,10,13,8.619482046218694
5,9,11,13,8.987874649051152
5,9,12,13,8.64911309310127
5,9,13,13,8.757604882833174
5,9,14,13,8.828195050146732
5,9,0,14,8.773054219428438
5,9,1,14,8.952700540186147
5,9,2,14,8.73859251990606
5,9,3,14,8.81582609425678
5,9,4,14,8.787987274374967
5,9,5,14,8.898646159366006
5,9,6,14,8.752716286986146
5,9,7,14,8.823835883930927
5,9,8,14,8.758812423349369
5,9,9,14,8.953613933990638
5,9,10,14,8.813867781651862
5,9,11,14,9.0268389118209
5,9,12,14,8.801269474462996
5,9,13,14,8.762348050548848
5,9,14,14,8.69265316857629
5,9,0,15,8.753008339090645
5,9,1,15,8.87619792510597
5,9,2,15,8.65013313260812
5,9,3,15,8.820363112305868
5,9,4,15,8.805746424104262
5,9,5,15,8.833266891910082
5,9,6,15,8.745239511572981
5,9,7,15,8.91646282362015
5,9,8,15,8.784214617300831
5,9,9,15,8.799117098810076
5,9,10,15,8.914456540538549
5,9,11,15,8.892602733920286
5,9,12,15,8.90408772306954
5,9,13,15,8.856607498528119
5,9,14,15,8.80446281908859
5,9,0,16,8.919878605106607
5,9,1,16,8.799620788913769
5,9,2,16,8.693544569081434
5,9,3,16,8.76919214791487
5,9,4,16,9.021922079141826
5,9,5,16,8.755357348177174
5,9,6,16,8.832376328704433
5,9,7,16,8.800703759012691
5,9,8,16,8.858832631769948
5,9,9,16,8.742815826370059
5,9,10,16,8.866903166199753
5,9,11,16,8.760851163736264
5,9,12,16,8.681975498617996
5,9,13,16,8.894170933691667
5,9,14,16,8.858203355768412
5,9,0,17,8.933558823631786
5,9,1,17,8.941322537552297
5,9,2,17,8.812520115260632
5,9,3,17,8.597080723745393
5,9,4,17,8.917949682466167
5,9,5,17,8.678023023524512
5,9,6,17,8.712599439912642
5,9,7,17,8.872040340303865
5,9,8,17,8.906070684628173
5,9,9,17,8.814967422226626
5,9,10,17,8.863040642850684
5,9,11,17,8.90613514713886
5,9,12,17,8.951467847993735
5,9,13,17,8.885958576869358
5,9,14,17,8.82153235296314
5,9,0,18,8.740888459950554
5,9,1,18,8.974382835361212
5,9,2,18,8.755197429696775
5,9,3,18,8.577079842237055
5,9,4,18,8.873255910436134
5,9,5,18,8.563217182137372
5,9,6,18,8.779458439831515
5,9,7,18,8.894101036454597
5,9,8,18,8.97809929766001
5,9,9,18,8.751333889186233
5,9,10,18,8.73231224681216
5,9,11,18,9.203158543719429
5,9,12,18,8.769551263720395
5,9,13,18,8.773053366960054
5,9,14,18,8.96021526409593
5,9,0,19,8.871947676279467
5,9,1,19,9.06479364603184
5,9,2,19,8.629973882111903
5,9,3,19,8.820618922659106
5,9,4,19,8.941141434931364
5,9,5,19,8.584095412733596
5,9,6,19,8.81893715644838
5,9,7,19,8.886171651588382
5,9,8,19,8.818743171169574
5,9,9,19,8.886027731829547
5,9,10,19,8.838774662829751
5,9,11,19,8.892164095268296
5,9,12,19,8.824213978771235
5,9,13,19,8.724836962387183
5,9,14,19,9.048076188754322
5,9,0,20,8.901378010729713
5,9,1,20,8.890650516864424
5,9,2,20,8.744960245500517
5,9,3,20,8.926704045062174
5,9,4,20,8.762977598840157
5,9,5,20,8.62508456259942
5,9,6,20,8.787309889458156
5,9,7,20,8.882930772191477
5,9,8,20,8.883857631714312
5,9,9,20,8.852903634036716
5,9,10,20,8.828699931547325
5,9,11,20,8.847309249427873
5,9,12,20,8.85759445881633
5,9,13,20,8.786956927724775
5,9,14,20,9.004286376471963
5,9,0,21,8.932655801812482
5,9,1,21,8.742477012278703
5,9,2,21,8.816391809075602
5,9,3,21,9.067804517312634
5,9,4,21,8.786244293379054
5,9,5,21,8.704907327812847
5,9,6,21,8.796403885749609
5,9,7,21,8.920651078355416
5,9,8,21,8.807821204314696
5,9,9,21,8.779823537423763
5,9,10,21,8.792876097142143
5,9,11,21,8.813253908516867
5,9,12,21,8.767537263313208
5,9,13,21,8.647522539734098
5,9,14,21,8.920324916979409
5,9,0,22,8.859899817399926
5,9,1,22,8.792541342435323
5,9,2,22,8.900903930287118
5,9,3,22,9.036340721523619
5,9,4,22,8.814498010177505
5,9,5,22,8.720913182191762
5,9,6,22,8.099380659168991
5,9,7,22,8.784439501913281
5,9,8,22,8.807873268164316
5,9,9,22,8.835096892582893
5,9,10,22,8.847418321007183
5,9,11,22,8.762932722946372
5,9,12,22,8.575535454274513
5,9,13,22,8.723984748508
5,9,14,22,8.788646760583665
5,10,0,0,8.671368920918937
5,10,1,0,8.65519553403571
5,10,2,0,8.732596899854563
5,10,3,0,8.795146705006543
5,10,4,0,8.835056881591518
5,10,5,0,8.809945096743743
5,10,6,0,8.755659947806596
5,10,7,0,8.81891019869835
5,10,8,0,8.799990748477622
5,10,9,0,8.858097866224243
5,10,10,0,8.768090036644233
5,10,11,0,8.941407942403027
5,10,12,0,9.001411719147534
5,10,13,0,8.817851164660926
5,10,14,0,8.944009364692711
5,10,0,1,8.6876778382874
5,10,1,1,8.792191487797146
5,10,2,1,8.794366544142637
5,10,3,1,8.947115477802646
5,10,4,1,8.731069177338462
5,10,5,1,8.85544964964238
5,10,6,1,8.619251050381765
5,10,7,1,8.66337234865735
5,10,8,1,8.845316128363205
5,10,9,1,8.738463988072331
5,10,10,1,8.972764842075307
5,10,11,1,8.881523523999826
5,10,12,1,8.998651097175504
5,10,13,1,8.757784831303155
5,10,14,1,8.819882515149555
5,10,0,2,8.85201237425102
5,10,1,2,8.633092404690206
5,10,2,2,8.88222067663028
5,10,3,2,8.841641573007267
5,10,4,2,8.804683368007503
5,10,5,2,9.028830024575644
5,10,6,2,8.832657020332963
5,10,7,2,8.678377734908134
5,10,8,2,8.6681271452421
5,10,9,2,8.794235972035693
5,10,10,2,8.901227679947809
5,10,11,2,8.882056141947407
5,10,12,2,8.796303817492563
5,10,13,2,8.97366729112606
5,10,14,2,8.840995189347096
5,10,0,3,8.79222503265636
5,10,1,3,8.716637184982288
5,10,2,3,8.65420124309057
5,10,3,3,8.935232926953915
5,10,4,3,8.896888569336717
5,10,5,3,8.881145548596589
5,10,6,3,8.765084809522865
5,10,7,3,8.815738064245874
5,10,8,3,8.753853762185544
5,10,9,3,8.946049049824918
5,10,10,3,8.830118092395987
5,10,11,3,8.962618795866565
5,10,12,3,8.950255667355723
5,10,13,3,8.913156888983252
5,10,14,3,8.930343509325864
5,10,0,4,8.868008703462015
5,10,1,4,8.942102909114373
5,10,2,4,8.629887152450578
5,10,3,4,8.596431585847126
5,10,4,4,8.926023565320438
5,10,5,4,8.864000841295645
5,10,6,4,8.760665399562297
5,10,7,4,8.879337389896268
5,10,8,4,8.847987300896072
5,10,9,4,8.927366346273907
5,10,10,4,8.71338702923751
5,10,11,4,8.914515643120255
5,10,12,4,8.712677300507641
5,10,13,4,8.76675881351689
5,10,14,4,8.834040916626495
5,10,0,5,8.704975929764558
5,10,1,5,8.902187836228046
5,10,2,5,8.752248711488038
5,10,3,5,8.861122792684975
5,10,4,5,8.912661468302833
5,10,5,5,8.90661426188931
5,10,6,5,8.730523493904753
5,10,7,5,8.716263057578086
5,10,8,5,8.867113794351399
5,10,9,5,8.91390401710812
5,10,10,5,8.785947549058854
5,10,11,5,8.835292574140471
5,10,12,5,8.865781138563145
5,10,13,5,8.759007095079113
5,10,14,5,8.917916501828794
5,10,0,6,8.793450760304143
5,10,1,6,8.860625458837804
5,10,2,6,8.686003898655505
5,10,3,6,8.829260659292425
5,10,4,6,8.850782105675824
5,10,5,6,8.992085914664905
5,10,6,6,8.954585771938012
5,10,7,6,8.724913453658218
5,10,8,6,8.868086372082702
5,10,9,6,8.770023234809882
5,10,10,6,8.801243310006033
5,10,11,6,8.678642901100401
5,10,12,6,8.761178769313975
5,10,13,6,8.736718731398032
5,10,14,6,8.792822488339572
5,10,0,7,8.925794535500447
5,10,1,7,8.932349720057134
5,10,2,7,8.736214885127334
5,10,3,7,8.874082828193474
5,10,4,7,8.812740872955915
5,10,5,7,8.769101981165491
5,10,6,7,8.880673773203515
5,10,7,7,8.690341833394836
5,10,8,7,8.820469213452604
5,10,9,7,8.750837789066969
5,10,10,7,8.810685063995056
5,10,11,7,8.579874835153825
5,10,12,7,8.891057690665692
5,10,13,7,8.853434838643361
5,10,14,7,8.744045401133416
5,10,0,8,8.629567773504233
5,10,1,8,8.948418074460777
5,10,2,8,8.947852985465
5,10,3,8,8.829571491280305
5,10,4,8,8.78860115455831
5,10,5,8,8.94781764279595
5,10,6,8,8.823621303794052
5,10,7,8,8.718683683885144
5,10,8,8,8.776957987927295
5,10,9,8,8.891781726159449
5,10,10,8,8.882293037146747
5,10,11,8,8.791057000057402
5,10,12,8,8.897296553711893
5,10,13,8,8.730501365921267
5,10,14,8,8.654512801921985
5,10,0,9,8.776626872992585
5,10,1,9,8.849302137775542
5,10,2,9,9.052276447853442
5,10,3,9,8.879087697082731
5,10,4,9,8.781679182475333
5,10,5,9,8.73471295687445
5,10,6,9,9.066454741707066
5,10,7,9,8.738219923771238
5,10,8,9,8.825367299440536
5,10,9,9,8.985563673748668
5,10,10,9,8.808856783949933
5,10,11,9,8.881489471167393
5,10,12,9,8.868133271493353
5,10,13,9,8.77216341436965
5,10,14,9,8.805996256212973
5,10,0,10,8.649143764492623
5,10,1,10,8.715941948154097
5,10,2,10,8.994266813260415
5,10,3,10,8.925719088151903
5,10,4,10,8.864447552419069
5,10,5,10,8.506133982777195
5,10,6,10,9.01612567727483
5,10,7,10,8.800463508218717
5,10,8,10,9.018869878679316
5,10,9,10,8.958444233782958
5,10,10,10,8.868544118378148
5,10,11,10,8.865544205722314
5,10,12,10,8.810625463132311
5,10,13,10,8.866664532600288
5,10,14,10,8.7761624684136
5,10,0,11,8.747489254598083
5,10,1,11,8.727286297048627
5,10,2,11,8.85807114796565
5,10,3,11,8.747621891691647
5,10,4,11,8.745435958900897
5,10,5,11,8.63510110330889
5,10,6,11,8.780828042240055
5,10,7,11,8.738769006193081
5,10,8,11,8.701908613741297
5,10,9,11,8.715890692570706
5,10,10,11,8.705361566968094
5,10,11,11,8.832717691751949
5,10,12,11,8.806677089752347
5,10,13,11,8.812461227768068
5,10,14,11,8.897486648622428
5,10,0,12,8.949908926690089
5,10,1,12,8.849112576022208
5,10,2,12,8.654099483451349
5,10,3,12,8.712078503022932
5,10,4,12,8.879379353790918
5,10,5,12,8.864445194516604
5,10,6,12,8.766854165672148
5,10,7,12,8.727424282925783
5,10,8,12,8.824145882698259
5,10,9,12,8.743271994042917
5,10,10,12,8.755700200211177
5,10,11,12,8.62454808685653
5,10,12,12,8.745844563324257
5,10,13,12,8.765608011839774
5,10,14,12,9.131181593492284
5,10,0,13,8.921352247339565
5,10,1,13,8.72366494041501
5,10,2,13,8.661057534277376
5,10,3,13,8.69774391265374
5,10,4,13,8.782505912356203
5,10,5,13,9.027439783723754
5,10,6,13,8.885578023170478
5,10,7,13,8.84193286997057
5,10,8,13,8.777403863478442
5,10,9,13,8.879108623651833
5,10,10,13,8.717402976212721
5,10,11,13,8.958385939886746
5,10,12,13,8.626058158582927
5,10,13,13,8.857249642929604
5,10,14,13,8.857709824815668
5,10,0,14,8.890605140605098
5,10,1,14,8.905002792218076
5,10,2,14,8.575214922009899
5,10,3,14,8.759423366915414
5,10,4,14,8.805788460202276
5,10,5,14,9.047246420309241
5,10,6,14,9.00219095603319
5,10,7,14,8.90248553021216
5,10,8,14,8.770644536675238
5,10,9,14,8.956769330005946
5,10,10,14,8.718694496362739
5,10,11,14,8.702248946617772
5,10,12,14,8.892583014305787
5,10,13,14,8.936755908233454
5,10,14,14,8.907456704826584
5,10,0,15,8.846553164167657
5,10,1,15,8.828823268755508
5,10,2,15,8.817365440963453
5,10,3,15,8.830823688859542
5,10,4,15,8.81053427284336
5,10,5,15,8.925078351293587
5,10,6,15,8.971166067104695
5,10,7,15,8.874166111905677
5,10,8,15,8.73193069240677
5,10,9,15,8.896095795252126
5,10,10,15,8.787282783037565
5,10,11,15,8.972178009857522
5,10,12,15,8.900763527023207
5,10,13,15,8.823345854971851
5,10,14,15,8.954643932563663
5,10,0,16,8.823360270234737
5,10,1,16,8.86263070081928
5,10,2,16,8.665234221921459
5,10,3,16,8.80162075473875
5,10,4,16,8.647419357802969
5,10,5,16,8.849781363195309
5,10,6,16,8.841486923510121
5,10,7,16,8.996989898737493
5,10,8,16,8.783497990732736
5,10,9,16,8.8872265955481
5,10,10,16,8.783532217015232
5,10,11,16,8.84664904881337
5,10,12,16,8.77844572670353
5,10,13,16,8.74135985490001
5,10,14,16,8.684722992692482
5,10,0,17,8.531738643789375
5,10,1,17,8.846309767364206
5,10,2,17,8.62460101609049
5,10,3,17,8.807604390801886
5,10,4,17,8.744020241405062
5,10,5,17,8.961504208660877
5,10,6,17,8.790250972416809
5,10,7,17,8.901514702998579
5,10,8,17,8.879825291480763
5,10,9,17,8.939409940072762
5,10,10,17,8.663423542214483
5,10,11,17,8.832587087799714
5,10,12,17,8.943615754487112
5,10,13,17,8.764507439811435
5,10,14,17,8.917076864758773
5,10,0,18,8.851844664809187
5,10,1,18,8.838262598748404
5,10,2,18,8.434199189441777
5,10,3,18,8.666539591200218
5,10,4,18,8.661061729668948
5,10,5,18,8.895511451968131
5,10,6,18,8.678358223969626
5,10,7,18,8.846846795386169
5,10,8,18,8.78765455722026
5,10,9,18,8.891904039395996
5,10,10,18,8.810595810190014
5,10,11,18,8.881813302640353
5,10,12,18,9.008004329730719
5,10,13,18,8.767499746064132
5,10,14,18,8.974876947991548
5,10,0,19,8.98227300903982
5,10,1,19,8.829208666808016
5,10,2,19,8.952483933392392
5,10,3,19,8.905023826798931
5,10,4,19,8.678908160359398
5,10,5,19,8.963879309189315
5,10,6,19,8.886483653420068
5,10,7,19,8.766815462460288
5,10,8,19,8.833684678783138
5,10,9,19,8.91473464246692
5,10,10,19,8.8159855590385
5,10,11,19,8.784466850429064
5,10,12,19,8.942934046249517
5,10,13,19,8.63052441928388
5,10,14,19,8.795208080239863
5,10,0,20,8.866944918260433
5,10,1,20,8.886470513496427
5,10,2,20,8.877192147795402
5,10,3,20,8.840302291813549
5,10,4,20,8.840080969037752
5,10,5,20,8.921792439022957
5,10,6,20,8.779168371729495
5,10,7,20,8.816974616123955
5,10,8,20,8.944076134393653
5,10,9,20,8.737119278133616
5,10,10,20,8.77671608175062
5,10,11,20,8.494920129350044
5,10,12,20,8.846933829163731
5,10,13,20,8.888484768358866
5,10,14,20,8.882663389773366
5,10,0,21,8.61134380483127
5,10,1,21,8.887437198884896
5,10,2,21,8.945376640969275
5,10,3,21,8.849051220596266
5,10,4,21,9.155113738446547
5,10,5,21,8.906247926110964
5,10,6,21,8.672762948587492
5,10,7,21,8.832497441606762
5,10,8,21,8.762853581637783
5,10,9,21,8.947697945398922
5,10,10,21,8.885765605890011
5,10,11,21,8.767054224399661
5,10,12,21,8.920630940211352
5,10,13,21,8.79904756667468
5,10,14,21,8.706312594622235
5,10,0,22,8.6705065680469
5,10,1,22,8.765262742984195
5,10,2,22,8.813937507027632
5,10,3,22,8.573170158455294
5,10,4,22,8.822878092537538
5,10,5,22,8.886601543450308
5,10,6,22,8.72186108989755
5,10,7,22,8.891485229048216
5,10,8,22,8.615538087233144
5,10,9,22,8.741095977366019
5,10,10,22,8.809775305991572
5,10,11,22,8.769127781436708
5,10,12,22,8.83642566967307
5,10,13,22,8.792758051079298
5,10,14,22,8.61917056957286
