Layers,Mixes_per_Layer,Run,Target_Index,Entropy
3,3,0,0,9.695875742857142
3,3,1,0,9.636873237167018
3,3,2,0,9.58419325454543
3,3,3,0,9.707164965624404
3,3,4,0,9.608922451521584
3,3,5,0,9.563267686024174
3,3,6,0,9.60434665798577
3,3,7,0,9.646653793063397
3,3,8,0,9.763833185053956
3,3,9,0,9.583713999020091
3,3,10,0,9.630492864756892
3,3,11,0,9.6998888520431
3,3,12,0,9.571793793119118
3,3,13,0,9.612684093774352
3,3,14,0,9.686429145481787
3,3,0,1,9.664674456353458
3,3,1,1,9.585344092849681
3,3,2,1,9.64278263454984
3,3,3,1,9.660154804006169
3,3,4,1,9.69588798000673
3,3,5,1,9.567420546511448
3,3,6,1,9.62241927478417
3,3,7,1,9.579190469033179
3,3,8,1,9.625784398967276
3,3,9,1,9.637622494218672
3,3,10,1,9.623691285874703
3,3,11,1,9.49125413055166
3,3,12,1,9.541140892776749
3,3,13,1,9.677498906435472
3,3,14,1,9.700787124103499
3,3,0,2,9.670685374373969
3,3,1,2,9.483033003859946
3,3,2,2,9.594296536404018
3,3,3,2,9.705441500604914
3,3,4,2,9.698884161044957
3,3,5,2,9.54562662281932
3,3,6,2,9.710895406428731
3,3,7,2,9.606718516020853
3,3,8,2,9.539372808593509
3,3,9,2,9.614357428613001
3,3,10,2,9.586765021823199
3,3,11,2,9.576502023109677
3,3,12,2,9.601512653622155
3,3,13,2,9.68868847416722
3,3,14,2,9.611145905142441
3,3,0,3,9.700633316226313
3,3,1,3,9.503724845390192
3,3,2,3,9.62828579041059
3,3,3,3,9.665902888895287
3,3,4,3,9.725929721025183
3,3,5,3,9.663585256920971
3,3,6,3,9.590138602405272
3,3,7,3,9.660494813536243
3,3,8,3,9.664421189432696
3,3,9,3,9.657161110309618
3,3,10,3,9.631316940906043
3,3,11,3,9.607756511899831
3,3,12,3,9.579237286501733
3,3,13,3,9.739577257610598
3,3,14,3,9.596777192943309
3,3,0,4,9.739628275999689
3,3,1,4,9.627003106850797
3,3,2,4,9.718790097143902
3,3,3,4,9.685277917683127
3,3,4,4,9.694394122730749
3,3,5,4,9.667826311238992
3,3,6,4,9.57013374440282
3,3,7,4,9.58244583193589
3,3,8,4,9.607609417093872
3,3,9,4,9.621719716767483
3,3,10,4,9.606419662628227
3,3,11,4,9.558503986870893
3,3,12,4,9.591589113043993
3,3,13,4,9.680323167200276
3,3,14,4,9.626472619982058
3,3,0,5,9.738502332306759
3,3,1,5,9.70630633270577
3,3,2,5,9.6417356254513
3,3,3,5,9.59072390663856
3,3,4,5,9.72413561737523
3,3,5,5,9.624712884477997
3,3,6,5,9.606910566817307
3,3,7,5,9.620604906749227
3,3,8,5,9.533393338243961
3,3,9,5,9.63002559548664
3,3,10,5,9.64210245031074
3,3,11,5,9.627154855684594
3,3,12,5,9.619140957983143
3,3,13,5,9.646941246031766
3,3,14,5,9.673077850015913
3,3,0,6,9.75440612095786
3,3,1,6,9.621285173566983
3,3,2,6,9.608101217229487
3,3,3,6,9.614879288358631
3,3,4,6,9.662409887679626
3,3,5,6,9.560932177036506
3,3,6,6,9.58327525839097
3,3,7,6,9.553277808337084
3,3,8,6,9.593530196612067
3,3,9,6,9.694764419028484
3,3,10,6,9.617670766862403
3,3,11,6,9.575082227305819
3,3,12,6,9.648912601054368
3,3,13,6,9.617796126935657
3,3,14,6,9.564004805833578
3,3,0,7,9.648749537345111
3,3,1,7,9.693070944336485
3,3,2,7,9.652480873421432
3,3,3,7,9.646108263658085
3,3,4,7,9.661411081221202
3,3,5,7,9.57809244774955
3,3,6,7,9.512385646693414
3,3,7,7,9.529205318299509
3,3,8,7,9.651279452023596
3,3,9,7,9.657743388591197
3,3,10,7,9.550208434825352
3,3,11,7,9.672671611955662
3,3,12,7,9.649314784736129
3,3,13,7,9.654747645083265
3,3,14,7,9.672805506409608
3,3,0,8,9.71226722819481
3,3,1,8,9.655085284078483
3,3,2,8,9.678906046259529
3,3,3,8,9.604715517401633
3,3,4,8,9.56153850932379
3,3,5,8,9.620612008939602
3,3,6,8,9.61460762471534
3,3,7,8,9.589881729609894
3,3,8,8,9.729293997240456
3,3,9,8,9.63182148698841
3,3,10,8,9.6445998833029
3,3,11,8,9.58717331663218
3,3,12,8,9.702345171059049
3,3,13,8,9.619093430549412
3,3,14,8,9.667534490392896
3,3,0,9,9.721062190817797
3,3,1,9,9.672467144314643
3,3,2,9,9.676092406816919
3,3,3,9,9.767996440911812
3,3,4,9,9.538218279248303
3,3,5,9,9.562659872539239
3,3,6,9,9.520865196359955
3,3,7,9,9.629424340933063
3,3,8,9,9.663868445497124
3,3,9,9,9.691558521443284
3,3,10,9,9.626062472602122
3,3,11,9,9.592933568736978
3,3,12,9,9.681414524995198
3,3,13,9,9.752801532790087
3,3,14,9,9.741165940708898
3,3,0,10,9.738275489508977
3,3,1,10,9.624540493777001
3,3,2,10,9.752899795913002
3,3,3,10,9.61052660227112
3,3,4,10,9.582393115522223
3,3,5,10,9.631038476248435
3,3,6,10,9.509757494816144
3,3,7,10,9.627968095896858
3,3,8,10,9.675790646877012
3,3,9,10,9.78655122958713
3,3,10,10,9.518349525569633
3,3,11,10,9.644982241820065
3,3,12,10,9.638669162712024
3,3,13,10,9.681233372172903
3,3,14,10,9.748796736481475
3,3,0,11,9.634601680538914
3,3,1,11,9.716132015720087
3,3,2,11,9.696362212777299
3,3,3,11,9.695631924026268
3,3,4,11,9.599844047140826
3,3,5,11,9.670947177128548
3,3,6,11,9.671084705247875
3,3,7,11,9.640943931507392
3,3,8,11,9.674564112276203
3,3,9,11,9.664116909382082
3,3,10,11,9.618926141275
3,3,11,11,9.576151717517039
3,3,12,11,9.538577802964353
3,3,13,11,9.74150133855869
3,3,14,11,9.782659552072454
3,3,0,12,9.607218747386373
3,3,1,12,9.571005695836625
3,3,2,12,9.632955803242455
3,3,3,12,9.732968763409334
3,3,4,12,9.622869993672381
3,3,5,12,9.637795295118234
3,3,6,12,9.645372172302668
3,3,7,12,9.626444180652504
3,3,8,12,9.773262616762747
3,3,9,12,9.739348712150568
3,3,10,12,9.641810576792382
3,3,11,12,9.643234078117052
3,3,12,12,9.532937930214027
3,3,13,12,9.760549835193768
3,3,14,12,9.71047335652802
3,3,0,13,9.60686693220787
3,3,1,13,9.696321568463285
3,3,2,13,9.614966425137784
3,3,3,13,9.705541387694092
3,3,4,13,9.60247716036825
3,3,5,13,9.64181338611605
3,3,6,13,9.676750464070508
3,3,7,13,9.638134946058381
3,3,8,13,9.755492191492134
3,3,9,13,9.77692549001039
3,3,10,13,9.71648416166461
3,3,11,13,9.576276891681948
3,3,12,13,9.659620946712698
3,3,13,13,9.708358015953957
3,3,14,13,9.747433015986214
3,3,0,14,9.633757535879791
3,3,1,14,9.595724418584227
3,3,2,14,9.577700111303706
3,3,3,14,9.6675062313225
3,3,4,14,9.550580238543994
3,3,5,14,9.60494485890285
3,3,6,14,9.588197758608564
3,3,7,14,9.584425018878276
3,3,8,14,9.700377883850853
3,3,9,14,9.644846510082855
3,3,10,14,9.689166628386333
3,3,11,14,9.658439021685206
3,3,12,14,9.623587905634416
3,3,13,14,9.65954558605835
3,3,14,14,9.751867188185422
3,3,0,15,9.59519577634186
3,3,1,15,9.495109962216729
3,3,2,15,9.574610529675414
3,3,3,15,9.741289537228518
3,3,4,15,9.603040959555164
3,3,5,15,9.686263087487434
3,3,6,15,9.620438830366906
3,3,7,15,9.532081891366918
3,3,8,15,9.62281615388364
3,3,9,15,9.651110261513907
3,3,10,15,9.69822214086822
3,3,11,15,9.562695182134297
3,3,12,15,9.594640871313675
3,3,13,15,9.640206540128174
3,3,14,15,9.717645110296864
3,3,0,16,9.620070690314085
3,3,1,16,9.662987820746334
3,3,2,16,9.707221902087745
3,3,3,16,9.580904317089024
3,3,4,16,9.581021619743456
3,3,5,16,9.661030581656807
3,3,6,16,9.57764140795046
3,3,7,16,9.55874147249289
3,3,8,16,9.61349041918101
3,3,9,16,9.585187412726128
3,3,10,16,9.697493236464823
3,3,11,16,9.634681487188262
3,3,12,16,9.623674452516747
3,3,13,16,9.656063552019189
3,3,14,16,9.66026289622185
3,3,0,17,9.577036304509098
3,3,1,17,9.79202553901231
3,3,2,17,9.6701214658352
3,3,3,17,9.578883358439695
3,3,4,17,9.65948204250729
3,3,5,17,9.594914670491761
3,3,6,17,9.635406588199952
3,3,7,17,9.638703418221612
3,3,8,17,9.582522031862654
3,3,9,17,9.624257034369347
3,3,10,17,9.612858810042518
3,3,11,17,9.625310456128846
3,3,12,17,9.587601177149535
3,3,13,17,9.600058498809263
3,3,14,17,9.710154580505959
3,3,0,18,9.529043703547371
3,3,1,18,9.71025265990471
3,3,2,18,9.584759675027815
3,3,3,18,9.440707538740169
3,3,4,18,9.51438304101116
3,3,5,18,9.53202495025234
3,3,6,18,9.595371217554248
3,3,7,18,9.532856031221463
3,3,8,18,9.584643603830347
3,3,9,18,9.551004554478489
3,3,10,18,9.558093977908838
3,3,11,18,9.581096539296983
3,3,12,18,9.684929281680814
3,3,13,18,9.666383305267328
3,3,14,18,9.615291302270382
3,3,0,19,9.29305267040847
3,3,1,19,9.762145164179358
3,3,2,19,9.587138536327123
3,3,3,19,9.12693623256044
3,3,4,19,9.165231925024917
3,3,5,19,9.55014557365929
3,3,6,19,9.53052992920956
3,3,7,19,9.523754524803758
3,3,8,19,9.595770297428977
3,3,9,19,9.583088658153072
3,3,10,19,9.644013605031734
3,3,11,19,9.537988930379372
3,3,12,19,9.663459355431975
3,3,13,19,9.674494421966658
3,3,14,19,9.706402147350145
3,3,0,20,8.711551572021802
3,3,1,20,9.648067622861733
3,3,2,20,9.337327429268383
3,3,3,20,8.34352527592167
3,3,4,20,8.257418983482738
3,3,5,20,9.457418774148147
3,3,6,20,9.396072418195951
3,3,7,20,9.238509929973711
3,3,8,20,9.461451516984697
3,3,9,20,9.548056150364966
3,3,10,20,9.57758172767681
3,3,11,20,9.392673388043798
3,3,12,20,9.659632544455736
3,3,13,20,9.598011301007581
3,3,14,20,9.606068111903774
3,3,0,21,7.278670854143299
3,3,1,21,9.442313229265407
3,3,2,21,8.913845671924795
3,3,3,21,6.404289858053726
3,3,4,21,6.6192669860393725
3,3,5,21,9.204699689655504
3,3,6,21,9.05166318954694
3,3,7,21,8.506038743861993
3,3,8,21,9.100885461029758
3,3,9,21,9.475238569948518
3,3,10,21,9.349525311397679
3,3,11,21,8.832913958321834
3,3,12,21,9.483583758364327
3,3,13,21,9.487773876073069
3,3,14,21,9.391424649340983
3,3,0,22,4.358320023009058
3,3,1,22,8.909339626703792
3,3,2,22,7.757355781841183
3,3,3,22,3.440933500210197
3,3,4,22,3.2739217586956872
3,3,5,22,8.41781019529075
3,3,6,22,8.025434406098972
3,3,7,22,6.452955434772033
3,3,8,22,8.145619549592439
3,3,9,22,9.147499086086718
3,3,10,22,8.932119492307443
3,3,11,22,7.004863712621923
3,3,12,22,9.156310353472692
3,3,13,22,9.15811527639355
3,3,14,22,8.694260277700673
3,4,0,0,9.527020501948105
3,4,1,0,9.580830684247838
3,4,2,0,9.622019319330324
3,4,3,0,9.647701056255464
3,4,4,0,9.64518060016954
3,4,5,0,9.613332455694096
3,4,6,0,9.511504350095498
3,4,7,0,9.623229056393592
3,4,8,0,9.68719893584345
3,4,9,0,9.592658750485763
3,4,10,0,9.729241151529065
3,4,11,0,9.553141950909174
3,4,12,0,9.606543514417101
3,4,13,0,9.555268283359025
3,4,14,0,9.594628050265701
3,4,0,1,9.593779305583398
3,4,1,1,9.594202554433375
3,4,2,1,9.649923912440132
3,4,3,1,9.624388994480826
3,4,4,1,9.647664353693061
3,4,5,1,9.721645287110574
3,4,6,1,9.58038583189748
3,4,7,1,9.609541276585485
3,4,8,1,9.698807850381597
3,4,9,1,9.624743864090737
3,4,10,1,9.587784161445466
3,4,11,1,9.522044033155266
3,4,12,1,9.631712714044184
3,4,13,1,9.54064834676875
3,4,14,1,9.600186991744906
3,4,0,2,9.623475835739947
3,4,1,2,9.53584339286659
3,4,2,2,9.596726646141677
3,4,3,2,9.668486057082395
3,4,4,2,9.475671833067661
3,4,5,2,9.791405004364636
3,4,6,2,9.64735898292414
3,4,7,2,9.678133095518147
3,4,8,2,9.761731894946383
3,4,9,2,9.569274665539838
3,4,10,2,9.592856092062515
3,4,11,2,9.634832341376258
3,4,12,2,9.637959853408816
3,4,13,2,9.604165858086802
3,4,14,2,9.628920150627113
3,4,0,3,9.763148316792448
3,4,1,3,9.522637968349532
3,4,2,3,9.574435588116812
3,4,3,3,9.686362082816787
3,4,4,3,9.530059410251202
3,4,5,3,9.59965475659306
3,4,6,3,9.547157184458348
3,4,7,3,9.550786986126106
3,4,8,3,9.7395444731242
3,4,9,3,9.653674020492272
3,4,10,3,9.524907628596525
3,4,11,3,9.654898218779161
3,4,12,3,9.707445570617558
3,4,13,3,9.596992712472234
3,4,14,3,9.63656906937485
3,4,0,4,9.675431090882697
3,4,1,4,9.549017914348568
3,4,2,4,9.626061268915013
3,4,3,4,9.55288004675581
3,4,4,4,9.681501117577842
3,4,5,4,9.677789753821703
3,4,6,4,9.650643998301684
3,4,7,4,9.60841038217534
3,4,8,4,9.599091790858164
3,4,9,4,9.643714723824646
3,4,10,4,9.568348136470371
3,4,11,4,9.659625669915389
3,4,12,4,9.695370850239419
3,4,13,4,9.650439385142066
3,4,14,4,9.612622951478265
3,4,0,5,9.788798023040869
3,4,1,5,9.554460605126872
3,4,2,5,9.61687132104402
3,4,3,5,9.599219896614239
3,4,4,5,9.595767745086631
3,4,5,5,9.646481627793026
3,4,6,5,9.726774581108302
3,4,7,5,9.616323706294294
3,4,8,5,9.584732301194657
3,4,9,5,9.586499890696105
3,4,10,5,9.576667854432927
3,4,11,5,9.686113627576106
3,4,12,5,9.663557653787183
3,4,13,5,9.553202243400895
3,4,14,5,9.607734964680919
3,4,0,6,9.653335259504287
3,4,1,6,9.667266202090012
3,4,2,6,9.711633693980984
3,4,3,6,9.629823103399449
3,4,4,6,9.470578716504516
3,4,5,6,9.673173148950267
3,4,6,6,9.667088733648782
3,4,7,6,9.630561166106489
3,4,8,6,9.640642622945993
3,4,9,6,9.727428663881406
3,4,10,6,9.527719984185048
3,4,11,6,9.589489271130939
3,4,12,6,9.60186566777469
3,4,13,6,9.578265931735077
3,4,14,6,9.527790308309031
3,4,0,7,9.712405946466596
3,4,1,7,9.684031672374962
3,4,2,7,9.654721018438597
3,4,3,7,9.704676727457917
3,4,4,7,9.522882713523973
3,4,5,7,9.618481113425508
3,4,6,7,9.712411737375362
3,4,7,7,9.586597533986987
3,4,8,7,9.568382328249754
3,4,9,7,9.752617115597936
3,4,10,7,9.68484554414575
3,4,11,7,9.602336499550846
3,4,12,7,9.633901234486597
3,4,13,7,9.638641970424597
3,4,14,7,9.58698849044411
3,4,0,8,9.762302970882459
3,4,1,8,9.807447228933388
3,4,2,8,9.612718048047483
3,4,3,8,9.659970383836393
3,4,4,8,9.470092267981554
3,4,5,8,9.74811509154744
3,4,6,8,9.548030412564964
3,4,7,8,9.472193091228574
3,4,8,8,9.595698068979573
3,4,9,8,9.737298939003049
3,4,10,8,9.605323267928512
3,4,11,8,9.572404127683816
3,4,12,8,9.741209999328222
3,4,13,8,9.609699360210872
3,4,14,8,9.535155412087768
3,4,0,9,9.647494029471233
3,4,1,9,9.686120975981618
3,4,2,9,9.684059448500234
3,4,3,9,9.752013128681137
3,4,4,9,9.515777922667262
3,4,5,9,9.653136481272165
3,4,6,9,9.620719092610381
3,4,7,9,9.608659840290581
3,4,8,9,9.494603755131486
3,4,9,9,9.644875574348173
3,4,10,9,9.607401495872315
3,4,11,9,9.610808301021716
3,4,12,9,9.762544701346243
3,4,13,9,9.580552748695782
3,4,14,9,9.629210568034534
3,4,0,10,9.650753628148902
3,4,1,10,9.630760528227752
3,4,2,10,9.723137865620961
3,4,3,10,9.641809903808136
3,4,4,10,9.447501634270075
3,4,5,10,9.61947930279359
3,4,6,10,9.566074065961766
3,4,7,10,9.54502984905847
3,4,8,10,9.503372992635581
3,4,9,10,9.669330309849224
3,4,10,10,9.633826975820869
3,4,11,10,9.57604143636119
3,4,12,10,9.651392022072784
3,4,13,10,9.598154356640528
3,4,14,10,9.598160782281226
3,4,0,11,9.632077506410129
3,4,1,11,9.666837408772617
3,4,2,11,9.732267171819359
3,4,3,11,9.651782412389474
3,4,4,11,9.448686963967438
3,4,5,11,9.490193932546012
3,4,6,11,9.546960508752942
3,4,7,11,9.513081684242474
3,4,8,11,9.652114959575721
3,4,9,11,9.638353007935425
3,4,10,11,9.686094150872496
3,4,11,11,9.712914583006542
3,4,12,11,9.724860043393571
3,4,13,11,9.608783955273914
3,4,14,11,9.727466816414758
3,4,0,12,9.633130586103636
3,4,1,12,9.580520954163458
3,4,2,12,9.782947106154047
3,4,3,12,9.72131838273098
3,4,4,12,9.475322169398702
3,4,5,12,9.493539877930326
3,4,6,12,9.515557175166299
3,4,7,12,9.635224763627491
3,4,8,12,9.649224105052662
3,4,9,12,9.634782555782195
3,4,10,12,9.629246210914307
3,4,11,12,9.534428282309916
3,4,12,12,9.697779192606085
3,4,13,12,9.633081903092748
3,4,14,12,9.73481478801432
3,4,0,13,9.6011346585907
3,4,1,13,9.638723539694679
3,4,2,13,9.6448927636471
3,4,3,13,9.646075204620624
3,4,4,13,9.6049832060038
3,4,5,13,9.607685182780056
3,4,6,13,9.616922633632296
3,4,7,13,9.678416218781239
3,4,8,13,9.721247671534083
3,4,9,13,9.659653685526855
3,4,10,13,9.553041052724149
3,4,11,13,9.690216873114037
3,4,12,13,9.730249542512619
3,4,13,13,9.611075457180766
3,4,14,13,9.71166634317097
3,4,0,14,9.60413892231324
3,4,1,14,9.698788139784423
3,4,2,14,9.622202437088642
3,4,3,14,9.593574262043314
3,4,4,14,9.579146965434177
3,4,5,14,9.633209316836862
3,4,6,14,9.562840694886999
3,4,7,14,9.633578410075454
3,4,8,14,9.619741279163245
3,4,9,14,9.712350479384535
3,4,10,14,9.498773508610693
3,4,11,14,9.555611107814972
3,4,12,14,9.78450762819657
3,4,13,14,9.57396775239886
3,4,14,14,9.745529271735103
3,4,0,15,9.63676686552861
3,4,1,15,9.692791317025566
3,4,2,15,9.615147051066181
3,4,3,15,9.636863084080574
3,4,4,15,9.633985439078664
3,4,5,15,9.708185850489285
3,4,6,15,9.645579617479749
3,4,7,15,9.631290534784458
3,4,8,15,9.614183964898013
3,4,9,15,9.705596505605108
3,4,10,15,9.51652185303535
3,4,11,15,9.630816472602204
3,4,12,15,9.732600625155797
3,4,13,15,9.657908945720154
3,4,14,15,9.740604675138206
3,4,0,16,9.632325364235863
3,4,1,16,9.701824982666388
3,4,2,16,9.611199854968579
3,4,3,16,9.67808138339544
3,4,4,16,9.636515523918842
3,4,5,16,9.729033344186503
3,4,6,16,9.650569131196248
3,4,7,16,9.600244484962893
3,4,8,16,9.62136531834153
3,4,9,16,9.554157257212259
3,4,10,16,9.533442310636149
3,4,11,16,9.585404254182357
3,4,12,16,9.684716121291087
3,4,13,16,9.533717892764152
3,4,14,16,9.694350364710811
3,4,0,17,9.622348767862063
3,4,1,17,9.71661970121123
3,4,2,17,9.5649015683423
3,4,3,17,9.55996131148776
3,4,4,17,9.618422057883645
3,4,5,17,9.69434874717415
3,4,6,17,9.594422257834472
3,4,7,17,9.615327168380574
3,4,8,17,9.653642297147726
3,4,9,17,9.64582896527829
3,4,10,17,9.615004596629348
3,4,11,17,9.703105594920485
3,4,12,17,9.781613222636766
3,4,13,17,9.563919316502945
3,4,14,17,9.721231497926382
3,4,0,18,9.706322555615422
3,4,1,18,9.607348457566564
3,4,2,18,9.454745189294082
3,4,3,18,9.617467208630336
3,4,4,18,9.538991496828366
3,4,5,18,9.749385234489404
3,4,6,18,9.561387142669457
3,4,7,18,9.659482523650025
3,4,8,18,9.605505318475576
3,4,9,18,9.51156128512028
3,4,10,18,9.51514864581871
3,4,11,18,9.647329822713264
3,4,12,18,9.727837834371934
3,4,13,18,9.562543507907542
3,4,14,18,9.666997595468208
3,4,0,19,9.644546686461803
3,4,1,19,9.510369068532922
3,4,2,19,9.495903272346839
3,4,3,19,9.606460133011943
3,4,4,19,9.61934431738479
3,4,5,19,9.589899390612908
3,4,6,19,9.45188151110554
3,4,7,19,9.64995065243689
3,4,8,19,9.489429969747826
3,4,9,19,9.464373050257702
3,4,10,19,9.370818440446975
3,4,11,19,9.576055536948584
3,4,12,19,9.641752898085905
3,4,13,19,9.578603261331116
3,4,14,19,9.684619535859198
3,4,0,20,9.488090563023585
3,4,1,20,9.3011958184858
3,4,2,20,9.171685907957672
3,4,3,20,9.574330268467794
3,4,4,20,9.465493165362021
3,4,5,20,9.474385775109619
3,4,6,20,9.38465903727331
3,4,7,20,9.560032125402051
3,4,8,20,9.133957725533374
3,4,9,20,9.168523662733564
3,4,10,20,9.051891647340367
3,4,11,20,9.348221898018137
3,4,12,20,9.396365565405633
3,4,13,20,9.416270778196104
3,4,14,20,9.587953140131457
3,4,0,21,9.089879464007717
3,4,1,21,8.676227330259035
3,4,2,21,8.432269840383292
3,4,3,21,9.338707022927355
3,4,4,21,9.227873269898597
3,4,5,21,9.210193777534814
3,4,6,21,9.35025834698649
3,4,7,21,9.291858044351073
3,4,8,21,8.487045508293468
3,4,9,21,8.459594659427689
3,4,10,21,8.171617101598454
3,4,11,21,8.523034972484076
3,4,12,21,8.889706815566951
3,4,13,21,9.078674476194886
3,4,14,21,9.237127998291212
3,4,0,22,8.067532399833755
3,4,1,22,7.003025488327021
3,4,2,22,7.025639698947227
3,4,3,22,8.669224529919855
3,4,4,22,8.428561724151363
3,4,5,22,8.480179491355264
3,4,6,22,9.02666224172132
3,4,7,22,8.561637128978942
3,4,8,22,6.8229259833330085
3,4,9,22,7.124426198752321
3,4,10,22,5.696738355747959
3,4,11,22,6.661946165304476
3,4,12,22,7.232841377014763
3,4,13,22,8.155694703638884
3,4,14,22,8.384319797239584
3,5,0,0,9.685717658299968
3,5,1,0,9.694137185725664
3,5,2,0,9.54351716549521
3,5,3,0,9.635155021585726
3,5,4,0,9.63251527233079
3,5,5,0,9.602054059829273
3,5,6,0,9.832751422402563
3,5,7,0,9.657893219706343
3,5,8,0,9.595056177148592
3,5,9,0,9.700168663525105
3,5,10,0,9.627172868288271
3,5,11,0,9.697950260428563
3,5,12,0,9.512432245440403
3,5,13,0,9.668071274052439
3,5,14,0,9.693020615499123
3,5,0,1,9.680184094530587
3,5,1,1,9.730901130781149
3,5,2,1,9.675540911502033
3,5,3,1,9.577680833501303
3,5,4,1,9.571773588484911
3,5,5,1,9.646420555531082
3,5,6,1,9.675508179388364
3,5,7,1,9.705132085924191
3,5,8,1,9.625102750686377
3,5,9,1,9.641862205227564
3,5,10,1,9.605426885706299
3,5,11,1,9.567988828701491
3,5,12,1,9.594868756768314
3,5,13,1,9.674424144743567
3,5,14,1,9.631125782399037
3,5,0,2,9.684722215002628
3,5,1,2,9.735275278564352
3,5,2,2,9.63238722948089
3,5,3,2,9.570885225747162
3,5,4,2,9.610244864762517
3,5,5,2,9.601875264034183
3,5,6,2,9.717139515480696
3,5,7,2,9.701126132301235
3,5,8,2,9.484476480618554
3,5,9,2,9.673649438756946
3,5,10,2,9.742616230472468
3,5,11,2,9.56509521170403
3,5,12,2,9.703873610743008
3,5,13,2,9.789323109020753
3,5,14,2,9.810207730204517
3,5,0,3,9.668579386670567
3,5,1,3,9.628268463213676
3,5,2,3,9.733825719106564
3,5,3,3,9.612982202333148
3,5,4,3,9.76784809004608
3,5,5,3,9.664841451782978
3,5,6,3,9.582870503728607
3,5,7,3,9.718559871570601
3,5,8,3,9.534235682664404
3,5,9,3,9.835799623144794
3,5,10,3,9.794056020292931
3,5,11,3,9.612878604265298
3,5,12,3,9.5962322088013
3,5,13,3,9.772009434939116
3,5,14,3,9.667038610103377
3,5,0,4,9.683606320447067
3,5,1,4,9.612465501773132
3,5,2,4,9.756121232315163
3,5,3,4,9.46110866065904
3,5,4,4,9.685865242062597
3,5,5,4,9.575817787957968
3,5,6,4,9.514410546492643
3,5,7,4,9.566463452391254
3,5,8,4,9.631253469385648
3,5,9,4,9.697542682498078
3,5,10,4,9.720029909311133
3,5,11,4,9.69179965902144
3,5,12,4,9.5397447954518
3,5,13,4,9.79969650827549
3,5,14,4,9.758045535307001
3,5,0,5,9.554641463427767
3,5,1,5,9.564365931877097
3,5,2,5,9.696891128270208
3,5,3,5,9.53156896924398
3,5,4,5,9.650257489026016
3,5,5,5,9.561556565154707
3,5,6,5,9.482574554732535
3,5,7,5,9.653566684022499
3,5,8,5,9.509968202669304
3,5,9,5,9.749031827617381
3,5,10,5,9.785751927664874
3,5,11,5,9.71383644766397
3,5,12,5,9.720075021659943
3,5,13,5,9.79929080470196
3,5,14,5,9.725366530857496
3,5,0,6,9.686686392430229
3,5,1,6,9.539207444688607
3,5,2,6,9.757711095327119
3,5,3,6,9.577279917598771
3,5,4,6,9.757395147429168
3,5,5,6,9.59548881668447
3,5,6,6,9.499687192673115
3,5,7,6,9.733242761602723
3,5,8,6,9.523038487673976
3,5,9,6,9.709371952994905
3,5,10,6,9.79164714784411
3,5,11,6,9.65207698907122
3,5,12,6,9.705408733879466
3,5,13,6,9.760754096488752
3,5,14,6,9.749453187488943
3,5,0,7,9.676724028946428
3,5,1,7,9.632209296014736
3,5,2,7,9.706760994719442
3,5,3,7,9.556585886196832
3,5,4,7,9.680441987041883
3,5,5,7,9.747674484355752
3,5,6,7,9.488113519635029
3,5,7,7,9.695861020988916
3,5,8,7,9.661485177125323
3,5,9,7,9.608705497846382
3,5,10,7,9.745362181936462
3,5,11,7,9.650786091386976
3,5,12,7,9.621486613386807
3,5,13,7,9.673592518584774
3,5,14,7,9.677767250319437
3,5,0,8,9.631580905277813
3,5,1,8,9.617633384645554
3,5,2,8,9.621745578239157
3,5,3,8,9.604420602416857
3,5,4,8,9.66908616089928
3,5,5,8,9.593420784699168
3,5,6,8,9.654755265439444
3,5,7,8,9.646123238401922
3,5,8,8,9.61953563034166
3,5,9,8,9.571569331645088
3,5,10,8,9.547920200801473
3,5,11,8,9.647418104671203
3,5,12,8,9.611444276074106
3,5,13,8,9.687591123927394
3,5,14,8,9.650138996305815
3,5,0,9,9.686883427777847
3,5,1,9,9.759216422654234
3,5,2,9,9.699370022955934
3,5,3,9,9.562286698393553
3,5,4,9,9.65319917545652
3,5,5,9,9.760390142077526
3,5,6,9,9.639737414562758
3,5,7,9,9.650749186945701
3,5,8,9,9.711956280184838
3,5,9,9,9.658611137821476
3,5,10,9,9.6763067704636
3,5,11,9,9.569079898104782
3,5,12,9,9.69066160510249
3,5,13,9,9.583194105648246
3,5,14,9,9.64064100356132
3,5,0,10,9.75506812143678
3,5,1,10,9.67951281501873
3,5,2,10,9.53405331705292
3,5,3,10,9.61346152028149
3,5,4,10,9.746972281273969
3,5,5,10,9.660607580567154
3,5,6,10,9.768963260351244
3,5,7,10,9.609211633719811
3,5,8,10,9.640845043166863
3,5,9,10,9.6586194687366
3,5,10,10,9.467431678460882
3,5,11,10,9.562880286400723
3,5,12,10,9.668659695524356
3,5,13,10,9.607708034909638
3,5,14,10,9.630838866691574
3,5,0,11,9.658244926868475
3,5,1,11,9.814511384078031
3,5,2,11,9.556805938677662
3,5,3,11,9.609377423889395
3,5,4,11,9.610200001161724
3,5,5,11,9.837781928027258
3,5,6,11,9.684996418600054
3,5,7,11,9.55214953274912
3,5,8,11,9.685113588195383
3,5,9,11,9.732652523198432
3,5,10,11,9.529151986949161
3,5,11,11,9.635457944124028
3,5,12,11,9.586569789866088
3,5,13,11,9.707080776780176
3,5,14,11,9.65080272980297
3,5,0,12,9.714091953658004
3,5,1,12,9.613869408928393
3,5,2,12,9.56085510729785
3,5,3,12,9.533921920714008
3,5,4,12,9.619573156274603
3,5,5,12,9.762922654626928
3,5,6,12,9.666152593571345
3,5,7,12,9.43301197117564
3,5,8,12,9.637829740866234
3,5,9,12,9.698153090636675
3,5,10,12,9.529263595078646
3,5,11,12,9.662488220694392
3,5,12,12,9.598673120786518
3,5,13,12,9.678199262360529
3,5,14,12,9.67754020538943
3,5,0,13,9.589300027608335
3,5,1,13,9.614606844328382
3,5,2,13,9.519402716747521
3,5,3,13,9.516811717946327
3,5,4,13,9.52629843959243
3,5,5,13,9.708736409277119
3,5,6,13,9.693478648839134
3,5,7,13,9.578810421198872
3,5,8,13,9.643246645435628
3,5,9,13,9.628139445183798
3,5,10,13,9.484954702106176
3,5,11,13,9.60600403583082
3,5,12,13,9.607608075399853
3,5,13,13,9.662177611377837
3,5,14,13,9.513927049814646
3,5,0,14,9.7072143447378
3,5,1,14,9.720121770457956
3,5,2,14,9.548871841766168
3,5,3,14,9.638171345816678
3,5,4,14,9.553906517874887
3,5,5,14,9.823744840618971
3,5,6,14,9.67924072114164
3,5,7,14,9.64750810811348
3,5,8,14,9.602464305460192
3,5,9,14,9.579916778766473
3,5,10,14,9.65034462405418
3,5,11,14,9.723542166452653
3,5,12,14,9.530737422307885
3,5,13,14,9.586579358332115
3,5,14,14,9.566363726851774
3,5,0,15,9.730936308478583
3,5,1,15,9.634254586259575
3,5,2,15,9.582659419815387
3,5,3,15,9.492529819212551
3,5,4,15,9.679870889473229
3,5,5,15,9.74190721443593
3,5,6,15,9.66468847344857
3,5,7,15,9.678951574884609
3,5,8,15,9.687395176886833
3,5,9,15,9.51919127179761
3,5,10,15,9.605709778932024
3,5,11,15,9.645774165325582
3,5,12,15,9.57941556588992
3,5,13,15,9.562965819317503
3,5,14,15,9.691439920607161
3,5,0,16,9.671484742319858
3,5,1,16,9.45481439581798
3,5,2,16,9.58501092604757
3,5,3,16,9.468934709747924
3,5,4,16,9.564342806785143
3,5,5,16,9.71248877403761
3,5,6,16,9.769547366836338
3,5,7,16,9.68526546787857
3,5,8,16,9.651455485592317
3,5,9,16,9.673867867300427
3,5,10,16,9.6184350821902
3,5,11,16,9.63472767168343
3,5,12,16,9.673866635803284
3,5,13,16,9.498703911569113
3,5,14,16,9.537122060456985
3,5,0,17,9.677132898058359
3,5,1,17,9.292175853798541
3,5,2,17,9.588092476886638
3,5,3,17,9.55734169103671
3,5,4,17,9.69068710450698
3,5,5,17,9.75132935362913
3,5,6,17,9.711293495044655
3,5,7,17,9.63222497612573
3,5,8,17,9.55067028111621
3,5,9,17,9.567107888519175
3,5,10,17,9.663957798046539
3,5,11,17,9.662324738649106
3,5,12,17,9.629737302434986
3,5,13,17,9.693536405304442
3,5,14,17,9.573509602720154
3,5,0,18,9.68342283098231
3,5,1,18,8.701139515566625
3,5,2,18,9.615732872417457
3,5,3,18,9.681043959833351
3,5,4,18,9.602596852828752
3,5,5,18,9.676666396027166
3,5,6,18,9.670546405487594
3,5,7,18,9.589970258737011
3,5,8,18,9.496968939874375
3,5,9,18,9.607877742378761
3,5,10,18,9.694183123145141
3,5,11,18,9.606728095414397
3,5,12,18,9.537984285183501
3,5,13,18,9.667932085164908
3,5,14,18,9.573061507305077
3,5,0,19,9.529489828349748
3,5,1,19,7.269092567547477
3,5,2,19,9.637549969752069
3,5,3,19,9.589909220403268
3,5,4,19,9.557471839094452
3,5,5,19,9.668916564414138
3,5,6,19,9.77030406842185
3,5,7,19,9.62243545771085
3,5,8,19,9.39380319948975
3,5,9,19,9.560970222839359
3,5,10,19,9.65123042913796
3,5,11,19,9.580436028088963
3,5,12,19,9.513138775288136
3,5,13,19,9.590497804232774
3,5,14,19,9.533394905060607
3,5,0,20,9.365044331324208
3,5,1,20,4.758421914193516
3,5,2,20,9.51983298732855
3,5,3,20,9.541428980716697
3,5,4,20,9.348281061696126
3,5,5,20,9.628821261157821
3,5,6,20,9.593023763586455
3,5,7,20,9.485469075452896
3,5,8,20,8.96415719283311
3,5,9,20,9.327573166493833
3,5,10,20,9.525782644196696
3,5,11,20,9.542311849105417
3,5,12,20,9.236850630534272
3,5,13,20,9.206594114084053
3,5,14,20,9.141537672158963
3,5,0,21,8.69799053324385
3,5,1,21,0.8441355488715168
3,5,2,21,9.20705888561548
3,5,3,21,9.113803726912206
3,5,4,21,8.905000191003758
3,5,5,21,9.330034231384511
3,5,6,21,9.39066607941148
3,5,7,21,9.003053912691117
3,5,8,21,7.398056908773286
3,5,9,21,8.642723279513012
3,5,10,21,9.394025534084669
3,5,11,21,9.236468387410136
3,5,12,21,8.607545781017876
3,5,13,21,8.016845014959152
3,5,14,21,8.193488901643448
3,5,0,22,7.5667189680391935
3,5,1,22,0.0
3,5,2,22,8.363701163766223
3,5,3,22,8.162335545363803
3,5,4,22,7.809694305365516
3,5,5,22,8.787859034777325
3,5,6,22,8.920657353554352
3,5,7,22,7.873207942858994
3,5,8,22,5.2595842049913335
3,5,9,22,6.972591965137138
3,5,10,22,9.047307736958498
3,5,11,22,8.644404684437347
3,5,12,22,6.500983961618889
3,5,13,22,6.163959818710923
3,5,14,22,6.686409993832286
3,6,0,0,9.599489607443749
3,6,1,0,9.645551476297442
3,6,2,0,9.700117398469825
3,6,3,0,9.663588832360654
3,6,4,0,9.682189823337733
3,6,5,0,9.647184499437017
3,6,6,0,9.55530308840118
3,6,7,0,9.48263496304587
3,6,8,0,9.587820023916015
3,6,9,0,9.564507231266472
3,6,10,0,9.761479628797868
3,6,11,0,9.637166881297487
3,6,12,0,9.735474564026289
3,6,13,0,9.599261859799466
3,6,14,0,9.575195482566015
3,6,0,1,9.62948932332319
3,6,1,1,9.715660147659792
3,6,2,1,9.696265198878232
3,6,3,1,9.595586148227063
3,6,4,1,9.590026734729664
3,6,5,1,9.631290625339803
3,6,6,1,9.54932644692374
3,6,7,1,9.64983163945308
3,6,8,1,9.39168772811617
3,6,9,1,9.672742639468423
3,6,10,1,9.568558478268308
3,6,11,1,9.578174568390569
3,6,12,1,9.683350602464735
3,6,13,1,9.683922563664108
3,6,14,1,9.60716099906279
3,6,0,2,9.73652523151857
3,6,1,2,9.739951100854912
3,6,2,2,9.664870238456666
3,6,3,2,9.613046398634104
3,6,4,2,9.624557665784646
3,6,5,2,9.493946439840023
3,6,6,2,9.473734074211642
3,6,7,2,9.669281353677196
3,6,8,2,9.567459723583678
3,6,9,2,9.580873311605858
3,6,10,2,9.617981685543338
3,6,11,2,9.604695074505889
3,6,12,2,9.632097927154899
3,6,13,2,9.655728901683341
3,6,14,2,9.731563660632359
3,6,0,3,9.687056890327987
3,6,1,3,9.616394481679324
3,6,2,3,9.647245950925297
3,6,3,3,9.65464703980076
3,6,4,3,9.593830689028358
3,6,5,3,9.554414879188162
3,6,6,3,9.50271778260281
3,6,7,3,9.679457023726698
3,6,8,3,9.537222842552941
3,6,9,3,9.672380697958646
3,6,10,3,9.765724655709123
3,6,11,3,9.603089065597361
3,6,12,3,9.604266931476005
3,6,13,3,9.656536904159791
3,6,14,3,9.62293588055003
3,6,0,4,9.603188910017142
3,6,1,4,9.774371221679774
3,6,2,4,9.681981025647913
3,6,3,4,9.54986558169251
3,6,4,4,9.559207143356256
3,6,5,4,9.5566209324297
3,6,6,4,9.491267869821659
3,6,7,4,9.67779702844193
3,6,8,4,9.589997347639303
3,6,9,4,9.656352052449684
3,6,10,4,9.751587881405294
3,6,11,4,9.52171013866184
3,6,12,4,9.648728608146081
3,6,13,4,9.605152218325042
3,6,14,4,9.648737597660409
3,6,0,5,9.507483347110517
3,6,1,5,9.690946514052579
3,6,2,5,9.653349706906278
3,6,3,5,9.628361162290338
3,6,4,5,9.49411241639381
3,6,5,5,9.482124193864124
3,6,6,5,9.474257714641576
3,6,7,5,9.629472447799417
3,6,8,5,9.572117752343367
3,6,9,5,9.650482199274016
3,6,10,5,9.673997002467033
3,6,11,5,9.592435848560493
3,6,12,5,9.668316226745075
3,6,13,5,9.697848696321023
3,6,14,5,9.675764241859433
3,6,0,6,9.553836479651356
3,6,1,6,9.70127786890773
3,6,2,6,9.581400204150059
3,6,3,6,9.53896021996175
3,6,4,6,9.538764872378495
3,6,5,6,9.63350823657171
3,6,6,6,9.643665702170628
3,6,7,6,9.542586932285777
3,6,8,6,9.586686699327224
3,6,9,6,9.576114572969322
3,6,10,6,9.601713689848362
3,6,11,6,9.553099715692548
3,6,12,6,9.54096022914955
3,6,13,6,9.654805655694325
3,6,14,6,9.653519312430054
3,6,0,7,9.650870844576835
3,6,1,7,9.607718860022684
3,6,2,7,9.686782612525748
3,6,3,7,9.682724058693724
3,6,4,7,9.629186009023982
3,6,5,7,9.641622556535554
3,6,6,7,9.424575494700008
3,6,7,7,9.68613098184686
3,6,8,7,9.614043771402141
3,6,9,7,9.56404120472337
3,6,10,7,9.582118238409777
3,6,11,7,9.517682729472797
3,6,12,7,9.725866739198763
3,6,13,7,9.565389500556442
3,6,14,7,9.613671118129032
3,6,0,8,9.561780684161253
3,6,1,8,9.521433592855104
3,6,2,8,9.562794930488895
3,6,3,8,9.678735564594767
3,6,4,8,9.61976482461503
3,6,5,8,9.702969591984232
3,6,6,8,9.518237494374029
3,6,7,8,9.62686937544389
3,6,8,8,9.701886653082854
3,6,9,8,9.612258696757356
3,6,10,8,9.552106679498978
3,6,11,8,9.428687495060947
3,6,12,8,9.64419780588804
3,6,13,8,9.620918890298325
3,6,14,8,9.598715205029178
3,6,0,9,9.593070795003275
3,6,1,9,9.67428371338355
3,6,2,9,9.623151153186438
3,6,3,9,9.541089192057733
3,6,4,9,9.690793505003944
3,6,5,9,9.662248894593093
3,6,6,9,9.547430747475145
3,6,7,9,9.510665263158476
3,6,8,9,9.732408495893562
3,6,9,9,9.637174676437587
3,6,10,9,9.735372139953004
3,6,11,9,9.635747560078528
3,6,12,9,9.567511321805325
3,6,13,9,9.540202591696112
3,6,14,9,9.607772514029088
3,6,0,10,9.614412928626356
3,6,1,10,9.753203792244515
3,6,2,10,9.571426275528715
3,6,3,10,9.654706638180844
3,6,4,10,9.675359125104906
3,6,5,10,9.661801672476205
3,6,6,10,9.477734447154987
3,6,7,10,9.642080671893265
3,6,8,10,9.624195681277543
3,6,9,10,9.62827164757863
3,6,10,10,9.563421631733961
3,6,11,10,9.619807829795437
3,6,12,10,9.620906042316532
3,6,13,10,9.753086148645478
3,6,14,10,9.622731797865553
3,6,0,11,9.576091587828971
3,6,1,11,9.70042167040095
3,6,2,11,9.64532440407996
3,6,3,11,9.551563221179583
3,6,4,11,9.645998753060434
3,6,5,11,9.608563484843879
3,6,6,11,9.54911553999423
3,6,7,11,9.618828592962283
3,6,8,11,9.6769059029155
3,6,9,11,9.596508753104745
3,6,10,11,9.631659216528691
3,6,11,11,9.555568477568594
3,6,12,11,9.672929735714703
3,6,13,11,9.58712290301424
3,6,14,11,9.589570542599667
3,6,0,12,9.562183970946052
3,6,1,12,9.619318164603891
3,6,2,12,9.589670141819859
3,6,3,12,9.700827521074919
3,6,4,12,9.550940410131517
3,6,5,12,9.637449494333106
3,6,6,12,9.646592784310284
3,6,7,12,9.489087385919856
3,6,8,12,9.687341602621602
3,6,9,12,9.63472467121333
3,6,10,12,9.646205101427086
3,6,11,12,9.691481558051818
3,6,12,12,9.658256477387193
3,6,13,12,9.687624597227918
3,6,14,12,9.645805129501808
3,6,0,13,9.445122139683084
3,6,1,13,9.525917933241026
3,6,2,13,9.5901017574467
3,6,3,13,9.63381183208955
3,6,4,13,9.611230115250622
3,6,5,13,9.684536894414803
3,6,6,13,9.645114078668934
3,6,7,13,9.465434762970602
3,6,8,13,9.672482759166394
3,6,9,13,9.611125694823185
3,6,10,13,9.706229366896014
3,6,11,13,9.778584904856698
3,6,12,13,9.655818705970292
3,6,13,13,9.692090501386259
3,6,14,13,9.686029198856406
3,6,0,14,9.544846679014052
3,6,1,14,9.560653203875887
3,6,2,14,9.664111019851553
3,6,3,14,9.672878880945026
3,6,4,14,9.534258781209436
3,6,5,14,9.589737126058132
3,6,6,14,9.681464446875559
3,6,7,14,9.486476079468616
3,6,8,14,9.565661375826728
3,6,9,14,9.620061002820846
3,6,10,14,9.625601377611925
3,6,11,14,9.610882478095967
3,6,12,14,9.56437972680013
3,6,13,14,9.685384216706499
3,6,14,14,9.5245416567056
3,6,0,15,9.562569592904586
3,6,1,15,9.721821848800287
3,6,2,15,9.57953722396009
3,6,3,15,9.482476983846546
3,6,4,15,9.702088670781746
3,6,5,15,9.649397083066795
3,6,6,15,9.732044786439253
3,6,7,15,9.579564327337144
3,6,8,15,9.644715291288504
3,6,9,15,9.639032775869511
3,6,10,15,9.624117131866049
3,6,11,15,9.735044709085109
3,6,12,15,9.525510079315326
3,6,13,15,9.624884454701597
3,6,14,15,9.6128154597924
3,6,0,16,9.541632918587622
3,6,1,16,9.476699478096974
3,6,2,16,9.647547827143702
3,6,3,16,9.665714390522302
3,6,4,16,9.774326314789937
3,6,5,16,9.58793005602398
3,6,6,16,9.730973967849053
3,6,7,16,9.582149857156953
3,6,8,16,9.628747073421346
3,6,9,16,9.612216487845936
3,6,10,16,9.480287219685225
3,6,11,16,9.655119976052369
3,6,12,16,9.541678126725174
3,6,13,16,9.643400778371877
3,6,14,16,9.484446435995318
3,6,0,17,9.561156590238005
3,6,1,17,9.565987213926542
3,6,2,17,9.7120315838673
3,6,3,17,9.618197399188515
3,6,4,17,9.550260543812609
3,6,5,17,9.61626548658177
3,6,6,17,9.626588157647369
3,6,7,17,9.496833138378802
3,6,8,17,9.435316611041012
3,6,9,17,9.54778506293101
3,6,10,17,9.490211684327935
3,6,11,17,9.714431672658316
3,6,12,17,9.56185992293859
3,6,13,17,9.601036066203015
3,6,14,17,9.544022556301558
3,6,0,18,9.547514216162197
3,6,1,18,9.542031653311689
3,6,2,18,9.555517011592276
3,6,3,18,9.556123522732623
3,6,4,18,9.518968211765747
3,6,5,18,9.482998320958286
3,6,6,18,9.61737040506797
3,6,7,18,9.361896494136854
3,6,8,18,9.445245216270797
3,6,9,18,9.50540171055585
3,6,10,18,9.550813279117968
3,6,11,18,9.615909928009213
3,6,12,18,9.413471897958638
3,6,13,18,9.597688786795816
3,6,14,18,9.276026641999044
3,6,0,19,9.410157992866742
3,6,1,19,9.690759861885219
3,6,2,19,9.587240138935408
3,6,3,19,9.603599792000558
3,6,4,19,9.294493990344115
3,6,5,19,9.16983328103188
3,6,6,19,9.556327349248637
3,6,7,19,9.154041722570096
3,6,8,19,9.497762320702137
3,6,9,19,9.61588451237763
3,6,10,19,9.442463274105434
3,6,11,19,9.462009871091729
3,6,12,19,9.02088634082293
3,6,13,19,9.61083223501759
3,6,14,19,8.450820111712716
3,6,0,20,9.15075156508983
3,6,1,20,9.549811633938264
3,6,2,20,9.275889987072595
3,6,3,20,9.48109583674777
3,6,4,20,8.883309009778523
3,6,5,20,8.428890851685553
3,6,6,20,9.402707552339157
3,6,7,20,8.13724363415037
3,6,8,20,9.334303947515428
3,6,9,20,9.575443583533012
3,6,10,20,9.090377799599606
3,6,11,20,9.428648663441615
3,6,12,20,8.030474492130145
3,6,13,20,9.451078716455154
3,6,14,20,7.258256896388335
3,6,0,21,8.46834079042296
3,6,1,21,9.385477699975095
3,6,2,21,8.828502020794657
3,6,3,21,9.14915978057824
3,6,4,21,7.788154818569917
3,6,5,21,6.046185968474062
3,6,6,21,8.965130591260655
3,6,7,21,6.7399143709050815
3,6,8,21,9.010321197261009
3,6,9,21,9.372843233351906
3,6,10,21,7.977645382144174
3,6,11,21,9.06969499296742
3,6,12,21,5.1048723618758265
3,6,13,21,9.041560143527018
3,6,14,21,3.7011633256403305
3,6,0,22,6.39826653383429
3,6,1,22,8.88436954881796
3,6,2,22,7.325739106314142
3,6,3,22,8.29077044180359
3,6,4,22,5.160668501969968
3,6,5,22,2.377682316345229
3,6,6,22,7.63998637728168
3,6,7,22,3.312147447417934
3,6,8,22,8.175867557153378
3,6,9,22,8.915629813656953
3,6,10,22,6.286401986863498
3,6,11,22,8.157573649635163
3,6,12,22,2.265063926420521
3,6,13,22,7.933861959381901
3,6,14,22,0.6257275620364794
3,7,0,0,9.571651723764093
3,7,1,0,9.731481493202581
3,7,2,0,9.632666188618156
3,7,3,0,9.75507323859442
3,7,4,0,9.552079078518684
3,7,5,0,9.690832853652399
3,7,6,0,9.660071133282116
3,7,7,0,9.675813592075405
3,7,8,0,9.81742121290964
3,7,9,0,9.436310331638795
3,7,10,0,9.72438776405596
3,7,11,0,9.624427385918507
3,7,12,0,9.364550315144614
3,7,13,0,9.754137365352543
3,7,14,0,9.626676978972064
3,7,0,1,9.690032013500996
3,7,1,1,9.657451107310244
3,7,2,1,9.612917498773358
3,7,3,1,9.796542584103495
3,7,4,1,9.575798744388559
3,7,5,1,9.485680246364435
3,7,6,1,9.633233080769545
3,7,7,1,9.673182769551847
3,7,8,1,9.713262747070289
3,7,9,1,9.613170572229757
3,7,10,1,9.722775305937544
3,7,11,1,9.64461788085009
3,7,12,1,9.686643395308947
3,7,13,1,9.562791812963889
3,7,14,1,9.609846442418446
3,7,0,2,9.596721658611415
3,7,1,2,9.595999444356975
3,7,2,2,9.570208722575655
3,7,3,2,9.80048972393577
3,7,4,2,9.501948360102864
3,7,5,2,9.567703996248008
3,7,6,2,9.650703802440233
3,7,7,2,9.567436561726067
3,7,8,2,9.776213092500697
3,7,9,2,9.631722246652147
3,7,10,2,9.805107575137265
3,7,11,2,9.555816404182382
3,7,12,2,9.464082591279128
3,7,13,2,9.543165886011126
3,7,14,2,9.689139256095617
3,7,0,3,9.502126423559544
3,7,1,3,9.61059565819895
3,7,2,3,9.651124786613646
3,7,3,3,9.901697346153144
3,7,4,3,9.531679423668216
3,7,5,3,9.682102857857867
3,7,6,3,9.566431970820796
3,7,7,3,9.67089420014402
3,7,8,3,9.764233654426258
3,7,9,3,9.496392074072658
3,7,10,3,9.745348193458218
3,7,11,3,9.647965114596456
3,7,12,3,9.627780323911413
3,7,13,3,9.675141397717013
3,7,14,3,9.657169652626553
3,7,0,4,9.376931059964363
3,7,1,4,9.538810361136715
3,7,2,4,9.672194675127177
3,7,3,4,9.87503606401041
3,7,4,4,9.515292114993333
3,7,5,4,9.571682608460483
3,7,6,4,9.66387825813499
3,7,7,4,9.734881186654881
3,7,8,4,9.712428710697438
3,7,9,4,9.462201257712364
3,7,10,4,9.65885082746763
3,7,11,4,9.588257925347445
3,7,12,4,9.643114504303592
3,7,13,4,9.582976614789592
3,7,14,4,9.757015344832746
3,7,0,5,9.562531231978337
3,7,1,5,9.595020257787034
3,7,2,5,9.689211536966425
3,7,3,5,9.727088605982306
3,7,4,5,9.585154828261112
3,7,5,5,9.62988674616555
3,7,6,5,9.682523112317437
3,7,7,5,9.698898700597532
3,7,8,5,9.595205581429143
3,7,9,5,9.446820792329477
3,7,10,5,9.75266486656854
3,7,11,5,9.703290531566854
3,7,12,5,9.731590078032603
3,7,13,5,9.66750980873699
3,7,14,5,9.638415472813046
3,7,0,6,9.422894317495334
3,7,1,6,9.631659904300514
3,7,2,6,9.533353408977565
3,7,3,6,9.59047360755109
3,7,4,6,9.671009086997502
3,7,5,6,9.53172101995596
3,7,6,6,9.61570977886917
3,7,7,6,9.706342043934164
3,7,8,6,9.548026253938643
3,7,9,6,9.425498181599567
3,7,10,6,9.586136891833661
3,7,11,6,9.557954669361985
3,7,12,6,9.532490641333561
3,7,13,6,9.64492068073629
3,7,14,6,9.780097278107428
3,7,0,7,9.546520095318918
3,7,1,7,9.546880026691785
3,7,2,7,9.644170971367304
3,7,3,7,9.522459159341617
3,7,4,7,9.57410589203776
3,7,5,7,9.534930311476243
3,7,6,7,9.694263732963169
3,7,7,7,9.669850406188175
3,7,8,7,9.601800266824405
3,7,9,7,9.728921324351555
3,7,10,7,9.632407641527282
3,7,11,7,9.55676869385565
3,7,12,7,9.721899656119914
3,7,13,7,9.57476647139608
3,7,14,7,9.618351900753416
3,7,0,8,9.564663865767448
3,7,1,8,9.524643792777685
3,7,2,8,9.571872702191996
3,7,3,8,9.531136670564871
3,7,4,8,9.639260159846732
3,7,5,8,9.590101361565797
3,7,6,8,9.559264213006761
3,7,7,8,9.63983459583599
3,7,8,8,9.555031662291544
3,7,9,8,9.65256615431801
3,7,10,8,9.622366261528217
3,7,11,8,9.518054343218186
3,7,12,8,9.65532492604109
3,7,13,8,9.514475809275789
3,7,14,8,9.548083084536053
3,7,0,9,9.563077770530336
3,7,1,9,9.581866659086664
3,7,2,9,9.660594886440634
3,7,3,9,9.599374360943632
3,7,4,9,9.741823809120543
3,7,5,9,9.51711140079133
3,7,6,9,9.757249649291039
3,7,7,9,9.66271293291284
3,7,8,9,9.588728200380718
3,7,9,9,9.574669465014997
3,7,10,9,9.605734255443334
3,7,11,9,9.519013686571205
3,7,12,9,9.711043386064393
3,7,13,9,9.655574530340708
3,7,14,9,9.717142517664449
3,7,0,10,9.518135688767982
3,7,1,10,9.45472364374154
3,7,2,10,9.719053706331925
3,7,3,10,9.644710642365695
3,7,4,10,9.65481770348392
3,7,5,10,9.662258288161237
3,7,6,10,9.706559285821834
3,7,7,10,9.6331808677887
3,7,8,10,9.60348876587884
3,7,9,10,9.546128298269643
3,7,10,10,9.578117879799853
3,7,11,10,9.501898265719534
3,7,12,10,9.721271366033928
3,7,13,10,9.618043323026425
3,7,14,10,9.510934362066356
3,7,0,11,9.503151533020201
3,7,1,11,9.552738926750672
3,7,2,11,9.620570640933446
3,7,3,11,9.618513912855311
3,7,4,11,9.476573886947769
3,7,5,11,9.72596463802872
3,7,6,11,9.608063826147358
3,7,7,11,9.808714695993826
3,7,8,11,9.693318317220458
3,7,9,11,9.565180288322978
3,7,10,11,9.575618740114965
3,7,11,11,9.483244440079817
3,7,12,11,9.575727201181493
3,7,13,11,9.75425898636462
3,7,14,11,9.642377288188525
3,7,0,12,9.501951762579472
3,7,1,12,9.522000580142434
3,7,2,12,9.69564141436866
3,7,3,12,9.575176320169401
3,7,4,12,9.56397948425204
3,7,5,12,9.648875103837375
3,7,6,12,9.687309336565638
3,7,7,12,9.535577496805297
3,7,8,12,9.704261263185437
3,7,9,12,9.499839924958913
3,7,10,12,9.422417064823431
3,7,11,12,9.385069382924355
3,7,12,12,9.532168050450487
3,7,13,12,9.557505529502627
3,7,14,12,9.734696567280324
3,7,0,13,9.58240181895641
3,7,1,13,9.513057990390108
3,7,2,13,9.730395767058786
3,7,3,13,9.587431540481608
3,7,4,13,9.750808684373188
3,7,5,13,9.620156809135064
3,7,6,13,9.547426006044377
3,7,7,13,9.481714511979828
3,7,8,13,9.725880853603009
3,7,9,13,9.477714401847988
3,7,10,13,9.361251985158015
3,7,11,13,9.343656893102429
3,7,12,13,9.745014073415804
3,7,13,13,9.614076965199878
3,7,14,13,9.696436363091
3,7,0,14,9.609074852097567
3,7,1,14,9.600171691289574
3,7,2,14,9.596291898859027
3,7,3,14,9.415878850748847
3,7,4,14,9.683862477991134
3,7,5,14,9.648936254771254
3,7,6,14,9.654805156328816
3,7,7,14,9.632231689215155
3,7,8,14,9.62751610170149
3,7,9,14,9.560171823092018
3,7,10,14,9.428062014381448
3,7,11,14,9.503292134029417
3,7,12,14,9.59742933240262
3,7,13,14,9.432262460620237
3,7,14,14,9.60346267746072
3,7,0,15,9.681516706354367
3,7,1,15,9.498324246126636
3,7,2,15,9.58932484354875
3,7,3,15,9.556094977917997
3,7,4,15,9.543291908738414
3,7,5,15,9.787109729115254
3,7,6,15,9.503223620093896
3,7,7,15,9.457555487268227
3,7,8,15,9.606926340210311
3,7,9,15,9.589885572081569
3,7,10,15,9.5777780093724
3,7,11,15,9.605278030791908
3,7,12,15,9.800827361860152
3,7,13,15,9.580499422512514
3,7,14,15,9.495665431982111
3,7,0,16,9.592419041594583
3,7,1,16,9.31149034861035
3,7,2,16,9.6527975408435
3,7,3,16,9.499788014242585
3,7,4,16,9.560707503106547
3,7,5,16,9.586723023132308
3,7,6,16,9.580058605171166
3,7,7,16,9.561044574652188
3,7,8,16,9.51943574036692
3,7,9,16,9.492152026020053
3,7,10,16,9.49097799338241
3,7,11,16,9.560031457539726
3,7,12,16,9.675164351873127
3,7,13,16,9.544867485153736
3,7,14,16,9.654865580120237
3,7,0,17,9.522620967952586
3,7,1,17,9.4428806452242
3,7,2,17,9.647286107866746
3,7,3,17,9.393979874624636
3,7,4,17,9.55877824409158
3,7,5,17,9.665159388642827
3,7,6,17,9.61408165029949
3,7,7,17,9.554888521008339
3,7,8,17,9.503649716576177
3,7,9,17,9.248036158245448
3,7,10,17,9.518955461705906
3,7,11,17,9.483891382223668
3,7,12,17,9.827678394623875
3,7,13,17,9.578873996864115
3,7,14,17,9.578466056184428
3,7,0,18,9.418236541472213
3,7,1,18,9.25871141176224
3,7,2,18,9.626886160833699
3,7,3,18,9.069969799205982
3,7,4,18,9.545068051363524
3,7,5,18,9.572958133236542
3,7,6,18,9.670241491975396
3,7,7,18,9.531356846652326
3,7,8,18,9.563351755840001
3,7,9,18,8.350757975308216
3,7,10,18,9.726362620412745
3,7,11,18,9.51114610387042
3,7,12,18,9.770340413529583
3,7,13,18,9.549070603599523
3,7,14,18,9.551995900600062
3,7,0,19,9.142511395792557
3,7,1,19,9.442116839653714
3,7,2,19,9.523411312048196
3,7,3,19,8.186034110474935
3,7,4,19,9.492112681448763
3,7,5,19,9.480188385026556
3,7,6,19,9.559679032688301
3,7,7,19,9.322505097516897
3,7,8,19,9.579454174266191
3,7,9,19,6.634078922455174
3,7,10,19,9.59817566581413
3,7,11,19,9.499494087357064
3,7,12,19,9.521769526015976
3,7,13,19,9.406093526494297
3,7,14,19,9.41076402319935
3,7,0,20,8.24827911180827
3,7,1,20,9.43367815314214
3,7,2,20,9.394799050688897
3,7,3,20,6.161231524412018
3,7,4,20,9.265375719480277
3,7,5,20,9.233032611774293
3,7,6,20,9.321708643624062
3,7,7,20,8.825857477072704
3,7,8,20,9.539536238297947
3,7,9,20,2.9961057699149567
3,7,10,20,9.481126814117859
3,7,11,20,9.460814656852019
3,7,12,20,9.089714806489912
3,7,13,20,9.00401319597599
3,7,14,20,8.917288343187678
3,7,0,21,6.626734768247219
3,7,1,21,8.997438106436789
3,7,2,21,9.021942232788826
3,7,3,21,2.867093731392709
3,7,4,21,8.514659181369304
3,7,5,21,8.56463567957742
3,7,6,21,9.02849713960275
3,7,7,21,7.465286436851305
3,7,8,21,9.329696572699111
3,7,9,21,0.057886356401947836
3,7,10,21,9.33619156595779
3,7,11,21,9.154892118982177
3,7,12,21,8.170070648699456
3,7,13,21,7.621250390303678
3,7,14,21,8.264177529753702
3,7,0,22,3.5058977923419863
3,7,1,22,8.144450906511517
3,7,2,22,7.926560818896005
3,7,3,22,0.08668477532719546
3,7,4,22,6.569488393550006
3,7,5,22,6.740521118526801
3,7,6,22,7.512625403103745
3,7,7,22,4.098442902505565
3,7,8,22,8.742536188927932
3,7,9,22,0.0
3,7,10,22,8.276090872280236
3,7,11,22,8.238799114434977
3,7,12,22,5.733514476359221
3,7,13,22,5.437674210088698
3,7,14,22,6.381957735843194
3,8,0,0,9.552700132725878
3,8,1,0,9.66303436078668
3,8,2,0,9.650499848826504
3,8,3,0,9.678657838936342
3,8,4,0,9.595044211419923
3,8,5,0,9.701728919619416
3,8,6,0,9.561710307103644
3,8,7,0,9.422238967407951
3,8,8,0,9.544966730274043
3,8,9,0,9.679320987596624
3,8,10,0,9.585980548369998
3,8,11,0,9.622448879068623
3,8,12,0,9.465223565372543
3,8,13,0,9.7513049661103
3,8,14,0,9.653335524670979
3,8,0,1,9.543263381815585
3,8,1,1,9.70608865729757
3,8,2,1,9.654952345877284
3,8,3,1,9.71515187892684
3,8,4,1,9.634016157115934
3,8,5,1,9.52264626436134
3,8,6,1,9.578299762207385
3,8,7,1,9.653337930455416
3,8,8,1,9.690935737271078
3,8,9,1,9.742492955193336
3,8,10,1,9.60653642839865
3,8,11,1,9.64959599056902
3,8,12,1,9.520067884671766
3,8,13,1,9.826997738152238
3,8,14,1,9.68380225184563
3,8,0,2,9.57013831592232
3,8,1,2,9.669201762820467
3,8,2,2,9.61402355733864
3,8,3,2,9.638679078530824
3,8,4,2,9.67203339167746
3,8,5,2,9.555689125708348
3,8,6,2,9.560619948246108
3,8,7,2,9.680527246728218
3,8,8,2,9.502941446376314
3,8,9,2,9.625278388208356
3,8,10,2,9.598600908271049
3,8,11,2,9.707914292455419
3,8,12,2,9.690251872280623
3,8,13,2,9.676722608236103
3,8,14,2,9.57663332308607
3,8,0,3,9.513847838625066
3,8,1,3,9.536948601914204
3,8,2,3,9.785426943355642
3,8,3,3,9.583353272635298
3,8,4,3,9.45257890539884
3,8,5,3,9.648677179870512
3,8,6,3,9.622601594304031
3,8,7,3,9.64194575346567
3,8,8,3,9.60583132078362
3,8,9,3,9.612998431536024
3,8,10,3,9.66755885124417
3,8,11,3,9.811989519113052
3,8,12,3,9.66082071094355
3,8,13,3,9.517087846854102
3,8,14,3,9.632765284518417
3,8,0,4,9.741184599819466
3,8,1,4,9.639400384540572
3,8,2,4,9.60477869734025
3,8,3,4,9.584673264481987
3,8,4,4,9.545052292026739
3,8,5,4,9.520260598487077
3,8,6,4,9.493098476023933
3,8,7,4,9.722398009574457
3,8,8,4,9.698980948587236
3,8,9,4,9.588360426106396
3,8,10,4,9.705225491233954
3,8,11,4,9.738439650864862
3,8,12,4,9.572098239963156
3,8,13,4,9.736290078577152
3,8,14,4,9.659735098736652
3,8,0,5,9.61102915862316
3,8,1,5,9.581070944702502
3,8,2,5,9.633909261512134
3,8,3,5,9.517727329288526
3,8,4,5,9.62723610271544
3,8,5,5,9.577411825505925
3,8,6,5,9.502823625658138
3,8,7,5,9.639584431619395
3,8,8,5,9.626334427560474
3,8,9,5,9.516793529467433
3,8,10,5,9.681480694016988
3,8,11,5,9.732694372155576
3,8,12,5,9.730582819569232
3,8,13,5,9.673398729096306
3,8,14,5,9.640623477950294
3,8,0,6,9.529869759401892
3,8,1,6,9.567131355667732
3,8,2,6,9.526877676118508
3,8,3,6,9.645794718386492
3,8,4,6,9.393892061549444
3,8,5,6,9.637931665552836
3,8,6,6,9.477366762173315
3,8,7,6,9.59979706467121
3,8,8,6,9.719513751750041
3,8,9,6,9.508605767521638
3,8,10,6,9.55456379976261
3,8,11,6,9.487227732062706
3,8,12,6,9.607452608247161
3,8,13,6,9.718751537273807
3,8,14,6,9.662503152323463
3,8,0,7,9.476080892774425
3,8,1,7,9.699082542341818
3,8,2,7,9.753410662898256
3,8,3,7,9.685054818302461
3,8,4,7,9.632051657306137
3,8,5,7,9.587207547133014
3,8,6,7,9.52891590179828
3,8,7,7,9.657970611225295
3,8,8,7,9.695419704627602
3,8,9,7,9.405372282948017
3,8,10,7,9.615444819918016
3,8,11,7,9.698254001892295
3,8,12,7,9.65214675554743
3,8,13,7,9.687673101239032
3,8,14,7,9.613855933833095
3,8,0,8,9.5988991794731
3,8,1,8,9.691700013163272
3,8,2,8,9.648722633990857
3,8,3,8,9.607084337357973
3,8,4,8,9.5983888403697
3,8,5,8,9.545593089398697
3,8,6,8,9.578544695870892
3,8,7,8,9.63804478284612
3,8,8,8,9.774196038129114
3,8,9,8,9.44010478539617
3,8,10,8,9.53483981475651
3,8,11,8,9.59120622833661
3,8,12,8,9.711553519199953
3,8,13,8,9.594565502366446
3,8,14,8,9.629817932182398
3,8,0,9,9.590403113340628
3,8,1,9,9.719577659027745
3,8,2,9,9.718750812437941
3,8,3,9,9.544544066632461
3,8,4,9,9.568001683578766
3,8,5,9,9.626131272501256
3,8,6,9,9.622646206129772
3,8,7,9,9.594183539772905
3,8,8,9,9.61388008962233
3,8,9,9,9.562202054875158
3,8,10,9,9.66980824966165
3,8,11,9,9.34231858067111
3,8,12,9,9.562331903860303
3,8,13,9,9.582740963550822
3,8,14,9,9.562167700318886
3,8,0,10,9.635920638285741
3,8,1,10,9.653709346547545
3,8,2,10,9.694006860012431
3,8,3,10,9.60176879308418
3,8,4,10,9.654233359454988
3,8,5,10,9.592318378735989
3,8,6,10,9.729837670550097
3,8,7,10,9.560482537246578
3,8,8,10,9.585210182386573
3,8,9,10,9.480220386559543
3,8,10,10,9.721170382443812
3,8,11,10,9.448126299934389
3,8,12,10,9.580994691290526
3,8,13,10,9.585447372315654
3,8,14,10,9.568065938942876
3,8,0,11,9.558400832342677
3,8,1,11,9.690670741001183
3,8,2,11,9.726507329791245
3,8,3,11,9.5179274658402
3,8,4,11,9.620630920878295
3,8,5,11,9.670930140186368
3,8,6,11,9.507904591874619
3,8,7,11,9.419206111800687
3,8,8,11,9.616021103005776
3,8,9,11,9.534243430111086
3,8,10,11,9.710820164172087
3,8,11,11,9.527459729107404
3,8,12,11,9.524082576315648
3,8,13,11,9.501714144401614
3,8,14,11,9.4840404654903
3,8,0,12,9.627174224363992
3,8,1,12,9.612985111882397
3,8,2,12,9.715369275641539
3,8,3,12,9.586282420259332
3,8,4,12,9.618886455307122
3,8,5,12,9.590640072296393
3,8,6,12,9.655139252676188
3,8,7,12,9.4937356511223
3,8,8,12,9.744948436204021
3,8,9,12,9.645658797637312
3,8,10,12,9.572704748609013
3,8,11,12,9.771679260544351
3,8,12,12,9.565526773251868
3,8,13,12,9.521619627276658
3,8,14,12,9.509942780670784
3,8,0,13,9.549624099099383
3,8,1,13,9.631783805270471
3,8,2,13,9.592514297010753
3,8,3,13,9.530451746705522
3,8,4,13,9.624992390949078
3,8,5,13,9.546724775848588
3,8,6,13,9.600790677364717
3,8,7,13,9.586236672340677
3,8,8,13,9.587591764493045
3,8,9,13,9.527102112334564
3,8,10,13,9.534872101178323
3,8,11,13,9.5574246250779
3,8,12,13,9.634167211706709
3,8,13,13,9.532233537189866
3,8,14,13,9.52762838850013
3,8,0,14,9.393053979740396
3,8,1,14,9.667825891256799
3,8,2,14,9.694193974000031
3,8,3,14,9.58103478263525
3,8,4,14,9.521471592928378
3,8,5,14,9.625058717517884
3,8,6,14,9.58918247988114
3,8,7,14,9.564358284194046
3,8,8,14,9.686296256917506
3,8,9,14,9.608730934614773
3,8,10,14,9.467169365127077
3,8,11,14,9.561174280490208
3,8,12,14,9.613618520882262
3,8,13,14,9.539617128804736
3,8,14,14,9.566061082073803
3,8,0,15,9.537175692453484
3,8,1,15,9.588207407274487
3,8,2,15,9.655407560550247
3,8,3,15,9.521680458223006
3,8,4,15,9.591957199830711
3,8,5,15,9.633645397736908
3,8,6,15,9.592788640491506
3,8,7,15,9.675169760126481
3,8,8,15,9.47751366105297
3,8,9,15,9.67978120093571
3,8,10,15,9.465841690150462
3,8,11,15,9.733067813686835
3,8,12,15,9.577275485672642
3,8,13,15,9.4371802268181
3,8,14,15,9.5607698272514
3,8,0,16,9.712800138511842
3,8,1,16,9.629817902121514
3,8,2,16,9.637490200635847
3,8,3,16,9.60138911432568
3,8,4,16,9.477035393055328
3,8,5,16,9.665902047970622
3,8,6,16,9.458990250161149
3,8,7,16,9.541593585398148
3,8,8,16,9.601943771575703
3,8,9,16,9.555275501300537
3,8,10,16,9.581468416378579
3,8,11,16,9.624195484756061
3,8,12,16,9.553120179651154
3,8,13,16,9.362222073369622
3,8,14,16,9.590888153294646
3,8,0,17,9.610458830198487
3,8,1,17,9.654035777086671
3,8,2,17,9.54238623855359
3,8,3,17,9.531750680270461
3,8,4,17,9.560311300636661
3,8,5,17,9.572649142117704
3,8,6,17,9.406600111718198
3,8,7,17,9.592071253095499
3,8,8,17,9.56116037052777
3,8,9,17,9.661067730804394
3,8,10,17,9.605488298348925
3,8,11,17,9.563753274445407
3,8,12,17,9.491576212014294
3,8,13,17,9.490679059093397
3,8,14,17,9.732327211514493
3,8,0,18,9.725387455992914
3,8,1,18,9.598622441190873
3,8,2,18,9.571701354186855
3,8,3,18,9.511888089574468
3,8,4,18,9.568516988291405
3,8,5,18,9.56999217585107
3,8,6,18,9.302495061768827
3,8,7,18,9.542399442157588
3,8,8,18,9.561563791382591
3,8,9,18,9.663874832531066
3,8,10,18,9.65959955792578
3,8,11,18,9.626920646887417
3,8,12,18,9.485187563531051
3,8,13,18,9.620858242204672
3,8,14,18,9.733193130687178
3,8,0,19,9.490248215542376
3,8,1,19,9.413134509677581
3,8,2,19,9.648275564888706
3,8,3,19,9.299667748558871
3,8,4,19,9.60030514622997
3,8,5,19,9.33691948621962
3,8,6,19,9.319444705911863
3,8,7,19,9.497398790359847
3,8,8,19,9.466400471130537
3,8,9,19,9.573662312158891
3,8,10,19,9.598242170346577
3,8,11,19,9.40463351324617
3,8,12,19,9.408402253512557
3,8,13,19,9.544039205760885
3,8,14,19,9.647939373544272
3,8,0,20,9.501713720723801
3,8,1,20,8.963298244196412
3,8,2,20,9.36473248192279
3,8,3,20,8.775428146164469
3,8,4,20,9.439592407443872
3,8,5,20,8.650790189763716
3,8,6,20,8.97311597907161
3,8,7,20,9.11435470641472
3,8,8,20,9.428684016640164
3,8,9,20,9.558096261564188
3,8,10,20,9.37906660787694
3,8,11,20,8.843036527981408
3,8,12,20,9.476853435353291
3,8,13,20,9.480954132715263
3,8,14,20,9.536073139124458
3,8,0,21,9.168330449787891
3,8,1,21,7.604519882953118
3,8,2,21,8.717856163800892
3,8,3,21,7.32360593275893
3,8,4,21,9.011217419700133
3,8,5,21,7.369597991646306
3,8,6,21,7.9284909080898505
3,8,7,21,8.135406186706538
3,8,8,21,9.18784394359864
3,8,9,21,9.194806859061574
3,8,10,21,8.715496525133927
3,8,11,21,7.920908593577709
3,8,12,21,9.246411332820196
3,8,13,21,9.311104695932581
3,8,14,21,9.301144181440266
3,8,0,22,7.968213478608704
3,8,1,22,5.181325699069517
3,8,2,22,7.067103596393203
3,8,3,22,5.747856337861519
3,8,4,22,8.062723902432174
3,8,5,22,4.892857281739251
3,8,6,22,5.581492183202043
3,8,7,22,6.485069127649952
3,8,8,22,8.432688179826195
3,8,9,22,8.289705315875107
3,8,10,22,7.36073538051041
3,8,11,22,5.354899760306897
3,8,12,22,8.822455922385087
3,8,13,22,8.6757526948411
3,8,14,22,8.397870827078506
3,9,0,0,9.684492139057147
3,9,1,0,9.508260075807785
3,9,2,0,9.46256315287841
3,9,3,0,9.539999394264617
3,9,4,0,9.608662138873981
3,9,5,0,9.558378176254687
3,9,6,0,9.520091826322764
3,9,7,0,9.560431090192235
3,9,8,0,9.617264620530687
3,9,9,0,9.535357747059248
3,9,10,0,9.553567859621056
3,9,11,0,9.446456374370758
3,9,12,0,9.6507666279996
3,9,13,0,9.475770290773063
3,9,14,0,9.660180849420646
3,9,0,1,9.545116579090504
3,9,1,1,9.634092837830465
3,9,2,1,9.631337737790695
3,9,3,1,9.516057209978003
3,9,4,1,9.53878711909984
3,9,5,1,9.590654515259056
3,9,6,1,9.52383556481288
3,9,7,1,9.477198788389028
3,9,8,1,9.573320789221615
3,9,9,1,9.637706995893415
3,9,10,1,9.638819462484305
3,9,11,1,9.675140899115872
3,9,12,1,9.752680232873455
3,9,13,1,9.633275788387381
3,9,14,1,9.650440222388584
3,9,0,2,9.535373841652937
3,9,1,2,9.609137833674088
3,9,2,2,9.606194989081521
3,9,3,2,9.517740435823711
3,9,4,2,9.529470763986346
3,9,5,2,9.604940780844004
3,9,6,2,9.657178699765616
3,9,7,2,9.712120264110292
3,9,8,2,9.48146272232198
3,9,9,2,9.62906589545199
3,9,10,2,9.576969005432597
3,9,11,2,9.536953119603726
3,9,12,2,9.706171916843314
3,9,13,2,9.504479495742963
3,9,14,2,9.673527109905667
3,9,0,3,9.488205245160286
3,9,1,3,9.650535910489662
3,9,2,3,9.594243956308128
3,9,3,3,9.644942141318392
3,9,4,3,9.638781810054297
3,9,5,3,9.624909589199941
3,9,6,3,9.639508744846074
3,9,7,3,9.444824300041319
3,9,8,3,9.518798126772234
3,9,9,3,9.584239642762327
3,9,10,3,9.560488048686924
3,9,11,3,9.629479874059767
3,9,12,3,9.73057059080291
3,9,13,3,9.569212394848938
3,9,14,3,9.523120802967629
3,9,0,4,9.41776326570188
3,9,1,4,9.546783936205513
3,9,2,4,9.5427300276885
3,9,3,4,9.664125373865257
3,9,4,4,9.70167283430592
3,9,5,4,9.483565467696904
3,9,6,4,9.531670034879072
3,9,7,4,9.62890674860482
3,9,8,4,9.47968771798032
3,9,9,4,9.491977438642
3,9,10,4,9.612726369924218
3,9,11,4,9.611732612296448
3,9,12,4,9.778410133880975
3,9,13,4,9.642595447178467
3,9,14,4,9.656999224230681
3,9,0,5,9.622166166415457
3,9,1,5,9.69746260946567
3,9,2,5,9.51325444278022
3,9,3,5,9.507047916793388
3,9,4,5,9.580008416907217
3,9,5,5,9.545753601219772
3,9,6,5,9.531022025703745
3,9,7,5,9.610219778594745
3,9,8,5,9.592656173783972
3,9,9,5,9.489040506266312
3,9,10,5,9.526828035519852
3,9,11,5,9.663999478139647
3,9,12,5,9.523044855349337
3,9,13,5,9.495670111406685
3,9,14,5,9.58719390193153
3,9,0,6,9.642465863832948
3,9,1,6,9.625362372816905
3,9,2,6,9.773304148297148
3,9,3,6,9.537151456304656
3,9,4,6,9.389627349092915
3,9,5,6,9.564605552873312
3,9,6,6,9.731044073199897
3,9,7,6,9.582316809503673
3,9,8,6,9.53376825921652
3,9,9,6,9.48838039829738
3,9,10,6,9.506795046812277
3,9,11,6,9.662625731323754
3,9,12,6,9.597355332505975
3,9,13,6,9.48144706437315
3,9,14,6,9.547364704144442
3,9,0,7,9.625015747575551
3,9,1,7,9.524417711508512
3,9,2,7,9.721385980483733
3,9,3,7,9.619321850639974
3,9,4,7,9.355765105444434
3,9,5,7,9.681038809632975
3,9,6,7,9.553994067520323
3,9,7,7,9.625153764837824
3,9,8,7,9.497568507024958
3,9,9,7,9.605856983454895
3,9,10,7,9.745973042301673
3,9,11,7,9.560507885458058
3,9,12,7,9.566752100025784
3,9,13,7,9.599771546285314
3,9,14,7,9.627064899813263
3,9,0,8,9.682493426938967
3,9,1,8,9.608719597804003
3,9,2,8,9.665248541247642
3,9,3,8,9.497679208076217
3,9,4,8,9.431958065896167
3,9,5,8,9.68027592044529
3,9,6,8,9.495299937547216
3,9,7,8,9.562794998371256
3,9,8,8,9.691632607973185
3,9,9,8,9.701682102405295
3,9,10,8,9.344476927438862
3,9,11,8,9.479680692589307
3,9,12,8,9.596332206955724
3,9,13,8,9.57256667683589
3,9,14,8,9.547049729439252
3,9,0,9,9.476685025939327
3,9,1,9,9.742855765945203
3,9,2,9,9.698325157193196
3,9,3,9,9.488199075612311
3,9,4,9,9.49734883428998
3,9,5,9,9.651018012281478
3,9,6,9,9.696482605607358
3,9,7,9,9.483693008208336
3,9,8,9,9.513179262899927
3,9,9,9,9.591753345470927
3,9,10,9,9.574303492867907
3,9,11,9,9.55489724189049
3,9,12,9,9.66791679830473
3,9,13,9,9.52189139740903
3,9,14,9,9.536533500036404
3,9,0,10,9.529053919530616
3,9,1,10,9.592099288714634
3,9,2,10,9.735226576165216
3,9,3,10,9.644830950141007
3,9,4,10,9.356925105711172
3,9,5,10,9.561912917668907
3,9,6,10,9.564879043224982
3,9,7,10,9.529625831028918
3,9,8,10,9.677913737196063
3,9,9,10,9.509736410997238
3,9,10,10,9.553178995633125
3,9,11,10,9.548792334501593
3,9,12,10,9.610691034896428
3,9,13,10,9.48915396687451
3,9,14,10,9.468343096951102
3,9,0,11,9.562870836836963
3,9,1,11,9.740019727896977
3,9,2,11,9.471770654948218
3,9,3,11,9.646558557500644
3,9,4,11,9.717465120219872
3,9,5,11,9.545944139733406
3,9,6,11,9.70195749614538
3,9,7,11,9.560634494905143
3,9,8,11,9.519772615048286
3,9,9,11,9.573864149566516
3,9,10,11,9.672285586748206
3,9,11,11,9.58724362390768
3,9,12,11,9.634989119842405
3,9,13,11,9.695117811545636
3,9,14,11,9.514484707238237
3,9,0,12,9.66284340584153
3,9,1,12,9.416212601212205
3,9,2,12,9.590055651525335
3,9,3,12,9.525024226001381
3,9,4,12,9.64445080537383
3,9,5,12,9.633247244588341
3,9,6,12,9.650687544285333
3,9,7,12,9.637247242350384
3,9,8,12,9.727188153260533
3,9,9,12,9.498678553705862
3,9,10,12,9.682487594074415
3,9,11,12,9.588070081159957
3,9,12,12,9.669788012989427
3,9,13,12,9.670356347504907
3,9,14,12,9.606279056469063
3,9,0,13,9.67266383519699
3,9,1,13,9.583825627986826
3,9,2,13,9.559040165312968
3,9,3,13,9.740600485177664
3,9,4,13,9.660191535433919
3,9,5,13,9.537247343182333
3,9,6,13,9.594894780224065
3,9,7,13,9.456910397425007
3,9,8,13,9.656336806191538
3,9,9,13,9.354519426109654
3,9,10,13,9.839757061233696
3,9,11,13,9.652042465444282
3,9,12,13,9.731390534219667
3,9,13,13,9.611872675898248
3,9,14,13,9.69789960079887
3,9,0,14,9.497352012490271
3,9,1,14,9.459755173532624
3,9,2,14,9.507304093911648
3,9,3,14,9.752731872489411
3,9,4,14,9.55431045283551
3,9,5,14,9.538219625232857
3,9,6,14,9.56074136584242
3,9,7,14,9.4740769724353
3,9,8,14,9.508389036715174
3,9,9,14,9.457897246796874
3,9,10,14,9.64959050764544
3,9,11,14,9.728280509582898
3,9,12,14,9.570365818358226
3,9,13,14,9.769974378156913
3,9,14,14,9.62419834992236
3,9,0,15,9.687809459787527
3,9,1,15,9.558590546456726
3,9,2,15,9.647076155969698
3,9,3,15,9.560212146344947
3,9,4,15,9.705920354492173
3,9,5,15,9.601317102212677
3,9,6,15,9.540472291067198
3,9,7,15,9.440544496433315
3,9,8,15,9.54140664844111
3,9,9,15,9.540716449176516
3,9,10,15,9.623882184343067
3,9,11,15,9.505251861984066
3,9,12,15,9.552135568754604
3,9,13,15,9.689713280739525
3,9,14,15,9.551627323316607
3,9,0,16,9.660143639820664
3,9,1,16,9.406853800253607
3,9,2,16,9.64040656177566
3,9,3,16,9.600095782958096
3,9,4,16,9.612473273405547
3,9,5,16,9.500959510326345
3,9,6,16,9.5520583882809
3,9,7,16,9.561662081979792
3,9,8,16,9.38450222496361
3,9,9,16,9.548733774745958
3,9,10,16,9.613992977801903
3,9,11,16,9.64774233845923
3,9,12,16,9.534974654722642
3,9,13,16,9.625167901003703
3,9,14,16,9.696520218042059
3,9,0,17,9.622822020941074
3,9,1,17,9.500200985072635
3,9,2,17,9.551629359320668
3,9,3,17,9.687611567074565
3,9,4,17,9.710523400483702
3,9,5,17,9.57982425601073
3,9,6,17,9.802813559260786
3,9,7,17,9.63113751582366
3,9,8,17,9.522702156642787
3,9,9,17,9.535754626441854
3,9,10,17,9.424417818274026
3,9,11,17,9.678500754950718
3,9,12,17,9.571507802666442
3,9,13,17,9.645416427705284
3,9,14,17,9.622341888597683
3,9,0,18,9.619935501029705
3,9,1,18,9.564934688987911
3,9,2,18,9.251399030271749
3,9,3,18,9.754383937048873
3,9,4,18,9.675908686290535
3,9,5,18,9.583997365763585
3,9,6,18,9.543423151518061
3,9,7,18,9.637492745141481
3,9,8,18,9.575645115576023
3,9,9,18,9.649788480309523
3,9,10,18,9.374590508902273
3,9,11,18,9.381826259319466
3,9,12,18,9.286796836908398
3,9,13,18,9.468853801443057
3,9,14,18,9.692804719104279
3,9,0,19,9.55918420954364
3,9,1,19,9.430835454371055
3,9,2,19,8.463164594797561
3,9,3,19,9.615945867197093
3,9,4,19,9.511359948188185
3,9,5,19,9.568783117572913
3,9,6,19,9.565280532185751
3,9,7,19,9.561642945254414
3,9,8,19,9.408406515113192
3,9,9,19,9.578558944470778
3,9,10,19,9.29816081536567
3,9,11,19,9.2125517635829
3,9,12,19,8.868646454222139
3,9,13,19,9.220129033655462
3,9,14,19,9.554064008791924
3,9,0,20,9.284569308705485
3,9,1,20,9.314572838988155
3,9,2,20,7.103035106348792
3,9,3,20,9.356934712134438
3,9,4,20,9.105042945609966
3,9,5,20,9.470466176725125
3,9,6,20,9.465322899986475
3,9,7,20,9.384741894974587
3,9,8,20,8.939880619773087
3,9,9,20,9.513467667433064
3,9,10,20,8.538103418831634
3,9,11,20,8.486108752806611
3,9,12,20,8.073403627263165
3,9,13,20,8.449945317860333
3,9,14,20,9.530063698723714
3,9,0,21,8.779183955657823
3,9,1,21,8.669979471942586
3,9,2,21,3.48183733840105
3,9,3,21,8.347822127061098
3,9,4,21,8.07761764396779
3,9,5,21,9.27134158225305
3,9,6,21,9.089887125931583
3,9,7,21,8.907734585717403
3,9,8,21,7.648241507205149
3,9,9,21,9.031910510235578
3,9,10,21,6.520991938865004
3,9,11,21,6.858526758308295
3,9,12,21,5.26903309280895
3,9,13,21,6.501290014870469
3,9,14,21,9.288500534934652
3,9,0,22,6.617249335366755
3,9,1,22,7.428871033020284
3,9,2,22,0.05857186204375015
3,9,3,22,7.008788324774388
3,9,4,22,6.568402159628377
3,9,5,22,8.984548498013298
3,9,6,22,8.146206695788646
3,9,7,22,7.310297397300485
3,9,8,22,5.198154847077063
3,9,9,22,8.187449218230084
3,9,10,22,4.508929566658545
3,9,11,22,4.080876979689551
3,9,12,22,1.3906751758214038
3,9,13,22,3.7428845703350655
3,9,14,22,8.425754182788939
3,10,0,0,9.578015269565165
3,10,1,0,9.708284627189578
3,10,2,0,9.615251243409167
3,10,3,0,9.549513678951607
3,10,4,0,9.48478310854421
3,10,5,0,9.631668879535296
3,10,6,0,9.566891184494281
3,10,7,0,9.717429012804537
3,10,8,0,9.416377867867627
3,10,9,0,9.641583550520307
3,10,10,0,9.631311085350776
3,10,11,0,9.508885399356796
3,10,12,0,9.636520767221837
3,10,13,0,9.620618599368282
3,10,14,0,9.630165541200622
3,10,0,1,9.545393601587298
3,10,1,1,9.599540094455818
3,10,2,1,9.51097237141833
3,10,3,1,9.70198126845567
3,10,4,1,9.612395597167582
3,10,5,1,9.6302252238686
3,10,6,1,9.546859819570077
3,10,7,1,9.570935772580153
3,10,8,1,9.322541277758535
3,10,9,1,9.571407959559517
3,10,10,1,9.620462369255996
3,10,11,1,9.615027462829703
3,10,12,1,9.625939382474476
3,10,13,1,9.685412012514401
3,10,14,1,9.661014057153995
3,10,0,2,9.61532193555682
3,10,1,2,9.504921756733715
3,10,2,2,9.602853402967186
3,10,3,2,9.561642009594644
3,10,4,2,9.38057974728283
3,10,5,2,9.579353059772705
3,10,6,2,9.633985044176937
3,10,7,2,9.679872456415639
3,10,8,2,9.437584018180278
3,10,9,2,9.556720201831567
3,10,10,2,9.720030388403584
3,10,11,2,9.662329650076487
3,10,12,2,9.57392892935596
3,10,13,2,9.710753072580234
3,10,14,2,9.498501836382259
3,10,0,3,9.442882045986455
3,10,1,3,9.466119318086717
3,10,2,3,9.51285321666711
3,10,3,3,9.547188632624914
3,10,4,3,9.687673956011624
3,10,5,3,9.67699044841704
3,10,6,3,9.651530364344868
3,10,7,3,9.622423728245124
3,10,8,3,9.391136116117528
3,10,9,3,9.47808411333314
3,10,10,3,9.587911696308591
3,10,11,3,9.607381705441023
3,10,12,3,9.704862414219507
3,10,13,3,9.717424432779154
3,10,14,3,9.550744339095829
3,10,0,4,9.501010490080006
3,10,1,4,9.367198614709597
3,10,2,4,9.5650312371195
3,10,3,4,9.605680542586885
3,10,4,4,9.542860578382182
3,10,5,4,9.615346805864244
3,10,6,4,9.49040752465779
3,10,7,4,9.512366180453265
3,10,8,4,9.571740257582201
3,10,9,4,9.686623467200242
3,10,10,4,9.696081153948983
3,10,11,4,9.629671164823632
3,10,12,4,9.612085787736898
3,10,13,4,9.653744722771773
3,10,14,4,9.45572692482187
3,10,0,5,9.640040512878466
3,10,1,5,9.581100645952374
3,10,2,5,9.470119029633498
3,10,3,5,9.483911383968127
3,10,4,5,9.636211681476883
3,10,5,5,9.61802306713902
3,10,6,5,9.697717028286133
3,10,7,5,9.43868611918254
3,10,8,5,9.64817510884294
3,10,9,5,9.71285825880517
3,10,10,5,9.67617633122511
3,10,11,5,9.799138149683182
3,10,12,5,9.583055038025671
3,10,13,5,9.473090601656713
3,10,14,5,9.634725362836662
3,10,0,6,9.626678758468701
3,10,1,6,9.542135741013412
3,10,2,6,9.231443453259875
3,10,3,6,9.737701033483111
3,10,4,6,9.446764804269492
3,10,5,6,9.668524060214995
3,10,6,6,9.69044577267326
3,10,7,6,9.452905352185798
3,10,8,6,9.65613778218508
3,10,9,6,9.702182951298774
3,10,10,6,9.678054637695572
3,10,11,6,9.593568834142557
3,10,12,6,9.687403714866084
3,10,13,6,9.595809068304455
3,10,14,6,9.564886806443184
3,10,0,7,9.638572576861685
3,10,1,7,9.609862671454627
3,10,2,7,9.621499545181246
3,10,3,7,9.63673071506286
3,10,4,7,9.40914907431366
3,10,5,7,9.644232891801222
3,10,6,7,9.603994167114736
3,10,7,7,9.434021878075166
3,10,8,7,9.654066304728506
3,10,9,7,9.58956136288814
3,10,10,7,9.731319436620584
3,10,11,7,9.614515344977507
3,10,12,7,9.649389885447523
3,10,13,7,9.38642405880312
3,10,14,7,9.509771157855715
3,10,0,8,9.54338615849489
3,10,1,8,9.797523841814552
3,10,2,8,9.443078637201618
3,10,3,8,9.547903426012251
3,10,4,8,9.656877960960951
3,10,5,8,9.702944278631923
3,10,6,8,9.510287160912865
3,10,7,8,9.352504463244054
3,10,8,8,9.679202715366447
3,10,9,8,9.609874579050548
3,10,10,8,9.497836360114885
3,10,11,8,9.677773556999128
3,10,12,8,9.623390493390428
3,10,13,8,9.517365754566672
3,10,14,8,9.265272308077828
3,10,0,9,9.488504019321802
3,10,1,9,9.55174320852085
3,10,2,9,9.667967467766866
3,10,3,9,9.669113098019455
3,10,4,9,9.6123350074057
3,10,5,9,9.504684282000708
3,10,6,9,9.43834851408358
3,10,7,9,9.4878918922578
3,10,8,9,9.617133536470458
3,10,9,9,9.405372296170988
3,10,10,9,9.458083137937518
3,10,11,9,9.443700966766038
3,10,12,9,9.371656856029107
3,10,13,9,9.7296305403302
3,10,14,9,9.599684474065986
3,10,0,10,9.608386274401184
3,10,1,10,9.490145814793872
3,10,2,10,9.627190754532094
3,10,3,10,9.524158642952411
3,10,4,10,9.557981107747363
3,10,5,10,9.544050864738518
3,10,6,10,9.369232485857848
3,10,7,10,9.399325070564489
3,10,8,10,9.56754698293799
3,10,9,10,9.52829193695712
3,10,10,10,9.711724828383888
3,10,11,10,9.539204197486377
3,10,12,10,9.499527284077814
3,10,13,10,9.65797643676733
3,10,14,10,9.524016053926545
3,10,0,11,9.455923645336103
3,10,1,11,9.640855529644108
3,10,2,11,9.649571578581725
3,10,3,11,9.57304693430971
3,10,4,11,9.528810655535
3,10,5,11,9.733734611609583
3,10,6,11,9.535545814592183
3,10,7,11,9.384694614859594
3,10,8,11,9.281691302757416
3,10,9,11,9.623873389732063
3,10,10,11,9.768866104072044
3,10,11,11,9.459777015168948
3,10,12,11,9.210883815818288
3,10,13,11,9.575982059838575
3,10,14,11,9.237120323066826
3,10,0,12,9.475308973326955
3,10,1,12,9.585018061417774
3,10,2,12,9.683948355033545
3,10,3,12,9.433696697070479
3,10,4,12,9.818922258146985
3,10,5,12,9.743794452519033
3,10,6,12,9.594859075550334
3,10,7,12,9.566017341912026
3,10,8,12,9.602356928732856
3,10,9,12,9.637542485129428
3,10,10,12,9.482325164962539
3,10,11,12,9.407735358976886
3,10,12,12,9.332347362033202
3,10,13,12,9.468416769058631
3,10,14,12,9.469067948342733
3,10,0,13,9.632657323531944
3,10,1,13,9.688564407535809
3,10,2,13,9.513852564684722
3,10,3,13,9.406576277163168
3,10,4,13,9.619488699997355
3,10,5,13,9.637466866928563
3,10,6,13,9.73288260445431
3,10,7,13,9.516163730011435
3,10,8,13,9.584074995229905
3,10,9,13,9.592690283800106
3,10,10,13,9.642230942084609
3,10,11,13,9.583030369340168
3,10,12,13,9.29291803149585
3,10,13,13,9.564813734487771
3,10,14,13,9.61664593078806
3,10,0,14,9.53543545656048
3,10,1,14,9.719096786025567
3,10,2,14,9.617499883780653
3,10,3,14,9.464576091037346
3,10,4,14,9.68584722546359
3,10,5,14,9.61976007497784
3,10,6,14,9.674868948507964
3,10,7,14,9.482419783670691
3,10,8,14,9.471459463076352
3,10,9,14,9.635985791266934
3,10,10,14,9.375798985705956
3,10,11,14,9.677641166748469
3,10,12,14,9.510402358499991
3,10,13,14,9.725783694183184
3,10,14,14,9.561094346581148
3,10,0,15,9.456295690430451
3,10,1,15,9.580244265658795
3,10,2,15,9.629945567809013
3,10,3,15,9.644612800349572
3,10,4,15,9.666368220183829
3,10,5,15,9.609395743694746
3,10,6,15,9.434421868571667
3,10,7,15,9.584907908487297
3,10,8,15,9.30618428264791
3,10,9,15,9.381180373021875
3,10,10,15,9.461320438473837
3,10,11,15,9.645691875398255
3,10,12,15,9.540832751307732
3,10,13,15,9.673698879734097
3,10,14,15,9.556600522069804
3,10,0,16,9.45761275445194
3,10,1,16,9.637766340624369
3,10,2,16,9.695116443063176
3,10,3,16,9.525929057365666
3,10,4,16,9.611562637640256
3,10,5,16,9.62963836716713
3,10,6,16,9.620754073642397
3,10,7,16,9.716213217693127
3,10,8,16,9.628402127982469
3,10,9,16,9.374849534152986
3,10,10,16,9.494182819694922
3,10,11,16,9.706407208239598
3,10,12,16,9.738171097842786
3,10,13,16,9.691921905615814
3,10,14,16,9.39042885474163
3,10,0,17,9.50156666210914
3,10,1,17,9.53666229560012
3,10,2,17,9.486173613655309
3,10,3,17,9.563613395838185
3,10,4,17,9.579285814009232
3,10,5,17,9.469737078521742
3,10,6,17,9.45610187709305
3,10,7,17,9.603457779978285
3,10,8,17,9.398239047470014
3,10,9,17,9.451348947524641
3,10,10,17,9.516302470394246
3,10,11,17,9.545617828518532
3,10,12,17,9.52810067059397
3,10,13,17,9.596203484934236
3,10,14,17,9.5801243413432
3,10,0,18,9.700729821150992
3,10,1,18,9.630283247135017
3,10,2,18,9.551037039856963
3,10,3,18,9.614950778069275
3,10,4,18,9.518367006747246
3,10,5,18,9.356134367094029
3,10,6,18,9.646555720919219
3,10,7,18,9.31802264568146
3,10,8,18,9.257803197044428
3,10,9,18,9.562886998355513
3,10,10,18,9.419425212155279
3,10,11,18,9.693053374998273
3,10,12,18,9.60626990925757
3,10,13,18,9.380322667954992
3,10,14,18,9.634694682441916
3,10,0,19,9.627934155502576
3,10,1,19,9.403095674855566
3,10,2,19,9.579577117251262
3,10,3,19,9.649444315499826
3,10,4,19,9.56675025534638
3,10,5,19,9.00101738650066
3,10,6,19,9.557157695853078
3,10,7,19,8.884429576775196
3,10,8,19,8.82498324782148
3,10,9,19,9.418153292910578
3,10,10,19,9.110589225469717
3,10,11,19,9.503384355842435
3,10,12,19,9.461776407237295
3,10,13,19,9.251949077893027
3,10,14,19,9.569774359489326
3,10,0,20,9.307780722903399
3,10,1,20,9.50579626067342
3,10,2,20,9.470129437824383
3,10,3,20,9.359029898360227
3,10,4,20,9.348089529346398
3,10,5,20,8.0954810348668
3,10,6,20,9.410472733405427
3,10,7,20,7.943855547301136
3,10,8,20,7.55234212848337
3,10,9,20,9.441467271499107
3,10,10,20,8.398763754656185
3,10,11,20,9.315424577695262
3,10,12,20,9.070947074033166
3,10,13,20,8.764065421078788
3,10,14,20,9.461765030484626
3,10,0,21,8.809246314039582
3,10,1,21,9.294405030407509
3,10,2,21,9.14410413247069
3,10,3,21,9.070076138417823
3,10,4,21,9.362910625468228
3,10,5,21,5.572738537645298
3,10,6,21,8.894608297504066
3,10,7,21,4.980253637199664
3,10,8,21,5.170965372861933
3,10,9,21,9.384388451065616
3,10,10,21,6.173463337785387
3,10,11,21,8.52958578101261
3,10,12,21,8.51236924347606
3,10,13,21,7.466249225022152
3,10,14,21,9.131948789680113
3,10,0,22,7.344904415773903
3,10,1,22,8.679283430782954
3,10,2,22,8.815495687316375
3,10,3,22,7.754178703733406
3,10,4,22,8.991845747623746
3,10,5,22,1.9771785016414547
3,10,6,22,7.868951960931513
3,10,7,22,1.4401540832930309
3,10,8,22,1.9206086903984128
3,10,9,22,8.807067023790152
3,10,10,22,3.0594346176082943
3,10,11,22,7.731540139363759
3,10,12,22,6.898886723570182
3,10,13,22,5.145382288114779
3,10,14,22,8.226600584897263
4,3,0,0,9.468079476204856
4,3,1,0,9.461941240771795
4,3,2,0,9.510917817811826
4,3,3,0,9.359065564397918
4,3,4,0,9.46268889516609
4,3,5,0,9.30979667778671
4,3,6,0,9.529561761487878
4,3,7,0,9.412682100867439
4,3,8,0,9.433520984549306
4,3,9,0,9.474835321443173
4,3,10,0,9.37240798208183
4,3,11,0,9.458495192228703
4,3,12,0,9.327537239632534
4,3,13,0,9.520901783088046
4,3,14,0,9.462703207211709
4,3,0,1,9.473065822413053
4,3,1,1,9.490287386575142
4,3,2,1,9.473371295559891
4,3,3,1,9.357309762370766
4,3,4,1,9.403182506154236
4,3,5,1,9.429962937462799
4,3,6,1,9.470097293870516
4,3,7,1,9.319827221340486
4,3,8,1,9.388550755480463
4,3,9,1,9.434494863311349
4,3,10,1,9.510915620006825
4,3,11,1,9.46594476393942
4,3,12,1,9.450357046583186
4,3,13,1,9.517032325057597
4,3,14,1,9.541069902222807
4,3,0,2,9.494151923724274
4,3,1,2,9.440112427782152
4,3,2,2,9.51627801778378
4,3,3,2,9.325069753660562
4,3,4,2,9.427327489461376
4,3,5,2,9.363782030064744
4,3,6,2,9.534172407348901
4,3,7,2,9.514808286674384
4,3,8,2,9.432095818093527
4,3,9,2,9.528315254469655
4,3,10,2,9.433020090782808
4,3,11,2,9.374756581878692
4,3,12,2,9.510319696178906
4,3,13,2,9.462187245720163
4,3,14,2,9.4285350470611
4,3,0,3,9.527963834301513
4,3,1,3,9.438328222344811
4,3,2,3,9.478828358856584
4,3,3,3,9.361258303332773
4,3,4,3,9.502775039989745
4,3,5,3,9.412315751385107
4,3,6,3,9.4884676894952
4,3,7,3,9.423363716419503
4,3,8,3,9.414723248658452
4,3,9,3,9.438930722189085
4,3,10,3,9.519878430174856
4,3,11,3,9.431208624641418
4,3,12,3,9.525735750537383
4,3,13,3,9.370024777021243
4,3,14,3,9.480311230638499
4,3,0,4,9.591410621856486
4,3,1,4,9.455923501744417
4,3,2,4,9.393664737934332
4,3,3,4,9.441952046069574
4,3,4,4,9.517174740516673
4,3,5,4,9.48483026387748
4,3,6,4,9.471759162533461
4,3,7,4,9.460671628324945
4,3,8,4,9.514811322073388
4,3,9,4,9.442932565363082
4,3,10,4,9.518170591623031
4,3,11,4,9.42997946066438
4,3,12,4,9.53562744334628
4,3,13,4,9.380890576905301
4,3,14,4,9.376564333331686
4,3,0,5,9.578982049758388
4,3,1,5,9.443121579215866
4,3,2,5,9.499650513787735
4,3,3,5,9.485873467990896
4,3,4,5,9.478825424846258
4,3,5,5,9.386916319932102
4,3,6,5,9.538356607114977
4,3,7,5,9.474979478844348
4,3,8,5,9.477142945260152
4,3,9,5,9.454073375569594
4,3,10,5,9.56338904236854
4,3,11,5,9.50833062987905
4,3,12,5,9.46192417477016
4,3,13,5,9.44763020041592
4,3,14,5,9.417023213331957
4,3,0,6,9.391331548582555
4,3,1,6,9.422671115210717
4,3,2,6,9.530203067207735
4,3,3,6,9.465994144411644
4,3,4,6,9.421056963457389
4,3,5,6,9.459928712818389
4,3,6,6,9.501910661291872
4,3,7,6,9.42682734019636
4,3,8,6,9.465400177545494
4,3,9,6,9.412937134560664
4,3,10,6,9.58144358218418
4,3,11,6,9.476388599358753
4,3,12,6,9.397622022917007
4,3,13,6,9.462905854145502
4,3,14,6,9.483998130475761
4,3,0,7,9.409714337269936
4,3,1,7,9.418738681669822
4,3,2,7,9.524254626411317
4,3,3,7,9.519490997145388
4,3,4,7,9.48971494724299
4,3,5,7,9.430081652963493
4,3,6,7,9.499120618779285
4,3,7,7,9.37517473580794
4,3,8,7,9.424699338137417
4,3,9,7,9.429514766966788
4,3,10,7,9.555981404133028
4,3,11,7,9.471274150688625
4,3,12,7,9.514112534523585
4,3,13,7,9.483540199274318
4,3,14,7,9.518568127894621
4,3,0,8,9.393144779175422
4,3,1,8,9.516945687467057
4,3,2,8,9.537410327970054
4,3,3,8,9.460328497205518
4,3,4,8,9.421733798436895
4,3,5,8,9.425425565722016
4,3,6,8,9.472107865916142
4,3,7,8,9.37447187246602
4,3,8,8,9.465920380614877
4,3,9,8,9.44157479512579
4,3,10,8,9.479242180155829
4,3,11,8,9.472997211209831
4,3,12,8,9.550397239517723
4,3,13,8,9.391514861367403
4,3,14,8,9.558741407413683
4,3,0,9,9.36889704138341
4,3,1,9,9.516203840155505
4,3,2,9,9.483913485629541
4,3,3,9,9.335175130646736
4,3,4,9,9.369885129336177
4,3,5,9,9.478355084359837
4,3,6,9,9.447204898779987
4,3,7,9,9.489650185925035
4,3,8,9,9.502004147618143
4,3,9,9,9.442914411070928
4,3,10,9,9.469556971761076
4,3,11,9,9.518678437152248
4,3,12,9,9.520508544233296
4,3,13,9,9.363421666609234
4,3,14,9,9.480545794572956
4,3,0,10,9.425707481504821
4,3,1,10,9.529354283849512
4,3,2,10,9.36443868185895
4,3,3,10,9.418786968576041
4,3,4,10,9.284656685834845
4,3,5,10,9.447979813915062
4,3,6,10,9.501378494981077
4,3,7,10,9.480315154566755
4,3,8,10,9.422551106906043
4,3,9,10,9.418048547904583
4,3,10,10,9.475298345333856
4,3,11,10,9.41919036001135
4,3,12,10,9.500868191771556
4,3,13,10,9.41792785605625
4,3,14,10,9.45849027984832
4,3,0,11,9.505244162842418
4,3,1,11,9.439897798973574
4,3,2,11,9.402034903948037
4,3,3,11,9.423273175541324
4,3,4,11,9.364984371934112
4,3,5,11,9.436721242155022
4,3,6,11,9.508461536523315
4,3,7,11,9.481354133069173
4,3,8,11,9.360602015058166
4,3,9,11,9.406384989479497
4,3,10,11,9.538664782673784
4,3,11,11,9.54851820630368
4,3,12,11,9.374414726556092
4,3,13,11,9.42176311015652
4,3,14,11,9.437901969343448
4,3,0,12,9.465412759128217
4,3,1,12,9.435173546492253
4,3,2,12,9.391945125906794
4,3,3,12,9.514677586691219
4,3,4,12,9.358527625072107
4,3,5,12,9.540427906867125
4,3,6,12,9.513557501310174
4,3,7,12,9.460631953102306
4,3,8,12,9.420288322239365
4,3,9,12,9.356868564329712
4,3,10,12,9.516988817270356
4,3,11,12,9.437635483184527
4,3,12,12,9.37993997404931
4,3,13,12,9.4863369574087
4,3,14,12,9.442479112221394
4,3,0,13,9.478819392260373
4,3,1,13,9.328447627047648
4,3,2,13,9.442180450761802
4,3,3,13,9.545200084355372
4,3,4,13,9.30589589531621
4,3,5,13,9.5079494921046
4,3,6,13,9.507644911224782
4,3,7,13,9.536303982224574
4,3,8,13,9.483542286744035
4,3,9,13,9.442798904685533
4,3,10,13,9.556185598259207
4,3,11,13,9.522457960818453
4,3,12,13,9.37657898148878
4,3,13,13,9.510532655553867
4,3,14,13,9.433473874083845
4,3,0,14,9.500416817878943
4,3,1,14,9.344716704745274
4,3,2,14,9.443524242532902
4,3,3,14,9.459404142299437
4,3,4,14,9.378853696124892
4,3,5,14,9.49871375457482
4,3,6,14,9.521224976513952
4,3,7,14,9.510534585178775
4,3,8,14,9.49230580702933
4,3,9,14,9.339851301022541
4,3,10,14,9.424286102805365
4,3,11,14,9.526796481863139
4,3,12,14,9.446087543970968
4,3,13,14,9.50557710981721
4,3,14,14,9.441614733323513
4,3,0,15,9.4248883156921
4,3,1,15,9.376306832532363
4,3,2,15,9.503308265058601
4,3,3,15,9.553006643499291
4,3,4,15,9.516839586782204
4,3,5,15,9.512982842874294
4,3,6,15,9.54126000270405
4,3,7,15,9.58931017036296
4,3,8,15,9.54796013465147
4,3,9,15,9.395195943119303
4,3,10,15,9.488432230449192
4,3,11,15,9.612502022538468
4,3,12,15,9.417797278756387
4,3,13,15,9.52798722180853
4,3,14,15,9.430803293914499
4,3,0,16,9.442172514912386
4,3,1,16,9.479162128426536
4,3,2,16,9.535015886432173
4,3,3,16,9.428056472277488
4,3,4,16,9.52607970944211
4,3,5,16,9.511634627179381
4,3,6,16,9.520712811628691
4,3,7,16,9.512322824799739
4,3,8,16,9.480055100774052
4,3,9,16,9.404273691966567
4,3,10,16,9.461961368417581
4,3,11,16,9.58385955883229
4,3,12,16,9.479556303938857
4,3,13,16,9.433617388215984
4,3,14,16,9.430257906068087
4,3,0,17,9.412669363126836
4,3,1,17,9.48490912124807
4,3,2,17,9.501501801081947
4,3,3,17,9.45861425094301
4,3,4,17,9.52261134022944
4,3,5,17,9.42051575060576
4,3,6,17,9.528903400889698
4,3,7,17,9.507243821558044
4,3,8,17,9.503972837951467
4,3,9,17,9.468694794428593
4,3,10,17,9.47960283344529
4,3,11,17,9.561212710866418
4,3,12,17,9.411790229755779
4,3,13,17,9.539849555836348
4,3,14,17,9.353969140057654
4,3,0,18,9.42277306442578
4,3,1,18,9.509874715776139
4,3,2,18,9.532170066979903
4,3,3,18,9.42121573025085
4,3,4,18,9.532029551374116
4,3,5,18,9.346920240691963
4,3,6,18,9.524543108504293
4,3,7,18,9.518165585101055
4,3,8,18,9.38139947530586
4,3,9,18,9.452074929093877
4,3,10,18,9.41948693637802
4,3,11,18,9.506467179708782
4,3,12,18,9.454290564721777
4,3,13,18,9.509068495599417
4,3,14,18,9.50067419007959
4,3,0,19,9.367189257166645
4,3,1,19,9.462249265476014
4,3,2,19,9.438336673964338
4,3,3,19,9.340283617889384
4,3,4,19,9.502071949022197
4,3,5,19,9.336750732133163
4,3,6,19,9.516351270359095
4,3,7,19,9.511313860780144
4,3,8,19,9.338869209939212
4,3,9,19,9.446336948732775
4,3,10,19,9.392537535111272
4,3,11,19,9.496315575548362
4,3,12,19,9.523378014889454
4,3,13,19,9.575922424640135
4,3,14,19,9.564968536215934
4,3,0,20,9.524914374225323
4,3,1,20,9.171610568239865
4,3,2,20,9.460693818938713
4,3,3,20,9.305860955781979
4,3,4,20,9.458581195881457
4,3,5,20,9.330272426941159
4,3,6,20,9.46419920699737
4,3,7,20,9.430763596987195
4,3,8,20,9.272201112265881
4,3,9,20,9.333371663473132
4,3,10,20,9.304781768427198
4,3,11,20,9.320202617573432
4,3,12,20,9.502586788792891
4,3,13,20,9.614473967090564
4,3,14,20,9.516786036476114
4,3,0,21,9.433671320289799
4,3,1,21,8.181863522980615
4,3,2,21,9.395909506355022
4,3,3,21,8.982032051924904
4,3,4,21,9.380718048847159
4,3,5,21,9.107193628019765
4,3,6,21,9.199343450763122
4,3,7,21,9.284944764814982
4,3,8,21,9.090562736413519
4,3,9,21,9.324165299396213
4,3,10,21,9.317708553161635
4,3,11,21,8.849427954556914
4,3,12,21,9.502411446203372
4,3,13,21,9.55886085651476
4,3,14,21,9.478863930292656
4,3,0,22,9.210638415318606
4,3,1,22,5.8508179073136874
4,3,2,22,9.194351959108108
4,3,3,22,7.746175575421835
4,3,4,22,9.288869813925226
4,3,5,22,8.465030916251072
4,3,6,22,8.660126401103348
4,3,7,22,8.846038760838312
4,3,8,22,8.316637732808049
4,3,9,22,9.019085004832487
4,3,10,22,9.12368348451051
4,3,11,22,7.7136354341599995
4,3,12,22,9.249154330359419
4,3,13,22,9.379528585739422
4,3,14,22,9.260739195360626
4,4,0,0,9.512530227608272
4,4,1,0,9.55818911011447
4,4,2,0,9.430018340148603
4,4,3,0,9.484654300612723
4,4,4,0,9.415398561826983
4,4,5,0,9.51443916813058
4,4,6,0,9.530137062513008
4,4,7,0,9.369698954894707
4,4,8,0,9.353147709202265
4,4,9,0,9.368775138613676
4,4,10,0,9.342493458181883
4,4,11,0,9.430080893683392
4,4,12,0,9.411210986397881
4,4,13,0,9.544215633365996
4,4,14,0,9.507841041872783
4,4,0,1,9.474694592920892
4,4,1,1,9.5308730518888
4,4,2,1,9.443620822649473
4,4,3,1,9.5346146675966
4,4,4,1,9.440745756619172
4,4,5,1,9.428399163611113
4,4,6,1,9.50661821400374
4,4,7,1,9.441935987502408
4,4,8,1,9.382947069078654
4,4,9,1,9.403186869470003
4,4,10,1,9.419371810374207
4,4,11,1,9.42916436183246
4,4,12,1,9.494829555949172
4,4,13,1,9.526243244412594
4,4,14,1,9.607672486889738
4,4,0,2,9.493999611263092
4,4,1,2,9.472017136211422
4,4,2,2,9.494151476429131
4,4,3,2,9.400267222276458
4,4,4,2,9.44876010593048
4,4,5,2,9.440827954834257
4,4,6,2,9.458452854468815
4,4,7,2,9.486308719909562
4,4,8,2,9.370334241832175
4,4,9,2,9.359329389331347
4,4,10,2,9.43747289621898
4,4,11,2,9.449828555470694
4,4,12,2,9.46170025663492
4,4,13,2,9.477225799807202
4,4,14,2,9.587990703315938
4,4,0,3,9.378568324627478
4,4,1,3,9.413404170827329
4,4,2,3,9.394817616784907
4,4,3,3,9.368519688903687
4,4,4,3,9.515654751518968
4,4,5,3,9.394385215435705
4,4,6,3,9.54627611445737
4,4,7,3,9.56557281406594
4,4,8,3,9.436310841179141
4,4,9,3,9.46472297827905
4,4,10,3,9.381191924163792
4,4,11,3,9.517407729222187
4,4,12,3,9.453448496215167
4,4,13,3,9.548600675860444
4,4,14,3,9.577219386212999
4,4,0,4,9.404267648936468
4,4,1,4,9.397040619257217
4,4,2,4,9.457327048314285
4,4,3,4,9.455985568238985
4,4,4,4,9.436508472847162
4,4,5,4,9.482139055190968
4,4,6,4,9.432622203265128
4,4,7,4,9.560189010422238
4,4,8,4,9.479640721257983
4,4,9,4,9.450969077548192
4,4,10,4,9.46478020879634
4,4,11,4,9.447547904112122
4,4,12,4,9.576287533718268
4,4,13,4,9.586145077125034
4,4,14,4,9.524552219886372
4,4,0,5,9.451073744071628
4,4,1,5,9.409674810023818
4,4,2,5,9.60430654285914
4,4,3,5,9.498766212151667
4,4,4,5,9.444445260152147
4,4,5,5,9.519977470624195
4,4,6,5,9.44406761017823
4,4,7,5,9.554970182776653
4,4,8,5,9.525575769473685
4,4,9,5,9.47187047505919
4,4,10,5,9.427575767470188
4,4,11,5,9.432268924096507
4,4,12,5,9.432421997080706
4,4,13,5,9.512635947788514
4,4,14,5,9.360307508856009
4,4,0,6,9.46967726770223
4,4,1,6,9.420627171658628
4,4,2,6,9.576728085308426
4,4,3,6,9.454918026604172
4,4,4,6,9.390649428102483
4,4,5,6,9.509509076976881
4,4,6,6,9.372981699540352
4,4,7,6,9.439952159773448
4,4,8,6,9.518495209609416
4,4,9,6,9.475573078016714
4,4,10,6,9.471546265026879
4,4,11,6,9.50149700592747
4,4,12,6,9.425157337530615
4,4,13,6,9.415276861383528
4,4,14,6,9.392601877716908
4,4,0,7,9.563308799292034
4,4,1,7,9.430461213720307
4,4,2,7,9.457537848817283
4,4,3,7,9.50527657430035
4,4,4,7,9.410630414038616
4,4,5,7,9.549039654890601
4,4,6,7,9.47822162539364
4,4,7,7,9.456654177492966
4,4,8,7,9.434478143335589
4,4,9,7,9.454493463356805
4,4,10,7,9.471793871229263
4,4,11,7,9.41159194961252
4,4,12,7,9.45088222232206
4,4,13,7,9.351362494019938
4,4,14,7,9.440568337943626
4,4,0,8,9.50962714437939
4,4,1,8,9.382898645916688
4,4,2,8,9.403073386463488
4,4,3,8,9.45992017168855
4,4,4,8,9.409454451706221
4,4,5,8,9.5048181821351
4,4,6,8,9.507886965765247
4,4,7,8,9.42620767117686
4,4,8,8,9.444100379131536
4,4,9,8,9.352519928507489
4,4,10,8,9.456152908069575
4,4,11,8,9.50564429356354
4,4,12,8,9.49894798517566
4,4,13,8,9.413233960842081
4,4,14,8,9.478754387948978
4,4,0,9,9.454512395848136
4,4,1,9,9.41967042488631
4,4,2,9,9.49803670279418
4,4,3,9,9.523181922759857
4,4,4,9,9.468757213592841
4,4,5,9,9.480284313265466
4,4,6,9,9.417114484745868
4,4,7,9,9.498871257436154
4,4,8,9,9.478066139986135
4,4,9,9,9.416950262462976
4,4,10,9,9.44234120651154
4,4,11,9,9.465692771166086
4,4,12,9,9.434824343962028
4,4,13,9,9.456922884212505
4,4,14,9,9.536444443586129
4,4,0,10,9.437399082252893
4,4,1,10,9.396364825300813
4,4,2,10,9.432134010274577
4,4,3,10,9.516124689873438
4,4,4,10,9.444235736320767
4,4,5,10,9.465000172263125
4,4,6,10,9.366262415485528
4,4,7,10,9.525002645817752
4,4,8,10,9.363191053829816
4,4,9,10,9.35937718573971
4,4,10,10,9.44601753405238
4,4,11,10,9.254186640890822
4,4,12,10,9.438948358920001
4,4,13,10,9.376743474672372
4,4,14,10,9.437322167855537
4,4,0,11,9.38390352318883
4,4,1,11,9.498153274578614
4,4,2,11,9.499342661385365
4,4,3,11,9.440548068466816
4,4,4,11,9.359946887829357
4,4,5,11,9.358927448654494
4,4,6,11,9.345973003254647
4,4,7,11,9.442037230246171
4,4,8,11,9.408296776478675
4,4,9,11,9.315800680888277
4,4,10,11,9.47304243234291
4,4,11,11,9.380962952385692
4,4,12,11,9.544787347735074
4,4,13,11,9.482207294223967
4,4,14,11,9.4541122387752
4,4,0,12,9.373060241355713
4,4,1,12,9.513304184069419
4,4,2,12,9.484064688205894
4,4,3,12,9.462250771383092
4,4,4,12,9.355109133200465
4,4,5,12,9.40662097346987
4,4,6,12,9.372741318298857
4,4,7,12,9.461290499675014
4,4,8,12,9.349344984638726
4,4,9,12,9.476856031980148
4,4,10,12,9.465502480608823
4,4,11,12,9.404182550062082
4,4,12,12,9.433853306148011
4,4,13,12,9.490949372934187
4,4,14,12,9.390492770209628
4,4,0,13,9.533483825886105
4,4,1,13,9.612782471025593
4,4,2,13,9.481018508749566
4,4,3,13,9.499054544903329
4,4,4,13,9.358161638500215
4,4,5,13,9.346652590239676
4,4,6,13,9.356734040165437
4,4,7,13,9.531122999799951
4,4,8,13,9.386352806998662
4,4,9,13,9.559464307700326
4,4,10,13,9.438757206101263
4,4,11,13,9.416659991563536
4,4,12,13,9.487413667029752
4,4,13,13,9.414535004737965
4,4,14,13,9.43877786712057
4,4,0,14,9.444071645082339
4,4,1,14,9.607009518800329
4,4,2,14,9.306205695778562
4,4,3,14,9.47307786623774
4,4,4,14,9.382358828123323
4,4,5,14,9.437672658645477
4,4,6,14,9.473015329623044
4,4,7,14,9.501424787637351
4,4,8,14,9.37756826919436
4,4,9,14,9.566690944649222
4,4,10,14,9.593174661887245
4,4,11,14,9.399285679272685
4,4,12,14,9.508673662078753
4,4,13,14,9.421755518570313
4,4,14,14,9.524128308566954
4,4,0,15,9.555483576159503
4,4,1,15,9.53262480787027
4,4,2,15,9.300796139723394
4,4,3,15,9.520795949748429
4,4,4,15,9.348949155947736
4,4,5,15,9.355239149427158
4,4,6,15,9.557883322824535
4,4,7,15,9.57263166244657
4,4,8,15,9.436876319398213
4,4,9,15,9.484472072148318
4,4,10,15,9.428545362288565
4,4,11,15,9.399752543669045
4,4,12,15,9.483268805429518
4,4,13,15,9.235457977935985
4,4,14,15,9.457832225592087
4,4,0,16,9.509578586990367
4,4,1,16,9.475731976886635
4,4,2,16,9.387792273360205
4,4,3,16,9.375754366152227
4,4,4,16,9.382973736729795
4,4,5,16,9.438862996351245
4,4,6,16,9.496232791130364
4,4,7,16,9.538065628346633
4,4,8,16,9.432651613481665
4,4,9,16,9.494763364688772
4,4,10,16,9.487065652248916
4,4,11,16,9.45122910640233
4,4,12,16,9.523288011537229
4,4,13,16,9.474244432294459
4,4,14,16,9.555875612602417
4,4,0,17,9.499154178631146
4,4,1,17,9.455144527077652
4,4,2,17,9.332943362705976
4,4,3,17,9.503794747952496
4,4,4,17,9.426522810520476
4,4,5,17,9.428788092874104
4,4,6,17,9.447011793628825
4,4,7,17,9.578112378786278
4,4,8,17,9.391452112056474
4,4,9,17,9.43570822263415
4,4,10,17,9.435676003706
4,4,11,17,9.468578356810422
4,4,12,17,9.52897289667934
4,4,13,17,9.40284431335975
4,4,14,17,9.469960496709128
4,4,0,18,9.533813301139405
4,4,1,18,9.388184965234894
4,4,2,18,9.383074800013045
4,4,3,18,9.451271480256
4,4,4,18,9.520920950566909
4,4,5,18,9.48594827974106
4,4,6,18,9.426530137034769
4,4,7,18,9.524033214209767
4,4,8,18,9.491310018157582
4,4,9,18,9.408648936515522
4,4,10,18,9.567587522734366
4,4,11,18,9.37947239507055
4,4,12,18,9.477460817543047
4,4,13,18,9.346008232103577
4,4,14,18,9.389264233087228
4,4,0,19,9.480241483579267
4,4,1,19,9.363863069345513
4,4,2,19,9.357679494884644
4,4,3,19,9.426258211143159
4,4,4,19,9.498397098779053
4,4,5,19,9.517083132454575
4,4,6,19,9.45341411056653
4,4,7,19,9.439717020584865
4,4,8,19,9.408446509113153
4,4,9,19,9.45956885418922
4,4,10,19,9.494667249982456
4,4,11,19,9.505415495364222
4,4,12,19,9.458092154826643
4,4,13,19,9.28875250380517
4,4,14,19,9.382800315888824
4,4,0,20,9.414683730382304
4,4,1,20,9.363938883477386
4,4,2,20,9.258825916606266
4,4,3,20,9.31277140852564
4,4,4,20,9.471284299372407
4,4,5,20,9.50320252839975
4,4,6,20,9.408200726029559
4,4,7,20,9.282657250162455
4,4,8,20,9.245414138004778
4,4,9,20,9.412430780485797
4,4,10,20,9.477505576439997
4,4,11,20,9.4027685784022
4,4,12,20,9.40503371906649
4,4,13,20,9.216327597043875
4,4,14,20,9.300457019733814
4,4,0,21,9.428546144486457
4,4,1,21,9.260643718279463
4,4,2,21,9.034419061583808
4,4,3,21,9.312923847311371
4,4,4,21,9.16222297457149
4,4,5,21,9.408872860262367
4,4,6,21,9.32435315624481
4,4,7,21,8.710618736152373
4,4,8,21,9.40429057674267
4,4,9,21,9.265461433061144
4,4,10,21,9.41641689049776
4,4,11,21,9.482039197232885
4,4,12,21,9.358343625040705
4,4,13,21,8.570782610602274
4,4,14,21,9.222913210964828
4,4,0,22,9.255306438449685
4,4,1,22,8.603246000615654
4,4,2,22,8.427216729043128
4,4,3,22,9.081858336142863
4,4,4,22,8.338584545086215
4,4,5,22,8.729333963561416
4,4,6,22,8.853147997811604
4,4,7,22,6.755360891086638
4,4,8,22,9.016112988710747
4,4,9,22,8.885177902465303
4,4,10,22,9.298575171182234
4,4,11,22,9.27510809245817
4,4,12,22,9.031995549463225
4,4,13,22,6.9593298401008665
4,4,14,22,8.65919712560437
4,5,0,0,9.486931908018166
4,5,1,0,9.498290692196386
4,5,2,0,9.494435470564728
4,5,3,0,9.296113978043062
4,5,4,0,9.571632889181142
4,5,5,0,9.542270083630003
4,5,6,0,9.583584922243991
4,5,7,0,9.460104715415158
4,5,8,0,9.43788412467793
4,5,9,0,9.553132711858131
4,5,10,0,9.522521653459115
4,5,11,0,9.568166993408298
4,5,12,0,9.405509322920663
4,5,13,0,9.427585688487794
4,5,14,0,9.451668725199347
4,5,0,1,9.48214199779071
4,5,1,1,9.421331913177593
4,5,2,1,9.443330135257368
4,5,3,1,9.336938168299179
4,5,4,1,9.559855906070236
4,5,5,1,9.598761792744083
4,5,6,1,9.541541823489307
4,5,7,1,9.412591756071844
4,5,8,1,9.443408001731841
4,5,9,1,9.53924421194489
4,5,10,1,9.38245454842329
4,5,11,1,9.447927516871184
4,5,12,1,9.430278202289916
4,5,13,1,9.45686187532409
4,5,14,1,9.400141207898779
4,5,0,2,9.53752330503133
4,5,1,2,9.448572283151053
4,5,2,2,9.424644314540048
4,5,3,2,9.339079111316655
4,5,4,2,9.57549193345209
4,5,5,2,9.685177772278715
4,5,6,2,9.52727608120061
4,5,7,2,9.515558358945391
4,5,8,2,9.496582105150628
4,5,9,2,9.522685372863272
4,5,10,2,9.370682546036125
4,5,11,2,9.551018021896233
4,5,12,2,9.477208149125575
4,5,13,2,9.350401414977902
4,5,14,2,9.467501803704689
4,5,0,3,9.422165700919015
4,5,1,3,9.54851699275612
4,5,2,3,9.443238529541096
4,5,3,3,9.364513152840779
4,5,4,3,9.45556233475602
4,5,5,3,9.665958162055588
4,5,6,3,9.399099244721059
4,5,7,3,9.486204414365524
4,5,8,3,9.403726601906547
4,5,9,3,9.4369781577198
4,5,10,3,9.449203826375104
4,5,11,3,9.44015537713782
4,5,12,3,9.483274936885893
4,5,13,3,9.378953529287559
4,5,14,3,9.51084767767919
4,5,0,4,9.461845472191246
4,5,1,4,9.492669114434397
4,5,2,4,9.438782034407676
4,5,3,4,9.456325510003639
4,5,4,4,9.37651536782377
4,5,5,4,9.655428841342214
4,5,6,4,9.541015601594031
4,5,7,4,9.4579121800961
4,5,8,4,9.390934031967445
4,5,9,4,9.444374657857574
4,5,10,4,9.551658692655497
4,5,11,4,9.45751206133744
4,5,12,4,9.409896946388978
4,5,13,4,9.438115511848212
4,5,14,4,9.549286290817308
4,5,0,5,9.49103925630369
4,5,1,5,9.4255819284833
4,5,2,5,9.55917011035836
4,5,3,5,9.431565583696592
4,5,4,5,9.499546412849437
4,5,5,5,9.554276775239313
4,5,6,5,9.626904837121282
4,5,7,5,9.565219642663644
4,5,8,5,9.589296891690662
4,5,9,5,9.453415046300059
4,5,10,5,9.64691651732251
4,5,11,5,9.413567622208499
4,5,12,5,9.3558723741965
4,5,13,5,9.57739488676142
4,5,14,5,9.499677336071887
4,5,0,6,9.344402488239702
4,5,1,6,9.464465763857726
4,5,2,6,9.597270546201797
4,5,3,6,9.472315783806502
4,5,4,6,9.41429783082778
4,5,5,6,9.50299881596547
4,5,6,6,9.529317584093134
4,5,7,6,9.455876661716474
4,5,8,6,9.502422099432547
4,5,9,6,9.435550612366216
4,5,10,6,9.512363966115503
4,5,11,6,9.455178809700989
4,5,12,6,9.429512418632843
4,5,13,6,9.531746006738262
4,5,14,6,9.44812900063574
4,5,0,7,9.45936571244084
4,5,1,7,9.529469884445792
4,5,2,7,9.62500371022147
4,5,3,7,9.439530495608489
4,5,4,7,9.412217234486626
4,5,5,7,9.496072582108592
4,5,6,7,9.512453154744808
4,5,7,7,9.448152315754587
4,5,8,7,9.528459395435046
4,5,9,7,9.44771780059668
4,5,10,7,9.502150773912572
4,5,11,7,9.446148987255222
4,5,12,7,9.398796344840726
4,5,13,7,9.378653978594508
4,5,14,7,9.428737162940893
4,5,0,8,9.415057911964674
4,5,1,8,9.51381687511048
4,5,2,8,9.569668697903909
4,5,3,8,9.496003148990935
4,5,4,8,9.298587376833504
4,5,5,8,9.363619142065549
4,5,6,8,9.53853713358632
4,5,7,8,9.49187752736734
4,5,8,8,9.47513485091763
4,5,9,8,9.380190718563973
4,5,10,8,9.463104018452036
4,5,11,8,9.340723390096416
4,5,12,8,9.411479931459592
4,5,13,8,9.431803015297984
4,5,14,8,9.520136504790498
4,5,0,9,9.385774665439342
4,5,1,9,9.408738713688965
4,5,2,9,9.439418326515744
4,5,3,9,9.456358929669262
4,5,4,9,9.36060871959087
4,5,5,9,9.376263302748972
4,5,6,9,9.509205465665373
4,5,7,9,9.39988257500026
4,5,8,9,9.519697028458737
4,5,9,9,9.449178796697955
4,5,10,9,9.498156837670813
4,5,11,9,9.368508611100872
4,5,12,9,9.539382415669834
4,5,13,9,9.311904012559191
4,5,14,9,9.411070395570176
4,5,0,10,9.373004276061087
4,5,1,10,9.459099441049254
4,5,2,10,9.495312601535465
4,5,3,10,9.540456096734536
4,5,4,10,9.42953951627073
4,5,5,10,9.487473423136413
4,5,6,10,9.461994414343033
4,5,7,10,9.428281453901446
4,5,8,10,9.52252542212052
4,5,9,10,9.474311799568982
4,5,10,10,9.562670137718618
4,5,11,10,9.505947574684438
4,5,12,10,9.487653470801177
4,5,13,10,9.47737686629628
4,5,14,10,9.392276977356238
4,5,0,11,9.415059368518893
4,5,1,11,9.481477807991459
4,5,2,11,9.523981261376697
4,5,3,11,9.476457321770557
4,5,4,11,9.460570104133154
4,5,5,11,9.429035885733573
4,5,6,11,9.437246059116188
4,5,7,11,9.396977630114407
4,5,8,11,9.492993847434436
4,5,9,11,9.444835045820492
4,5,10,11,9.598804178154314
4,5,11,11,9.695835265809587
4,5,12,11,9.414625806852401
4,5,13,11,9.538861926744774
4,5,14,11,9.424774429090764
4,5,0,12,9.419296563174615
4,5,1,12,9.392371053534157
4,5,2,12,9.447903874954346
4,5,3,12,9.537812602587866
4,5,4,12,9.368536620870076
4,5,5,12,9.446621461212024
4,5,6,12,9.39483965664237
4,5,7,12,9.451473799245864
4,5,8,12,9.567178198235439
4,5,9,12,9.484628643549105
4,5,10,12,9.531966176065792
4,5,11,12,9.546625529315302
4,5,12,12,9.378485266752028
4,5,13,12,9.445983132292673
4,5,14,12,9.457487113833837
4,5,0,13,9.402967364315359
4,5,1,13,9.47278783115705
4,5,2,13,9.40736373762831
4,5,3,13,9.484099910111345
4,5,4,13,9.482781404204086
4,5,5,13,9.461082293592252
4,5,6,13,9.480069172324765
4,5,7,13,9.338560542943402
4,5,8,13,9.479739589049384
4,5,9,13,9.44320013422429
4,5,10,13,9.45563268160112
4,5,11,13,9.562541135352111
4,5,12,13,9.349914645190905
4,5,13,13,9.417130416284028
4,5,14,13,9.469870287733132
4,5,0,14,9.481048298652668
4,5,1,14,9.45311799816771
4,5,2,14,9.395815426480945
4,5,3,14,9.349420683434442
4,5,4,14,9.457512633159379
4,5,5,14,9.471249825406117
4,5,6,14,9.467568405233463
4,5,7,14,9.326464342489286
4,5,8,14,9.481257390016825
4,5,9,14,9.471751968903341
4,5,10,14,9.438395959490704
4,5,11,14,9.475353849376438
4,5,12,14,9.483157658509741
4,5,13,14,9.400869626182217
4,5,14,14,9.526379392204282
4,5,0,15,9.470884022883387
4,5,1,15,9.533282891965598
4,5,2,15,9.432108312681104
4,5,3,15,9.468493201386211
4,5,4,15,9.523865533899006
4,5,5,15,9.466349772511741
4,5,6,15,9.470546303664435
4,5,7,15,9.374096055589082
4,5,8,15,9.57794431780797
4,5,9,15,9.442657257089419
4,5,10,15,9.331542024310329
4,5,11,15,9.54998213062653
4,5,12,15,9.480252665122213
4,5,13,15,9.302294658978356
4,5,14,15,9.48207577646496
4,5,0,16,9.511577905598745
4,5,1,16,9.45772493464871
4,5,2,16,9.42095529854079
4,5,3,16,9.428049555731107
4,5,4,16,9.47514602663864
4,5,5,16,9.511485443510468
4,5,6,16,9.424119070967965
4,5,7,16,9.30155213424302
4,5,8,16,9.58621343458807
4,5,9,16,9.474286080419105
4,5,10,16,9.545114962002001
4,5,11,16,9.465194456826499
4,5,12,16,9.494772675884521
4,5,13,16,9.418177391933824
4,5,14,16,9.270946226514909
4,5,0,17,9.417283989357218
4,5,1,17,9.48553029303571
4,5,2,17,9.587918677015463
4,5,3,17,9.410133140663447
4,5,4,17,9.488428978147395
4,5,5,17,9.364168929280632
4,5,6,17,9.428084603890746
4,5,7,17,9.323705291465563
4,5,8,17,9.437782212989502
4,5,9,17,9.487192408937096
4,5,10,17,9.418196488462716
4,5,11,17,9.503897887893173
4,5,12,17,9.417276885400582
4,5,13,17,9.400339267871459
4,5,14,17,9.372064270777843
4,5,0,18,9.4936006957508
4,5,1,18,9.430241282207733
4,5,2,18,9.49139905740779
4,5,3,18,9.43146656351719
4,5,4,18,9.471720618639116
4,5,5,18,9.390998514072479
4,5,6,18,9.404283444971615
4,5,7,18,9.476032341483325
4,5,8,18,9.478163379235664
4,5,9,18,9.492462383557443
4,5,10,18,9.472868419155875
4,5,11,18,9.389457638538078
4,5,12,18,9.453204406059761
4,5,13,18,9.445448937499906
4,5,14,18,9.398800503928143
4,5,0,19,9.53399238950159
4,5,1,19,9.470453886270127
4,5,2,19,9.406917146460586
4,5,3,19,9.476207918889154
4,5,4,19,9.35138991504204
4,5,5,19,9.49469491725638
4,5,6,19,9.35247832064774
4,5,7,19,9.37339809300567
4,5,8,19,9.401888804883939
4,5,9,19,9.47352970293545
4,5,10,19,9.493403145632675
4,5,11,19,9.418357814345589
4,5,12,19,9.486952019880096
4,5,13,19,9.310480073410478
4,5,14,19,9.299132126090106
4,5,0,20,9.35840037322636
4,5,1,20,9.308579503284303
4,5,2,20,9.388131642717266
4,5,3,20,9.447118270065593
4,5,4,20,9.293831790875585
4,5,5,20,9.46007891469956
4,5,6,20,9.237713216700463
4,5,7,20,9.248107995200884
4,5,8,20,9.532865753470707
4,5,9,20,9.534717693601225
4,5,10,20,9.51054553465726
4,5,11,20,9.35609861711775
4,5,12,20,9.315185911444459
4,5,13,20,9.278505636385848
4,5,14,20,9.366247099850119
4,5,0,21,9.455859218839581
4,5,1,21,8.475949031072266
4,5,2,21,9.295369273654858
4,5,3,21,9.333668590731724
4,5,4,21,9.244888962466005
4,5,5,21,9.360038967409485
4,5,6,21,8.912571622650102
4,5,7,21,8.590580455195319
4,5,8,21,9.445354405952667
4,5,9,21,9.488477588987418
4,5,10,21,9.443243841779957
4,5,11,21,9.494640319337819
4,5,12,21,8.804322984252822
4,5,13,21,9.008419628455945
4,5,14,21,9.266569680156985
4,5,0,22,9.279673806185441
4,5,1,22,6.445113607411098
4,5,2,22,9.27256810371103
4,5,3,22,9.026538403133303
4,5,4,22,8.889375410236708
4,5,5,22,9.081818299922524
4,5,6,22,7.702634311867204
4,5,7,22,6.669710702203467
4,5,8,22,9.337863719545036
4,5,9,22,9.259352305938314
4,5,10,22,9.087199833293178
4,5,11,22,9.35775096314432
4,5,12,22,7.568300004218905
4,5,13,22,7.957465498193966
4,5,14,22,8.677831600549402
4,6,0,0,9.44162191718185
4,6,1,0,9.489767702428837
4,6,2,0,9.393212526182237
4,6,3,0,9.459824864069097
4,6,4,0,9.569548741508164
4,6,5,0,9.470204027957358
4,6,6,0,9.368822903522071
4,6,7,0,9.454659691826334
4,6,8,0,9.575607810081658
4,6,9,0,9.367974492903265
4,6,10,0,9.490118725425079
4,6,11,0,9.530111996733936
4,6,12,0,9.321785843595087
4,6,13,0,9.479089946929406
4,6,14,0,9.288266354542477
4,6,0,1,9.368151771322188
4,6,1,1,9.54880563374681
4,6,2,1,9.589155470706844
4,6,3,1,9.475708773984712
4,6,4,1,9.499688548592921
4,6,5,1,9.43627665067865
4,6,6,1,9.376240019216725
4,6,7,1,9.397701360489064
4,6,8,1,9.525639916133311
4,6,9,1,9.394187569984437
4,6,10,1,9.372837540749847
4,6,11,1,9.504921678086438
4,6,12,1,9.35848257232712
4,6,13,1,9.492869663015526
4,6,14,1,9.329785473493512
4,6,0,2,9.474340301314983
4,6,1,2,9.528281889442804
4,6,2,2,9.424436008587609
4,6,3,2,9.50339964480338
4,6,4,2,9.498291968661468
4,6,5,2,9.461443368955656
4,6,6,2,9.386284914428705
4,6,7,2,9.437460605126624
4,6,8,2,9.535461501097894
4,6,9,2,9.382865151788627
4,6,10,2,9.478598959790547
4,6,11,2,9.484077017517695
4,6,12,2,9.48439654325047
4,6,13,2,9.529778074971455
4,6,14,2,9.458064264215041
4,6,0,3,9.608283179974672
4,6,1,3,9.460323763479382
4,6,2,3,9.525535893239029
4,6,3,3,9.366563694055968
4,6,4,3,9.399545135546127
4,6,5,3,9.497676629161784
4,6,6,3,9.471743120518726
4,6,7,3,9.41840522386343
4,6,8,3,9.510707928037034
4,6,9,3,9.4672273387873
4,6,10,3,9.464101803128441
4,6,11,3,9.355464131265101
4,6,12,3,9.576466477749126
4,6,13,3,9.547063758961121
4,6,14,3,9.33339261663728
4,6,0,4,9.556737091126097
4,6,1,4,9.488865683368296
4,6,2,4,9.471387398251268
4,6,3,4,9.486433162239907
4,6,4,4,9.490277201035425
4,6,5,4,9.546249659731911
4,6,6,4,9.501041553935247
4,6,7,4,9.482227602842096
4,6,8,4,9.487569464698625
4,6,9,4,9.395500681003954
4,6,10,4,9.468095986175154
4,6,11,4,9.478434357740639
4,6,12,4,9.565498443655127
4,6,13,4,9.509379255933867
4,6,14,4,9.370081204513006
4,6,0,5,9.545356886590803
4,6,1,5,9.47539476217942
4,6,2,5,9.464574305364673
4,6,3,5,9.4951066998347
4,6,4,5,9.398986345418432
4,6,5,5,9.542737237952037
4,6,6,5,9.460620248482392
4,6,7,5,9.47841030828462
4,6,8,5,9.403762049207534
4,6,9,5,9.432049226496826
4,6,10,5,9.560370720460002
4,6,11,5,9.379741032652284
4,6,12,5,9.613077576353056
4,6,13,5,9.54037893741539
4,6,14,5,9.50173909557
4,6,0,6,9.491933599371638
4,6,1,6,9.3781777851715
4,6,2,6,9.450486328752454
4,6,3,6,9.461136158709603
4,6,4,6,9.400609362804342
4,6,5,6,9.514498321398717
4,6,6,6,9.543750542614008
4,6,7,6,9.415625248267592
4,6,8,6,9.454975110966947
4,6,9,6,9.541742285446198
4,6,10,6,9.475518143108557
4,6,11,6,9.408137403435287
4,6,12,6,9.459855195285293
4,6,13,6,9.497008400912971
4,6,14,6,9.526732716033068
4,6,0,7,9.381058135877993
4,6,1,7,9.439397135056264
4,6,2,7,9.384829346037497
4,6,3,7,9.418703191070227
4,6,4,7,9.414264676300533
4,6,5,7,9.432152116338605
4,6,6,7,9.469512723779145
4,6,7,7,9.477561527097356
4,6,8,7,9.389444598431336
4,6,9,7,9.470641988679636
4,6,10,7,9.516308261654025
4,6,11,7,9.43848077525072
4,6,12,7,9.447169779522518
4,6,13,7,9.484864841572167
4,6,14,7,9.408113370132899
4,6,0,8,9.479906032107072
4,6,1,8,9.40731901166015
4,6,2,8,9.439268769725668
4,6,3,8,9.323525900419797
4,6,4,8,9.568961303159751
4,6,5,8,9.26371006139451
4,6,6,8,9.507869151187947
4,6,7,8,9.442610664056945
4,6,8,8,9.488187658089615
4,6,9,8,9.465534254953187
4,6,10,8,9.443574749896863
4,6,11,8,9.441036544795246
4,6,12,8,9.316983859298096
4,6,13,8,9.435480736363084
4,6,14,8,9.448455362694615
4,6,0,9,9.42711740689492
4,6,1,9,9.477579765099415
4,6,2,9,9.450259325807554
4,6,3,9,9.310745122044972
4,6,4,9,9.53051525614534
4,6,5,9,9.31827113754684
4,6,6,9,9.588654058256145
4,6,7,9,9.52716547069292
4,6,8,9,9.419655509012337
4,6,9,9,9.476904131497433
4,6,10,9,9.40078697368918
4,6,11,9,9.448711934532458
4,6,12,9,9.372397770750238
4,6,13,9,9.604672107310218
4,6,14,9,9.32475292444534
4,6,0,10,9.49267590216921
4,6,1,10,9.444092509370144
4,6,2,10,9.429497691945437
4,6,3,10,9.422372868775254
4,6,4,10,9.623028873742754
4,6,5,10,9.44218744557856
4,6,6,10,9.566978013633046
4,6,7,10,9.580374348967858
4,6,8,10,9.382157784644248
4,6,9,10,9.430993973262732
4,6,10,10,9.422975640424498
4,6,11,10,9.392832362277733
4,6,12,10,9.411408110215122
4,6,13,10,9.417099203367387
4,6,14,10,9.322495841015076
4,6,0,11,9.410875245024219
4,6,1,11,9.360587642786346
4,6,2,11,9.490966045764695
4,6,3,11,9.400161517564712
4,6,4,11,9.584033511648405
4,6,5,11,9.4720674034619
4,6,6,11,9.505802227052204
4,6,7,11,9.513929515898067
4,6,8,11,9.339401025375096
4,6,9,11,9.481627265120173
4,6,10,11,9.42735406609224
4,6,11,11,9.520780098578411
4,6,12,11,9.446714711043974
4,6,13,11,9.472042571195452
4,6,14,11,9.35754538330901
4,6,0,12,9.465265469021581
4,6,1,12,9.381638001750426
4,6,2,12,9.410852957809356
4,6,3,12,9.407765751128112
4,6,4,12,9.589673196461497
4,6,5,12,9.378450970833285
4,6,6,12,9.367477885387018
4,6,7,12,9.534964414041328
4,6,8,12,9.44247583803745
4,6,9,12,9.596194827909686
4,6,10,12,9.404980511544686
4,6,11,12,9.624925206790799
4,6,12,12,9.433504639218985
4,6,13,12,9.407412075207136
4,6,14,12,9.423203744488346
4,6,0,13,9.475650976318416
4,6,1,13,9.462332568458566
4,6,2,13,9.388599423911677
4,6,3,13,9.43845650537225
4,6,4,13,9.547346580018713
4,6,5,13,9.407328505577507
4,6,6,13,9.291338665524243
4,6,7,13,9.611882123463337
4,6,8,13,9.47072998974124
4,6,9,13,9.55128126746394
4,6,10,13,9.59569437689777
4,6,11,13,9.458689416935881
4,6,12,13,9.42815014754154
4,6,13,13,9.499387216069962
4,6,14,13,9.471524731293673
4,6,0,14,9.442044047865675
4,6,1,14,9.594522673879258
4,6,2,14,9.4806081590797
4,6,3,14,9.367167693340637
4,6,4,14,9.482448630156906
4,6,5,14,9.429995682952622
4,6,6,14,9.410332787304258
4,6,7,14,9.51798234910996
4,6,8,14,9.404226338524358
4,6,9,14,9.431752778513573
4,6,10,14,9.453609607880175
4,6,11,14,9.4694343873584
4,6,12,14,9.517596811198093
4,6,13,14,9.485123870913565
4,6,14,14,9.426412551063995
4,6,0,15,9.469212998707057
4,6,1,15,9.481913284007122
4,6,2,15,9.470791747176712
4,6,3,15,9.454469165167618
4,6,4,15,9.421519246806588
4,6,5,15,9.459258581427001
4,6,6,15,9.419966733202767
4,6,7,15,9.543581382670373
4,6,8,15,9.553074371644241
4,6,9,15,9.418160331373572
4,6,10,15,9.4927375423779
4,6,11,15,9.435658583548324
4,6,12,15,9.519115697944915
4,6,13,15,9.44645619135208
4,6,14,15,9.400230141206672
4,6,0,16,9.567290364693317
4,6,1,16,9.48826493099763
4,6,2,16,9.516471231108325
4,6,3,16,9.39636370508076
4,6,4,16,9.348159614585782
4,6,5,16,9.410765948114967
4,6,6,16,9.503572974650272
4,6,7,16,9.50794221288657
4,6,8,16,9.496275167456723
4,6,9,16,9.36741965227938
4,6,10,16,9.555780909998346
4,6,11,16,9.44997187381098
4,6,12,16,9.489822857556328
4,6,13,16,9.426680817299772
4,6,14,16,9.543083653018398
4,6,0,17,9.541530538092488
4,6,1,17,9.535560832642327
4,6,2,17,9.525046399425179
4,6,3,17,9.539597964544432
4,6,4,17,9.414464366339105
4,6,5,17,9.524969570216603
4,6,6,17,9.374027046954417
4,6,7,17,9.60421629768351
4,6,8,17,9.499371109852433
4,6,9,17,9.609890115777855
4,6,10,17,9.507546026130402
4,6,11,17,9.4743872757487
4,6,12,17,9.481374975108597
4,6,13,17,9.490204037968466
4,6,14,17,9.545534380844325
4,6,0,18,9.3913778820735
4,6,1,18,9.489778663631347
4,6,2,18,9.483130858247195
4,6,3,18,9.461125151602717
4,6,4,18,9.376046863860529
4,6,5,18,9.48244675595931
4,6,6,18,9.561296001178029
4,6,7,18,9.373617449996594
4,6,8,18,9.540003873343723
4,6,9,18,9.561940553786211
4,6,10,18,9.463242409216564
4,6,11,18,9.51689328152682
4,6,12,18,9.412216643353906
4,6,13,18,9.52655409021287
4,6,14,18,9.45482414625211
4,6,0,19,9.39845125833169
4,6,1,19,9.451124016062025
4,6,2,19,9.403936030615334
4,6,3,19,9.458627894496317
4,6,4,19,9.388082921055505
4,6,5,19,9.543087380458246
4,6,6,19,9.541769925037688
4,6,7,19,9.385557150483034
4,6,8,19,9.508752640026353
4,6,9,19,9.491991872363808
4,6,10,19,9.480941582579078
4,6,11,19,9.584798753240005
4,6,12,19,9.45004308091037
4,6,13,19,9.403084093404447
4,6,14,19,9.406320745398554
4,6,0,20,9.436087840091908
4,6,1,20,9.506137429572176
4,6,2,20,9.425768696934615
4,6,3,20,9.356932471586065
4,6,4,20,9.464524926450558
4,6,5,20,9.435210046778996
4,6,6,20,9.514993215969541
4,6,7,20,9.340322567197733
4,6,8,20,9.356443450748428
4,6,9,20,9.452181427067677
4,6,10,20,9.26807097306053
4,6,11,20,9.336797433567313
4,6,12,20,9.38553287635269
4,6,13,20,9.445097237032805
4,6,14,20,9.359577443128172
4,6,0,21,9.260345345385904
4,6,1,21,9.345456115348727
4,6,2,21,9.26365413952785
4,6,3,21,9.131598060966981
4,6,4,21,9.345187473410498
4,6,5,21,9.363748451443822
4,6,6,21,9.403670961410556
4,6,7,21,9.26582029281005
4,6,8,21,9.228846040851991
4,6,9,21,9.296619241591035
4,6,10,21,9.182729943940327
4,6,11,21,9.344530894287276
4,6,12,21,9.243842285802183
4,6,13,21,9.224726569194953
4,6,14,21,9.232027026492977
4,6,0,22,8.944219034425245
4,6,1,22,8.934178779341622
4,6,2,22,9.02046586881658
4,6,3,22,8.344091352087325
4,6,4,22,8.947102542360481
4,6,5,22,8.974389375475697
4,6,6,22,9.27948686697842
4,6,7,22,9.133664610869896
4,6,8,22,8.701826112399806
4,6,9,22,8.950026368656324
4,6,10,22,8.781175133953395
4,6,11,22,9.238046516829382
4,6,12,22,8.626007157421773
4,6,13,22,8.43817355322014
4,6,14,22,8.819916485741356
4,7,0,0,9.573044786385617
4,7,1,0,9.443980636910336
4,7,2,0,9.437804077866396
4,7,3,0,9.468197880313376
4,7,4,0,9.474113582830265
4,7,5,0,9.417557143468954
4,7,6,0,9.477248126070439
4,7,7,0,9.395624288146713
4,7,8,0,9.471520226005902
4,7,9,0,9.384799735028993
4,7,10,0,9.504696663272401
4,7,11,0,9.442555493089788
4,7,12,0,9.455257913206038
4,7,13,0,9.537791550209642
4,7,14,0,9.46361269211044
4,7,0,1,9.606948846775628
4,7,1,1,9.352420257150735
4,7,2,1,9.419421751990688
4,7,3,1,9.472015722117762
4,7,4,1,9.412262991407841
4,7,5,1,9.340703828259256
4,7,6,1,9.409189936672
4,7,7,1,9.349342584060263
4,7,8,1,9.544889800180364
4,7,9,1,9.481463072289559
4,7,10,1,9.489964379077676
4,7,11,1,9.520050540535925
4,7,12,1,9.566707351804144
4,7,13,1,9.456607098516107
4,7,14,1,9.425405871006438
4,7,0,2,9.449573747335304
4,7,1,2,9.431103141800659
4,7,2,2,9.369688928390577
4,7,3,2,9.50486566108573
4,7,4,2,9.34346617131576
4,7,5,2,9.345211183243311
4,7,6,2,9.55848259266023
4,7,7,2,9.388624955133183
4,7,8,2,9.550896193152505
4,7,9,2,9.50293158627431
4,7,10,2,9.502477365436516
4,7,11,2,9.58789472643344
4,7,12,2,9.611685127748151
4,7,13,2,9.462613203005578
4,7,14,2,9.587880194838684
4,7,0,3,9.450596567396799
4,7,1,3,9.382680920942361
4,7,2,3,9.415208428966652
4,7,3,3,9.41685870322561
4,7,4,3,9.240886929730124
4,7,5,3,9.339552566136872
4,7,6,3,9.497929955171355
4,7,7,3,9.384310848740244
4,7,8,3,9.564353988449822
4,7,9,3,9.572049749305265
4,7,10,3,9.486104949265895
4,7,11,3,9.521976647766103
4,7,12,3,9.444642690103121
4,7,13,3,9.477810712943992
4,7,14,3,9.4263453970799
4,7,0,4,9.516739612586912
4,7,1,4,9.234518710770883
4,7,2,4,9.413548030760422
4,7,3,4,9.405809972881574
4,7,4,4,9.381529810646475
4,7,5,4,9.414526975113562
4,7,6,4,9.413541364301445
4,7,7,4,9.378099854828859
4,7,8,4,9.435888277049626
4,7,9,4,9.513958549897689
4,7,10,4,9.533714082264874
4,7,11,4,9.483662370731047
4,7,12,4,9.434194049047926
4,7,13,4,9.537261982905179
4,7,14,4,9.480986706786137
4,7,0,5,9.415015061104759
4,7,1,5,9.344607475698329
4,7,2,5,9.436073473164958
4,7,3,5,9.429523093900345
4,7,4,5,9.552726777638199
4,7,5,5,9.407232052770581
4,7,6,5,9.39049808763665
4,7,7,5,9.43406085845962
4,7,8,5,9.498840152928125
4,7,9,5,9.480018193804122
4,7,10,5,9.411224381802727
4,7,11,5,9.49948435668971
4,7,12,5,9.356119831253801
4,7,13,5,9.429794284236225
4,7,14,5,9.536429106630656
4,7,0,6,9.541700218159283
4,7,1,6,9.330415542361065
4,7,2,6,9.338421036153015
4,7,3,6,9.419143351207868
4,7,4,6,9.510730602161265
4,7,5,6,9.440815522325861
4,7,6,6,9.315659604839503
4,7,7,6,9.442619674553718
4,7,8,6,9.482149548222456
4,7,9,6,9.43140704879371
4,7,10,6,9.373879758166659
4,7,11,6,9.517599359882725
4,7,12,6,9.421575653362147
4,7,13,6,9.349343165807209
4,7,14,6,9.363315281133822
4,7,0,7,9.409777009499665
4,7,1,7,9.435911508575193
4,7,2,7,9.307699449353219
4,7,3,7,9.40092702801788
4,7,4,7,9.530091939627502
4,7,5,7,9.40809008008953
4,7,6,7,9.481445832818917
4,7,7,7,9.501025194257872
4,7,8,7,9.507199926934998
4,7,9,7,9.521856679924793
4,7,10,7,9.449897866203985
4,7,11,7,9.486310609563432
4,7,12,7,9.341644840760006
4,7,13,7,9.361662097112427
4,7,14,7,9.461399270355432
4,7,0,8,9.47917097654413
4,7,1,8,9.449613968231196
4,7,2,8,9.388912841119465
4,7,3,8,9.412443161865898
4,7,4,8,9.498401692782151
4,7,5,8,9.506700087282411
4,7,6,8,9.556500613293617
4,7,7,8,9.494749519696013
4,7,8,8,9.379516299141422
4,7,9,8,9.586971023663102
4,7,10,8,9.475692949261399
4,7,11,8,9.59936266022225
4,7,12,8,9.398702467734546
4,7,13,8,9.348475765809223
4,7,14,8,9.243516837693273
4,7,0,9,9.41011143319377
4,7,1,9,9.489952418358834
4,7,2,9,9.44370300909995
4,7,3,9,9.502999128905907
4,7,4,9,9.489156714403496
4,7,5,9,9.50654666619439
4,7,6,9,9.503495481913713
4,7,7,9,9.422439919921297
4,7,8,9,9.503850498781306
4,7,9,9,9.53421877409404
4,7,10,9,9.399952837619708
4,7,11,9,9.635541365129663
4,7,12,9,9.409866311435097
4,7,13,9,9.468908976920288
4,7,14,9,9.428155137627233
4,7,0,10,9.439125924102575
4,7,1,10,9.429738258584464
4,7,2,10,9.390161109414983
4,7,3,10,9.508294486683592
4,7,4,10,9.391882961478439
4,7,5,10,9.418913138364864
4,7,6,10,9.448620865036004
4,7,7,10,9.527713961924269
4,7,8,10,9.477545592792778
4,7,9,10,9.430420278589123
4,7,10,10,9.281483304984944
4,7,11,10,9.494127971806206
4,7,12,10,9.451465446719165
4,7,13,10,9.361537855171198
4,7,14,10,9.36448807374649
4,7,0,11,9.578760834956071
4,7,1,11,9.30672671212248
4,7,2,11,9.413680186921049
4,7,3,11,9.320467380222544
4,7,4,11,9.372642993868494
4,7,5,11,9.308119940810599
4,7,6,11,9.406803002112603
4,7,7,11,9.46465240530901
4,7,8,11,9.436859912915843
4,7,9,11,9.413805357407652
4,7,10,11,9.30642795415967
4,7,11,11,9.333377820487252
4,7,12,11,9.388544228616375
4,7,13,11,9.345205114268992
4,7,14,11,9.438516013172366
4,7,0,12,9.507702849719706
4,7,1,12,9.454974994339267
4,7,2,12,9.353634762731307
4,7,3,12,9.399854740552236
4,7,4,12,9.239994127800452
4,7,5,12,9.413274391873232
4,7,6,12,9.45335106296068
4,7,7,12,9.429462051067905
4,7,8,12,9.464080526563539
4,7,9,12,9.502961961187369
4,7,10,12,9.507634084568107
4,7,11,12,9.368716165473465
4,7,12,12,9.357141923360109
4,7,13,12,9.384194794307062
4,7,14,12,9.367293120348524
4,7,0,13,9.436243288740272
4,7,1,13,9.46942841376466
4,7,2,13,9.312094189353427
4,7,3,13,9.392019298046021
4,7,4,13,9.296728019006407
4,7,5,13,9.430899287247177
4,7,6,13,9.351956273881218
4,7,7,13,9.469537039190987
4,7,8,13,9.379333288810203
4,7,9,13,9.613022793701575
4,7,10,13,9.45477526194181
4,7,11,13,9.47133354247411
4,7,12,13,9.386371294292278
4,7,13,13,9.519851017486381
4,7,14,13,9.498500107673587
4,7,0,14,9.394890070467103
4,7,1,14,9.441353904184833
4,7,2,14,9.429779346830628
4,7,3,14,9.486956072127922
4,7,4,14,9.435205719220274
4,7,5,14,9.389614655148703
4,7,6,14,9.306585758579006
4,7,7,14,9.443193884204135
4,7,8,14,9.47507295423286
4,7,9,14,9.6377430413981
4,7,10,14,9.467761729947052
4,7,11,14,9.364675661260959
4,7,12,14,9.432874497832206
4,7,13,14,9.347621526002099
4,7,14,14,9.362306918010676
4,7,0,15,9.568727832868394
4,7,1,15,9.36361005709973
4,7,2,15,9.423370728997645
4,7,3,15,9.478759093992792
4,7,4,15,9.569047857646812
4,7,5,15,9.63015001599663
4,7,6,15,9.41559987101283
4,7,7,15,9.407825054436966
4,7,8,15,9.5659885234663
4,7,9,15,9.585123753304662
4,7,10,15,9.487128703222943
4,7,11,15,9.433499153271814
4,7,12,15,9.457478543143807
4,7,13,15,9.398453807753905
4,7,14,15,9.37189693897614
4,7,0,16,9.300366092626346
4,7,1,16,9.324433357733758
4,7,2,16,9.460419103463252
4,7,3,16,9.448276545997677
4,7,4,16,9.495712626234694
4,7,5,16,9.529547877858873
4,7,6,16,9.36883984750538
4,7,7,16,9.430038280300025
4,7,8,16,9.501125626189657
4,7,9,16,9.57141718757657
4,7,10,16,9.511540684178675
4,7,11,16,9.309609229629684
4,7,12,16,9.340660422545067
4,7,13,16,9.445535565137897
4,7,14,16,9.526971701637796
4,7,0,17,9.494698478166205
4,7,1,17,9.45585794142426
4,7,2,17,9.515416436190053
4,7,3,17,9.462783868689966
4,7,4,17,9.444855336607546
4,7,5,17,9.467580884044809
4,7,6,17,9.491785359814504
4,7,7,17,9.402963888376458
4,7,8,17,9.521313495885277
4,7,9,17,9.382365907740102
4,7,10,17,9.460317701107094
4,7,11,17,9.407079119422473
4,7,12,17,9.373620203935497
4,7,13,17,9.467048695721244
4,7,14,17,9.464873684018363
4,7,0,18,9.45203184914411
4,7,1,18,9.394264238792498
4,7,2,18,9.541103338487774
4,7,3,18,9.500037208473307
4,7,4,18,9.425147486849596
4,7,5,18,9.511374316404392
4,7,6,18,9.559981134357406
4,7,7,18,9.465641100336578
4,7,8,18,9.461562431970764
4,7,9,18,9.324610394847097
4,7,10,18,9.497558273642763
4,7,11,18,9.380055582210602
4,7,12,18,9.408349094633333
4,7,13,18,9.538607410868481
4,7,14,18,9.571974571227617
4,7,0,19,9.21812364495814
4,7,1,19,9.316685629657814
4,7,2,19,9.45824787508867
4,7,3,19,9.520539992714033
4,7,4,19,9.342058728245965
4,7,5,19,9.369627263354365
4,7,6,19,9.455408514857842
4,7,7,19,9.424743183321159
4,7,8,19,9.346916619393397
4,7,9,19,9.09291666661111
4,7,10,19,9.502978700277414
4,7,11,19,9.370264023773869
4,7,12,19,9.549376850925299
4,7,13,19,9.45193194646959
4,7,14,19,9.541440136437732
4,7,0,20,8.6786507785843
4,7,1,20,9.292662622241405
4,7,2,20,9.445305664757619
4,7,3,20,9.41371206336642
4,7,4,20,9.397647009613461
4,7,5,20,9.392900703123837
4,7,6,20,9.34316733409769
4,7,7,20,9.439169264632493
4,7,8,20,8.968713957233241
4,7,9,20,8.35926546898032
4,7,10,20,9.50436236416436
4,7,11,20,9.102822434822867
4,7,12,20,9.336747944956567
4,7,13,20,9.463016634998095
4,7,14,20,9.506479251136373
4,7,0,21,7.025401673572066
4,7,1,21,9.216552795807246
4,7,2,21,9.358874518698821
4,7,3,21,9.223625820147106
4,7,4,21,9.232170218535508
4,7,5,21,9.073511721492292
4,7,6,21,9.126776168370368
4,7,7,21,9.342809903359209
4,7,8,21,7.404466630331237
4,7,9,21,5.6897456312241275
4,7,10,21,9.546618256779649
4,7,11,21,7.916246597505389
4,7,12,21,9.011290000626047
4,7,13,21,9.364868770341431
4,7,14,21,9.370840370452363
4,7,0,22,3.4403426909025145
4,7,1,22,8.592501412357965
4,7,2,22,8.932670655039203
4,7,3,22,8.623237195619305
4,7,4,22,8.63065738198546
4,7,5,22,8.098069291541
4,7,6,22,8.38691478780252
4,7,7,22,8.951815357274842
4,7,8,22,4.530451045793256
4,7,9,22,1.9165952552547005
4,7,10,22,9.299554008198589
4,7,11,22,5.739553046699974
4,7,12,22,8.053881539787918
4,7,13,22,8.880495422640312
4,7,14,22,9.18378662297284
4,8,0,0,9.40657535753349
4,8,1,0,9.56797491193484
4,8,2,0,9.2529871505036
4,8,3,0,9.525558465059225
4,8,4,0,9.429725853371053
4,8,5,0,9.465824892685315
4,8,6,0,9.480407938204944
4,8,7,0,9.275650928892311
4,8,8,0,9.541528086760982
4,8,9,0,9.482339247591208
4,8,10,0,9.286267466959263
4,8,11,0,9.51920826119334
4,8,12,0,9.467621374089697
4,8,13,0,9.290989833614153
4,8,14,0,9.474908409582978
4,8,0,1,9.384661064387135
4,8,1,1,9.412696937484275
4,8,2,1,9.32319900842398
4,8,3,1,9.435037717386798
4,8,4,1,9.535701164453075
4,8,5,1,9.447055103061874
4,8,6,1,9.460583256342098
4,8,7,1,9.3073929593589
4,8,8,1,9.45395597519836
4,8,9,1,9.452127961459473
4,8,10,1,9.280402068939193
4,8,11,1,9.472723292892512
4,8,12,1,9.518723096430687
4,8,13,1,9.405889554562005
4,8,14,1,9.542942184285835
4,8,0,2,9.483782392599782
4,8,1,2,9.491816040799884
4,8,2,2,9.402183110855631
4,8,3,2,9.578147398690332
4,8,4,2,9.558847061546878
4,8,5,2,9.47681006021269
4,8,6,2,9.422954620748488
4,8,7,2,9.49497836322359
4,8,8,2,9.389134316833937
4,8,9,2,9.502380079912642
4,8,10,2,9.364402523100116
4,8,11,2,9.419074776077053
4,8,12,2,9.285918432386639
4,8,13,2,9.272773693570173
4,8,14,2,9.408305375914964
4,8,0,3,9.451732545872106
4,8,1,3,9.376684762907809
4,8,2,3,9.355834339139587
4,8,3,3,9.535642587093198
4,8,4,3,9.443895752685732
4,8,5,3,9.533905385152519
4,8,6,3,9.493083414120722
4,8,7,3,9.550675186118703
4,8,8,3,9.355560635735557
4,8,9,3,9.503013080038103
4,8,10,3,9.34401897053585
4,8,11,3,9.455650237401303
4,8,12,3,9.485704950501727
4,8,13,3,9.45650530157268
4,8,14,3,9.421153800419322
4,8,0,4,9.383797485611549
4,8,1,4,9.49325063860763
4,8,2,4,9.414352046578175
4,8,3,4,9.492844077052656
4,8,4,4,9.450467847707028
4,8,5,4,9.430554755756818
4,8,6,4,9.563829189462108
4,8,7,4,9.468899613984071
4,8,8,4,9.252093539379155
4,8,9,4,9.44612927664134
4,8,10,4,9.50685732383573
4,8,11,4,9.567525396321097
4,8,12,4,9.44982063222609
4,8,13,4,9.602130156669979
4,8,14,4,9.433708551070566
4,8,0,5,9.302500552926068
4,8,1,5,9.412446973085931
4,8,2,5,9.380942071769143
4,8,3,5,9.396520232963173
4,8,4,5,9.424347252805937
4,8,5,5,9.51332136651685
4,8,6,5,9.488435841279141
4,8,7,5,9.470869950779448
4,8,8,5,9.406466862881599
4,8,9,5,9.445971787145522
4,8,10,5,9.425952469592625
4,8,11,5,9.542088471245743
4,8,12,5,9.552641703529096
4,8,13,5,9.55434031892946
4,8,14,5,9.54128874491734
4,8,0,6,9.394822234929611
4,8,1,6,9.48122546884928
4,8,2,6,9.403265566205183
4,8,3,6,9.444447597177989
4,8,4,6,9.490716786705505
4,8,5,6,9.487343511339226
4,8,6,6,9.510079435985881
4,8,7,6,9.516723461478032
4,8,8,6,9.2717369317299
4,8,9,6,9.434744440490501
4,8,10,6,9.52783899968745
4,8,11,6,9.269073459656207
4,8,12,6,9.49846316844399
4,8,13,6,9.431442691961323
4,8,14,6,9.43527661387533
4,8,0,7,9.46460346473559
4,8,1,7,9.415723377926094
4,8,2,7,9.46333103154395
4,8,3,7,9.476265266149218
4,8,4,7,9.493274569619137
4,8,5,7,9.488310825680221
4,8,6,7,9.460242762071982
4,8,7,7,9.621747052478804
4,8,8,7,9.483361536075682
4,8,9,7,9.449978872524467
4,8,10,7,9.520588049182138
4,8,11,7,9.525981814577918
4,8,12,7,9.292767091307466
4,8,13,7,9.539755407218294
4,8,14,7,9.474309501728174
4,8,0,8,9.655080426881
4,8,1,8,9.444990460379906
4,8,2,8,9.330529133480276
4,8,3,8,9.473229039556912
4,8,4,8,9.483758563153255
4,8,5,8,9.440835609408271
4,8,6,8,9.466026840364595
4,8,7,8,9.390706710983272
4,8,8,8,9.35909569830435
4,8,9,8,9.45846764212839
4,8,10,8,9.528689296462016
4,8,11,8,9.496165978523557
4,8,12,8,9.45380301485919
4,8,13,8,9.450592969820141
4,8,14,8,9.521645123350615
4,8,0,9,9.536142646611665
4,8,1,9,9.441664805146871
4,8,2,9,9.352941728711016
4,8,3,9,9.496247108291564
4,8,4,9,9.533128306345928
4,8,5,9,9.397130590395502
4,8,6,9,9.50698361998261
4,8,7,9,9.438773102193347
4,8,8,9,9.531466519823038
4,8,9,9,9.386697825111945
4,8,10,9,9.609799160022328
4,8,11,9,9.442834657773316
4,8,12,9,9.399279668412127
4,8,13,9,9.377503604963254
4,8,14,9,9.496906225036524
4,8,0,10,9.395333267948592
4,8,1,10,9.434213933084777
4,8,2,10,9.269472820088037
4,8,3,10,9.491550620100615
4,8,4,10,9.544389913570908
4,8,5,10,9.340086576411842
4,8,6,10,9.39720014746929
4,8,7,10,9.494623971285474
4,8,8,10,9.450643420834801
4,8,9,10,9.54538947969659
4,8,10,10,9.387773787700228
4,8,11,10,9.408588321509418
4,8,12,10,9.39255287563271
4,8,13,10,9.406060604114142
4,8,14,10,9.51059936295964
4,8,0,11,9.493009804073353
4,8,1,11,9.446838257621437
4,8,2,11,9.429478927391088
4,8,3,11,9.489494705203503
4,8,4,11,9.488284623685123
4,8,5,11,9.42810399097559
4,8,6,11,9.326298422987396
4,8,7,11,9.521775432923548
4,8,8,11,9.439909466991313
4,8,9,11,9.482006448268946
4,8,10,11,9.532122122892924
4,8,11,11,9.446983698072023
4,8,12,11,9.387736720095079
4,8,13,11,9.405478926406984
4,8,14,11,9.417714815550678
4,8,0,12,9.585616505570227
4,8,1,12,9.416704474242348
4,8,2,12,9.3592765580595
4,8,3,12,9.458464689382984
4,8,4,12,9.474857205076066
4,8,5,12,9.356596287517771
4,8,6,12,9.356971535884266
4,8,7,12,9.610749823237471
4,8,8,12,9.543077160143504
4,8,9,12,9.451456230941814
4,8,10,12,9.456716155116496
4,8,11,12,9.468032166563615
4,8,12,12,9.495255100087721
4,8,13,12,9.413410397203082
4,8,14,12,9.495912356356742
4,8,0,13,9.626977911399889
4,8,1,13,9.49751620921568
4,8,2,13,9.386685382006267
4,8,3,13,9.420198539524819
4,8,4,13,9.498388606350751
4,8,5,13,9.48918942937879
4,8,6,13,9.517024481770456
4,8,7,13,9.579262572152727
4,8,8,13,9.598420995755065
4,8,9,13,9.57509602953181
4,8,10,13,9.527542912084233
4,8,11,13,9.51114384197173
4,8,12,13,9.3191241082928
4,8,13,13,9.56342777491547
4,8,14,13,9.436633035054987
4,8,0,14,9.470048909145063
4,8,1,14,9.550612422195966
4,8,2,14,9.44045878328074
4,8,3,14,9.449462314506988
4,8,4,14,9.388584799326676
4,8,5,14,9.513251618827773
4,8,6,14,9.532593428252992
4,8,7,14,9.522869519951003
4,8,8,14,9.418718225682127
4,8,9,14,9.528521481247694
4,8,10,14,9.476891904616696
4,8,11,14,9.648649564934244
4,8,12,14,9.467957407321874
4,8,13,14,9.375795681674179
4,8,14,14,9.476711807296649
4,8,0,15,9.498812029025236
4,8,1,15,9.380832142668933
4,8,2,15,9.412748870073257
4,8,3,15,9.398550166073608
4,8,4,15,9.469525312049695
4,8,5,15,9.460700913743198
4,8,6,15,9.311336491350623
4,8,7,15,9.410755915215374
4,8,8,15,9.525676161233507
4,8,9,15,9.412200156419413
4,8,10,15,9.466200148222459
4,8,11,15,9.583550228797465
4,8,12,15,9.517532814742236
4,8,13,15,9.396041438629567
4,8,14,15,9.437094429149173
4,8,0,16,9.343437591225646
4,8,1,16,9.406385812217177
4,8,2,16,9.426939906246476
4,8,3,16,9.508172185840086
4,8,4,16,9.465859441856548
4,8,5,16,9.502947862055006
4,8,6,16,9.436000009409579
4,8,7,16,9.401843821943203
4,8,8,16,9.453123597559948
4,8,9,16,9.459440791175231
4,8,10,16,9.474495165417872
4,8,11,16,9.57923512046938
4,8,12,16,9.354948010606842
4,8,13,16,9.42289899644968
4,8,14,16,9.604958096809298
4,8,0,17,9.582346939766204
4,8,1,17,9.490892596154197
4,8,2,17,9.484449828815649
4,8,3,17,9.451892328616394
4,8,4,17,9.469427179011042
4,8,5,17,9.575031779992196
4,8,6,17,9.489538782570119
4,8,7,17,9.445725885463654
4,8,8,17,9.552137738978486
4,8,9,17,9.526089333548088
4,8,10,17,9.515198335149591
4,8,11,17,9.481145666944444
4,8,12,17,9.487644759597337
4,8,13,17,9.577562641435907
4,8,14,17,9.507322921126466
4,8,0,18,9.408898654017461
4,8,1,18,9.42088039284746
4,8,2,18,9.455301934545195
4,8,3,18,9.53151306500616
4,8,4,18,9.406300049012472
4,8,5,18,9.607879084136973
4,8,6,18,9.368841942322451
4,8,7,18,9.443524519608236
4,8,8,18,9.493035534535974
4,8,9,18,9.49879630470422
4,8,10,18,9.57743481581707
4,8,11,18,9.468170310305496
4,8,12,18,9.408455592095256
4,8,13,18,9.376993110587497
4,8,14,18,9.380580535946258
4,8,0,19,9.428973878813872
4,8,1,19,9.487312710635672
4,8,2,19,9.534805096064801
4,8,3,19,9.46787070082925
4,8,4,19,9.469161664642645
4,8,5,19,9.581754882629669
4,8,6,19,9.433161295251663
4,8,7,19,9.542333035343564
4,8,8,19,9.453986898819288
4,8,9,19,9.47822491832849
4,8,10,19,9.502241106897378
4,8,11,19,9.516158190394561
4,8,12,19,9.447847685857312
4,8,13,19,9.429391338005974
4,8,14,19,9.561589952685136
4,8,0,20,9.281381702891347
4,8,1,20,9.350280839076229
4,8,2,20,9.40870788395042
4,8,3,20,9.59516321640118
4,8,4,20,9.363216476616529
4,8,5,20,9.565471287986
4,8,6,20,9.517418832929478
4,8,7,20,9.394488397272642
4,8,8,20,9.24428218366238
4,8,9,20,9.408695324574163
4,8,10,20,9.406071388112615
4,8,11,20,9.474841400201445
4,8,12,20,9.371215354574431
4,8,13,20,9.134234698816687
4,8,14,20,9.351259499932013
4,8,0,21,9.124077367376232
4,8,1,21,9.279316423508721
4,8,2,21,9.243429722146818
4,8,3,21,9.381609275183056
4,8,4,21,9.328395090162074
4,8,5,21,9.496295175421173
4,8,6,21,9.430102427069482
4,8,7,21,9.02027144890296
4,8,8,21,8.877110132888763
4,8,9,21,9.47853943279492
4,8,10,21,9.396251646681963
4,8,11,21,9.43864661831148
4,8,12,21,9.1145867777458
4,8,13,21,8.353300026959902
4,8,14,21,9.117159901292142
4,8,0,22,8.271254819033807
4,8,1,22,8.846037490898048
4,8,2,22,8.601836658507512
4,8,3,22,9.34409109152452
4,8,4,22,9.001609501522747
4,8,5,22,9.04604420173558
4,8,6,22,9.314453140093292
4,8,7,22,7.974794547664544
4,8,8,22,7.646566818664764
4,8,9,22,9.335750368491329
4,8,10,22,9.082987630708724
4,8,11,22,9.125237591873638
4,8,12,22,8.454216089355265
4,8,13,22,6.129179353549934
4,8,14,22,8.061419757637802
4,9,0,0,9.361995809678673
4,9,1,0,9.321150754013923
4,9,2,0,9.487981372228925
4,9,3,0,9.426275322831817
4,9,4,0,9.61274604400247
4,9,5,0,9.318990117095499
4,9,6,0,9.311666450892098
4,9,7,0,9.408503589892849
4,9,8,0,9.376404798535926
4,9,9,0,9.23760604739038
4,9,10,0,9.4722202056751
4,9,11,0,9.441606686095348
4,9,12,0,9.451938927179969
4,9,13,0,9.504666744917932
4,9,14,0,9.491264964906494
4,9,0,1,9.379487863165478
4,9,1,1,9.359718896097638
4,9,2,1,9.42227438942712
4,9,3,1,9.491678462884197
4,9,4,1,9.396803558797183
4,9,5,1,9.435766078770257
4,9,6,1,9.377002826742606
4,9,7,1,9.586609871651838
4,9,8,1,9.430340038420262
4,9,9,1,9.396809019009812
4,9,10,1,9.300786044296943
4,9,11,1,9.530560494427865
4,9,12,1,9.375732758018911
4,9,13,1,9.518435241154885
4,9,14,1,9.523848698461178
4,9,0,2,9.407927891940457
4,9,1,2,9.433903805847974
4,9,2,2,9.415165833069207
4,9,3,2,9.557026793664033
4,9,4,2,9.578136458360719
4,9,5,2,9.386249431613768
4,9,6,2,9.345830807600269
4,9,7,2,9.341013382064903
4,9,8,2,9.352575360945032
4,9,9,2,9.393446646333063
4,9,10,2,9.388564569809983
4,9,11,2,9.567593818048888
4,9,12,2,9.341738695089774
4,9,13,2,9.510418544812724
4,9,14,2,9.454355655260072
4,9,0,3,9.598616581705118
4,9,1,3,9.487381745069698
4,9,2,3,9.39675715362148
4,9,3,3,9.485059974155144
4,9,4,3,9.51109000742606
4,9,5,3,9.394042534875915
4,9,6,3,9.441068132345716
4,9,7,3,9.47216427618732
4,9,8,3,9.413207316686046
4,9,9,3,9.42105312333398
4,9,10,3,9.449305469468456
4,9,11,3,9.455247952915077
4,9,12,3,9.360717762622127
4,9,13,3,9.324276749307268
4,9,14,3,9.437246321956726
4,9,0,4,9.241370650227529
4,9,1,4,9.338967757591979
4,9,2,4,9.424287953978794
4,9,3,4,9.339026788888361
4,9,4,4,9.443877108574313
4,9,5,4,9.399036977826793
4,9,6,4,9.415590588408039
4,9,7,4,9.505402151313895
4,9,8,4,9.319652212549272
4,9,9,4,9.418743278428112
4,9,10,4,9.440520093213676
4,9,11,4,9.415311474060717
4,9,12,4,9.70026759083285
4,9,13,4,9.459140473538529
4,9,14,4,9.50384388656909
4,9,0,5,9.418827393669618
4,9,1,5,9.456914265865679
4,9,2,5,9.443085386335293
4,9,3,5,9.404010215285059
4,9,4,5,9.344230464758825
4,9,5,5,9.270158908072107
4,9,6,5,9.42704045224138
4,9,7,5,9.43454373817332
4,9,8,5,9.310510382457666
4,9,9,5,9.449335350927699
4,9,10,5,9.417609575752193
4,9,11,5,9.494780585239925
4,9,12,5,9.60602946517315
4,9,13,5,9.495481243050824
4,9,14,5,9.489280186939808
4,9,0,6,9.45233007476611
4,9,1,6,9.453163435437403
4,9,2,6,9.284375295602306
4,9,3,6,9.507010429544641
4,9,4,6,9.39433707310267
4,9,5,6,9.277282338580816
4,9,6,6,9.432346955027795
4,9,7,6,9.418316676733092
4,9,8,6,9.357805885973438
4,9,9,6,9.355286731135564
4,9,10,6,9.359630450826074
4,9,11,6,9.302537466629667
4,9,12,6,9.568539769900017
4,9,13,6,9.59593987172545
4,9,14,6,9.368657987942182
4,9,0,7,9.407706770410718
4,9,1,7,9.54574164456049
4,9,2,7,9.507395555377759
4,9,3,7,9.467261641510982
4,9,4,7,9.334085307989552
4,9,5,7,9.524846302681302
4,9,6,7,9.355201182199405
4,9,7,7,9.462934274531369
4,9,8,7,9.460288055305828
4,9,9,7,9.421277435417432
4,9,10,7,9.354180830326158
4,9,11,7,9.305365650831748
4,9,12,7,9.494837121880119
4,9,13,7,9.466194409849901
4,9,14,7,9.311440866131385
4,9,0,8,9.472998742607746
4,9,1,8,9.487415760995194
4,9,2,8,9.310801115610339
4,9,3,8,9.579525477150879
4,9,4,8,9.317460206674507
4,9,5,8,9.420110716249285
4,9,6,8,9.3051800456977
4,9,7,8,9.482816127417019
4,9,8,8,9.497010548195838
4,9,9,8,9.520602234899242
4,9,10,8,9.507449262680638
4,9,11,8,9.368658193423373
4,9,12,8,9.392525933548972
4,9,13,8,9.557834212166894
4,9,14,8,9.528521046656605
4,9,0,9,9.439823420269017
4,9,1,9,9.396041409232518
4,9,2,9,9.50733178034285
4,9,3,9,9.429056045236958
4,9,4,9,9.330748578854392
4,9,5,9,9.382866120840475
4,9,6,9,9.463904812155796
4,9,7,9,9.534665866639331
4,9,8,9,9.469928855139466
4,9,9,9,9.58712207626231
4,9,10,9,9.411868291463838
4,9,11,9,9.32951250404267
4,9,12,9,9.353043094942077
4,9,13,9,9.369017866944198
4,9,14,9,9.469984667066841
4,9,0,10,9.401246088637317
4,9,1,10,9.334699881751318
4,9,2,10,9.308321987576507
4,9,3,10,9.247386376148473
4,9,4,10,9.244660891919267
4,9,5,10,9.593097332314855
4,9,6,10,9.510667479923871
4,9,7,10,9.366658456265476
4,9,8,10,9.31541438597859
4,9,9,10,9.529200509460152
4,9,10,10,9.442561743978267
4,9,11,10,9.374865022319128
4,9,12,10,9.323402359144636
4,9,13,10,9.54892307851704
4,9,14,10,9.490643335846467
4,9,0,11,9.381236694695659
4,9,1,11,9.513399130907901
4,9,2,11,9.468316569315204
4,9,3,11,9.188513195430897
4,9,4,11,9.523764361436927
4,9,5,11,9.448458335449697
4,9,6,11,9.364891224345222
4,9,7,11,9.462773281358261
4,9,8,11,9.452769452599046
4,9,9,11,9.47471544111798
4,9,10,11,9.409709850495956
4,9,11,11,9.139302563753352
4,9,12,11,9.306951064906022
4,9,13,11,9.54750033615249
4,9,14,11,9.410399215165766
4,9,0,12,9.417065626041936
4,9,1,12,9.345783879198752
4,9,2,12,9.510655741550423
4,9,3,12,9.355469724927884
4,9,4,12,9.403384512093893
4,9,5,12,9.330882130926437
4,9,6,12,9.53763591066654
4,9,7,12,9.53461292397822
4,9,8,12,9.466216945326321
4,9,9,12,9.416601051528426
4,9,10,12,9.339419739480686
4,9,11,12,9.371661036060141
4,9,12,12,9.393756279403231
4,9,13,12,9.495287927733903
4,9,14,12,9.351104836373208
4,9,0,13,9.372300981475219
4,9,1,13,9.417281551993382
4,9,2,13,9.437943391911967
4,9,3,13,9.322206707057251
4,9,4,13,9.417545510061242
4,9,5,13,9.418568315674332
4,9,6,13,9.461813574110767
4,9,7,13,9.450869808386392
4,9,8,13,9.457609199035097
4,9,9,13,9.398636696325228
4,9,10,13,9.452401867585033
4,9,11,13,9.385595600261288
4,9,12,13,9.383029462015148
4,9,13,13,9.428217837317302
4,9,14,13,9.202414774876917
4,9,0,14,9.531555026547405
4,9,1,14,9.360153360957634
4,9,2,14,9.363029604231526
4,9,3,14,9.35262023407442
4,9,4,14,9.494710786549495
4,9,5,14,9.42708731162441
4,9,6,14,9.383925385915568
4,9,7,14,9.488446269408275
4,9,8,14,9.494748109360959
4,9,9,14,9.48951614830784
4,9,10,14,9.450349707147643
4,9,11,14,9.433441769569308
4,9,12,14,9.221284513485596
4,9,13,14,9.445665087845743
4,9,14,14,9.182362181163569
4,9,0,15,9.433017429724151
4,9,1,15,9.41772641055046
4,9,2,15,9.553465410565316
4,9,3,15,9.292968499352398
4,9,4,15,9.437956899704472
4,9,5,15,9.345426641217582
4,9,6,15,9.494861730683134
4,9,7,15,9.472308104155971
4,9,8,15,9.53510026480691
4,9,9,15,9.505979737141802
4,9,10,15,9.410451034409999
4,9,11,15,9.44908356727024
4,9,12,15,9.215572911125792
4,9,13,15,9.487448519321534
4,9,14,15,9.402532843028768
4,9,0,16,9.490462015246226
4,9,1,16,9.37058427840512
4,9,2,16,9.474686183800449
4,9,3,16,9.469217561302365
4,9,4,16,9.432814574811848
4,9,5,16,9.33285007765275
4,9,6,16,9.418837494871182
4,9,7,16,9.453288175228343
4,9,8,16,9.472204549351112
4,9,9,16,9.456545252027738
4,9,10,16,9.46211630453024
4,9,11,16,9.478883455458428
4,9,12,16,9.224345443727389
4,9,13,16,9.461421301301336
4,9,14,16,9.356157145324222
4,9,0,17,9.492600717956151
4,9,1,17,9.342889651548592
4,9,2,17,9.323311272080034
4,9,3,17,9.341559642592859
4,9,4,17,9.477557425633018
4,9,5,17,9.364407972312536
4,9,6,17,9.428199377602269
4,9,7,17,9.397951323213515
4,9,8,17,9.326278031274935
4,9,9,17,9.385555913636825
4,9,10,17,9.31654885926355
4,9,11,17,9.281479484832673
4,9,12,17,9.300366957642492
4,9,13,17,9.463232317409929
4,9,14,17,9.3820743072059
4,9,0,18,9.529337034162767
4,9,1,18,9.609824581102938
4,9,2,18,9.51947474866678
4,9,3,18,9.43957315445536
4,9,4,18,9.354245666433998
4,9,5,18,9.381906922713522
4,9,6,18,9.4484123756086
4,9,7,18,9.324438363050113
4,9,8,18,9.392804524398818
4,9,9,18,9.422822291074153
4,9,10,18,9.408566900672545
4,9,11,18,9.291892264195331
4,9,12,18,9.413027293083623
4,9,13,18,9.437926597261294
4,9,14,18,9.413761371834257
4,9,0,19,9.306428029120566
4,9,1,19,9.48083141847458
4,9,2,19,9.511418685927897
4,9,3,19,9.53588318489227
4,9,4,19,8.914131872811383
4,9,5,19,9.398550061725818
4,9,6,19,9.378053581498785
4,9,7,19,9.260511311443873
4,9,8,19,9.43630498186411
4,9,9,19,9.393396842952779
4,9,10,19,9.26543075363584
4,9,11,19,9.175214417649538
4,9,12,19,9.448126781438633
4,9,13,19,9.491190656683923
4,9,14,19,9.420267223516285
4,9,0,20,9.310727325630326
4,9,1,20,9.525223743603224
4,9,2,20,9.431882139674505
4,9,3,20,9.400299044893627
4,9,4,20,7.181582375780124
4,9,5,20,9.437935184274513
4,9,6,20,9.33488342145509
4,9,7,20,9.303068926915874
4,9,8,20,9.362785722068542
4,9,9,20,9.416609390706173
4,9,10,20,9.212831396451026
4,9,11,20,8.633751971184571
4,9,12,20,9.18770727134955
4,9,13,20,9.477557495989675
4,9,14,20,9.4331107175277
4,9,0,21,9.1983687264979
4,9,1,21,9.239910718798859
4,9,2,21,9.255310639518829
4,9,3,21,9.106779616752151
4,9,4,21,5.637223730984712
4,9,5,21,9.326073847880036
4,9,6,21,9.039248343923514
4,9,7,21,8.812325516586617
4,9,8,21,9.465859723385382
4,9,9,21,9.029488601415157
4,9,10,21,8.614597429088853
4,9,11,21,6.597363837066116
4,9,12,21,8.602514440367173
4,9,13,21,9.341296233930292
4,9,14,21,9.259206243280927
4,9,0,22,8.971587743440713
4,9,1,22,8.381981234744073
4,9,2,22,8.673147774344677
4,9,3,22,8.568760236108318
4,9,4,22,1.5138273634778538
4,9,5,22,8.95177112947762
4,9,6,22,8.426808854027403
4,9,7,22,7.162174078051679
4,9,8,22,9.267110608258495
4,9,9,22,8.52998897883463
4,9,10,22,7.432512284959849
4,9,11,22,3.4723299119198487
4,9,12,22,5.932239116592199
4,9,13,22,8.79620051195918
4,9,14,22,9.07680689948466
4,10,0,0,9.29841433334158
4,10,1,0,9.418044690736355
4,10,2,0,9.463678035372286
4,10,3,0,9.230461488029086
4,10,4,0,9.500116605415185
4,10,5,0,9.317663404006652
4,10,6,0,9.237723261331961
4,10,7,0,9.428721555089917
4,10,8,0,9.445262682299473
4,10,9,0,9.361247102768653
4,10,10,0,9.554265622415045
4,10,11,0,9.367174395139287
4,10,12,0,9.333676538572632
4,10,13,0,9.466597475153206
4,10,14,0,9.426215520194072
4,10,0,1,9.474576812763209
4,10,1,1,9.523504205158966
4,10,2,1,9.468664843625715
4,10,3,1,9.362531570995138
4,10,4,1,9.39508223663736
4,10,5,1,9.49200444711856
4,10,6,1,9.416129139132133
4,10,7,1,9.416530032250662
4,10,8,1,9.358218577850302
4,10,9,1,9.431421154544589
4,10,10,1,9.406518971291431
4,10,11,1,9.257500782253668
4,10,12,1,9.29614684775204
4,10,13,1,9.673549494770548
4,10,14,1,9.530971604977719
4,10,0,2,9.577465718717617
4,10,1,2,9.449263217582258
4,10,2,2,9.420542369489125
4,10,3,2,9.343760666390448
4,10,4,2,9.515549576535228
4,10,5,2,9.554840034814697
4,10,6,2,9.474516654740013
4,10,7,2,9.434474778210562
4,10,8,2,9.52470647088889
4,10,9,2,9.293147070471408
4,10,10,2,9.405998601865475
4,10,11,2,9.284867973394801
4,10,12,2,9.36322874148609
4,10,13,2,9.424748992536326
4,10,14,2,9.5456641457123
4,10,0,3,9.333107612752581
4,10,1,3,9.49512976543051
4,10,2,3,9.38691276051006
4,10,3,3,9.303278758571588
4,10,4,3,9.518797310198622
4,10,5,3,9.581876769802992
4,10,6,3,9.378739176657332
4,10,7,3,9.478990714216033
4,10,8,3,9.364808282951921
4,10,9,3,9.316735055436695
4,10,10,3,9.37210466797132
4,10,11,3,9.536209212522655
4,10,12,3,9.313887840495724
4,10,13,3,9.427056211059453
4,10,14,3,9.49887826779604
4,10,0,4,9.455783593001236
4,10,1,4,9.402477932704825
4,10,2,4,9.502085195739278
4,10,3,4,9.307919177838823
4,10,4,4,9.42340393795458
4,10,5,4,9.483850476858285
4,10,6,4,9.419996862896893
4,10,7,4,9.522729905693748
4,10,8,4,9.427194636819674
4,10,9,4,9.45376601071034
4,10,10,4,9.350627047925517
4,10,11,4,9.500178389858322
4,10,12,4,9.354247118103034
4,10,13,4,9.377115954967724
4,10,14,4,9.403144621148066
4,10,0,5,9.439932262110291
4,10,1,5,9.535549465062063
4,10,2,5,9.452115371097184
4,10,3,5,9.431849521344093
4,10,4,5,9.480169404395841
4,10,5,5,9.519799455771278
4,10,6,5,9.301252577065931
4,10,7,5,9.431774377307505
4,10,8,5,9.499409618231281
4,10,9,5,9.449056757299116
4,10,10,5,9.341183106493714
4,10,11,5,9.5140336361366
4,10,12,5,9.381388838466727
4,10,13,5,9.264723695501939
4,10,14,5,9.464596433287465
4,10,0,6,9.494041420548374
4,10,1,6,9.391554254084154
4,10,2,6,9.304217570566273
4,10,3,6,9.500768115248407
4,10,4,6,9.481133684410475
4,10,5,6,9.498139557545603
4,10,6,6,9.413139248696924
4,10,7,6,9.263934110723005
4,10,8,6,9.424695089183095
4,10,9,6,9.401761792097009
4,10,10,6,9.319802939080269
4,10,11,6,9.594881482143006
4,10,12,6,9.414744702948706
4,10,13,6,9.217563507921303
4,10,14,6,9.415085291560754
4,10,0,7,9.486585815507368
4,10,1,7,9.475550061823979
4,10,2,7,9.459156372988316
4,10,3,7,9.614026674005054
4,10,4,7,9.508278786822578
4,10,5,7,9.529725423944404
4,10,6,7,9.294857020217618
4,10,7,7,9.412243768824975
4,10,8,7,9.382608695024167
4,10,9,7,9.565071657997601
4,10,10,7,9.361426875600555
4,10,11,7,9.483970088746995
4,10,12,7,9.443709921930594
4,10,13,7,9.18260294542688
4,10,14,7,9.421016791285233
4,10,0,8,9.433474381872534
4,10,1,8,9.534477377644539
4,10,2,8,9.4828283887175
4,10,3,8,9.534605479098161
4,10,4,8,9.425424562704283
4,10,5,8,9.47234537062959
4,10,6,8,9.421156648263455
4,10,7,8,9.484655797921484
4,10,8,8,9.632007756591824
4,10,9,8,9.387226930665767
4,10,10,8,9.330026001780752
4,10,11,8,9.554194824985329
4,10,12,8,9.464044342503357
4,10,13,8,9.435327819142447
4,10,14,8,9.36483976917839
4,10,0,9,9.333479822449306
4,10,1,9,9.395681239930902
4,10,2,9,9.362819218230996
4,10,3,9,9.378717482995622
4,10,4,9,9.509141021552797
4,10,5,9,9.413070615435242
4,10,6,9,9.392690015529565
4,10,7,9,9.45969216979468
4,10,8,9,9.34346248202217
4,10,9,9,9.253799159969702
4,10,10,9,9.423098022101774
4,10,11,9,9.561267080777787
4,10,12,9,9.487860903639989
4,10,13,9,9.462338312196419
4,10,14,9,9.203815520560463
4,10,0,10,9.29378990200732
4,10,1,10,9.446571788992385
4,10,2,10,9.39503068751222
4,10,3,10,9.431868025231507
4,10,4,10,9.489708505452478
4,10,5,10,9.352429481844629
4,10,6,10,9.556889352182084
4,10,7,10,9.61747592162545
4,10,8,10,9.372726955587844
4,10,9,10,9.472964013943264
4,10,10,10,9.291761634823379
4,10,11,10,9.428066999244683
4,10,12,10,9.389956906409488
4,10,13,10,9.456593441752698
4,10,14,10,9.371592278879971
4,10,0,11,9.476327507086308
4,10,1,11,9.660184955017659
4,10,2,11,9.394040336030486
4,10,3,11,9.413332233145598
4,10,4,11,9.551345701343614
4,10,5,11,9.431039747780224
4,10,6,11,9.547828124467205
4,10,7,11,9.515158915719411
4,10,8,11,9.401869725756429
4,10,9,11,9.44511866854114
4,10,10,11,9.419047523626997
4,10,11,11,9.385052218166345
4,10,12,11,9.352836290326422
4,10,13,11,9.414818156597553
4,10,14,11,9.523424577253495
4,10,0,12,9.35896091483593
4,10,1,12,9.428572072999374
4,10,2,12,9.335187249309676
4,10,3,12,9.522865758691815
4,10,4,12,9.51344362910915
4,10,5,12,9.4147237803948
4,10,6,12,9.513157915088762
4,10,7,12,9.58162043993019
4,10,8,12,9.379282959764671
4,10,9,12,9.342526959592616
4,10,10,12,9.51691009873985
4,10,11,12,9.453773680765696
4,10,12,12,9.535835957840973
4,10,13,12,9.376057927242837
4,10,14,12,9.501160087333034
4,10,0,13,9.363722021170872
4,10,1,13,9.500045667946805
4,10,2,13,9.490983940644197
4,10,3,13,9.508068861009296
4,10,4,13,9.413672973343362
4,10,5,13,9.334649876511207
4,10,6,13,9.441962080252138
4,10,7,13,9.48978430852878
4,10,8,13,9.252798881102887
4,10,9,13,9.480449218197133
4,10,10,13,9.508398074291888
4,10,11,13,9.332413825215625
4,10,12,13,9.304424792296121
4,10,13,13,9.23877753973406
4,10,14,13,9.400925397052415
4,10,0,14,9.384810597483906
4,10,1,14,9.44004695701374
4,10,2,14,9.344722576819517
4,10,3,14,9.498735891759958
4,10,4,14,9.418550649645672
4,10,5,14,9.234857253931953
4,10,6,14,9.523373634808538
4,10,7,14,9.58926186044784
4,10,8,14,9.429259356503303
4,10,9,14,9.396026394788352
4,10,10,14,9.351769286123501
4,10,11,14,9.505511435113883
4,10,12,14,9.399005644266474
4,10,13,14,9.355358750894824
4,10,14,14,9.480624709406097
4,10,0,15,9.289885746518491
4,10,1,15,9.535675882966567
4,10,2,15,9.233181979339115
4,10,3,15,9.607581394893176
4,10,4,15,9.262237425992858
4,10,5,15,9.20640295324696
4,10,6,15,9.385812612299173
4,10,7,15,9.517360381089954
4,10,8,15,9.468121329271035
4,10,9,15,9.355031680782828
4,10,10,15,9.367252637143677
4,10,11,15,9.456521886220232
4,10,12,15,9.38596959662522
4,10,13,15,9.274935613364102
4,10,14,15,9.520541486370991
4,10,0,16,9.465621381446923
4,10,1,16,9.474383980079907
4,10,2,16,9.304626492702893
4,10,3,16,9.537515832891389
4,10,4,16,9.48529882159045
4,10,5,16,9.341286035703892
4,10,6,16,9.480020544307038
4,10,7,16,9.481870561259315
4,10,8,16,9.534985407008778
4,10,9,16,9.398371893811552
4,10,10,16,9.157664856602361
4,10,11,16,9.38444468993408
4,10,12,16,9.457742667385961
4,10,13,16,9.202027126793922
4,10,14,16,9.512033513627065
4,10,0,17,9.423186784763203
4,10,1,17,9.530904027740375
4,10,2,17,9.36936587955741
4,10,3,17,9.316122902702975
4,10,4,17,9.513679493656026
4,10,5,17,9.505346246749035
4,10,6,17,9.413775028859778
4,10,7,17,9.25823867568311
4,10,8,17,9.605833652161039
4,10,9,17,9.554870861379769
4,10,10,17,9.47037439787915
4,10,11,17,9.384870619485044
4,10,12,17,9.278913688012517
4,10,13,17,9.450636569521594
4,10,14,17,9.330663919616866
4,10,0,18,9.293509102803299
4,10,1,18,9.486670643014344
4,10,2,18,9.331974783102911
4,10,3,18,9.236778550361802
4,10,4,18,9.543542534154305
4,10,5,18,9.49767067165066
4,10,6,18,9.33845606790963
4,10,7,18,8.596254096097866
4,10,8,18,9.377086552044304
4,10,9,18,9.475943892349827
4,10,10,18,9.311336039498608
4,10,11,18,9.319764739282753
4,10,12,18,9.485262966496526
4,10,13,18,9.43792712344557
4,10,14,18,9.371798533383146
4,10,0,19,9.284114384378979
4,10,1,19,9.341168739061722
4,10,2,19,9.516438743153893
4,10,3,19,9.422371759154936
4,10,4,19,9.399430185023911
4,10,5,19,9.363740654470373
4,10,6,19,9.277500494655616
4,10,7,19,7.128004186206197
4,10,8,19,9.452182038771493
4,10,9,19,9.490772654054531
4,10,10,19,9.347802306159688
4,10,11,19,9.280274525594196
4,10,12,19,9.498994463568648
4,10,13,19,9.475063186738803
4,10,14,19,9.075628750699533
4,10,0,20,9.061840681077689
4,10,1,20,9.514645057206392
4,10,2,20,9.220513553342341
4,10,3,20,9.286863476292078
4,10,4,20,9.285305796575598
4,10,5,20,9.522265590086896
4,10,6,20,8.69973767323467
4,10,7,20,3.4643617724370057
4,10,8,20,9.269297086585368
4,10,9,20,9.337876670124233
4,10,10,20,9.275584290954122
4,10,11,20,8.90843401201358
4,10,12,20,9.380449203183836
4,10,13,20,9.250358791786685
4,10,14,20,9.049144339690049
4,10,0,21,8.556316418997442
4,10,1,21,9.33808639874368
4,10,2,21,8.670350760978351
4,10,3,21,9.15495302614794
4,10,4,21,8.8531677837077
4,10,5,21,9.392534848514664
4,10,6,21,7.513978798760759
4,10,7,21,0.3267637365267546
4,10,8,21,8.703521353439571
4,10,9,21,9.158516226492603
4,10,10,21,8.944967980853509
4,10,11,21,7.63705965456035
4,10,12,21,9.110717728709743
4,10,13,21,8.606984120351225
4,10,14,21,8.431601553577886
4,10,0,22,6.428323717633187
4,10,1,22,9.134260518612388
4,10,2,22,7.2500510317901075
4,10,3,22,8.63065004656402
4,10,4,22,7.731856486646586
4,10,5,22,8.9688577879116
4,10,6,22,4.51703711759647
4,10,7,22,0.0
4,10,8,22,6.924403579373347
4,10,9,22,7.916386702697675
4,10,10,22,8.032233414582661
4,10,11,22,3.7693072010001556
4,10,12,22,8.499421658447647
4,10,13,22,6.089298427205656
4,10,14,22,7.048028356375173
5,3,0,0,9.234636653729549
5,3,1,0,9.426403766437815
5,3,2,0,9.270024654537075
5,3,3,0,9.280307842213588
5,3,4,0,9.304277861622156
5,3,5,0,9.407591312072542
5,3,6,0,9.356784923208265
5,3,7,0,9.257149081625823
5,3,8,0,9.211809753595528
5,3,9,0,9.251514126190958
5,3,10,0,9.3569978675533
5,3,11,0,9.256847067406378
5,3,12,0,9.365507627668693
5,3,13,0,9.31835363248146
5,3,14,0,9.369282564774512
5,3,0,1,9.232985857053006
5,3,1,1,9.42023609621994
5,3,2,1,9.268866921110638
5,3,3,1,9.327926333367941
5,3,4,1,9.416034680445533
5,3,5,1,9.296428687669419
5,3,6,1,9.361920412331157
5,3,7,1,9.206512859497286
5,3,8,1,9.19234190286201
5,3,9,1,9.32171337305774
5,3,10,1,9.308877624758928
5,3,11,1,9.179852267369412
5,3,12,1,9.344248691812274
5,3,13,1,9.265334796199383
5,3,14,1,9.330857506811121
5,3,0,2,9.218571589578346
5,3,1,2,9.3626196672504
5,3,2,2,9.295641391318027
5,3,3,2,9.417619513949282
5,3,4,2,9.357929155652137
5,3,5,2,9.28163874550844
5,3,6,2,9.450638563155795
5,3,7,2,9.202220013678815
5,3,8,2,9.218374289232983
5,3,9,2,9.334783065162945
5,3,10,2,9.405013322008461
5,3,11,2,9.24454525912543
5,3,12,2,9.302206292233253
5,3,13,2,9.332310169837626
5,3,14,2,9.379480067859477
5,3,0,3,9.253990104195932
5,3,1,3,9.303842683372471
5,3,2,3,9.368940616259211
5,3,3,3,9.37656309619135
5,3,4,3,9.365695772751415
5,3,5,3,9.277526711453616
5,3,6,3,9.275681717809734
5,3,7,3,9.18899187110777
5,3,8,3,9.23443220988368
5,3,9,3,9.40304147882388
5,3,10,3,9.361624763330708
5,3,11,3,9.229542262974928
5,3,12,3,9.29553567356528
5,3,13,3,9.278460112688046
5,3,14,3,9.407967165847058
5,3,0,4,9.2991550097555
5,3,1,4,9.293235782770626
5,3,2,4,9.370630708786098
5,3,3,4,9.325322751020853
5,3,4,4,9.337561414827613
5,3,5,4,9.309525452259628
5,3,6,4,9.299680244377292
5,3,7,4,9.213598516236482
5,3,8,4,9.31535872852891
5,3,9,4,9.38385600937174
5,3,10,4,9.31579690631356
5,3,11,4,9.280061104122263
5,3,12,4,9.324234261397672
5,3,13,4,9.283340954190374
5,3,14,4,9.401775015055723
5,3,0,5,9.309591261579971
5,3,1,5,9.234542893801182
5,3,2,5,9.423516384063845
5,3,3,5,9.39656850187697
5,3,4,5,9.352147690371071
5,3,5,5,9.327838603177398
5,3,6,5,9.239748629037184
5,3,7,5,9.251488579999094
5,3,8,5,9.282615165955166
5,3,9,5,9.382497695319323
5,3,10,5,9.34301486600952
5,3,11,5,9.311682946335203
5,3,12,5,9.27531236584814
5,3,13,5,9.371148493065974
5,3,14,5,9.32245578914674
5,3,0,6,9.368407098555647
5,3,1,6,9.26873691553746
5,3,2,6,9.352193571336265
5,3,3,6,9.399525649748039
5,3,4,6,9.339345427750569
5,3,5,6,9.384866057637408
5,3,6,6,9.23617408197888
5,3,7,6,9.234301837780603
5,3,8,6,9.309172861367648
5,3,9,6,9.356277241037098
5,3,10,6,9.30329381085814
5,3,11,6,9.38135622553546
5,3,12,6,9.27667694700922
5,3,13,6,9.377265429768652
5,3,14,6,9.34966153574041
5,3,0,7,9.323701908536172
5,3,1,7,9.341078894646
5,3,2,7,9.336206720817994
5,3,3,7,9.452565261800835
5,3,4,7,9.20503296761916
5,3,5,7,9.332709317965776
5,3,6,7,9.215368343021275
5,3,7,7,9.203574209825861
5,3,8,7,9.291275242126092
5,3,9,7,9.24346213587468
5,3,10,7,9.33780614475265
5,3,11,7,9.361889411381002
5,3,12,7,9.315370190374601
5,3,13,7,9.421131753289085
5,3,14,7,9.322183583319182
5,3,0,8,9.278331761379512
5,3,1,8,9.364446718333028
5,3,2,8,9.366379690043914
5,3,3,8,9.34209180922571
5,3,4,8,9.21998259796454
5,3,5,8,9.33679096564031
5,3,6,8,9.28008571599057
5,3,7,8,9.177863962780808
5,3,8,8,9.34526708926666
5,3,9,8,9.261518026837857
5,3,10,8,9.437724779084741
5,3,11,8,9.31852469054703
5,3,12,8,9.364369965173147
5,3,13,8,9.439768934217177
5,3,14,8,9.210842798379977
5,3,0,9,9.331439040668071
5,3,1,9,9.366964473472429
5,3,2,9,9.254645914916823
5,3,3,9,9.290219245937651
5,3,4,9,9.268722332136132
5,3,5,9,9.21615697453239
5,3,6,9,9.228558992392262
5,3,7,9,9.258208310982276
5,3,8,9,9.240268006678157
5,3,9,9,9.197233145061363
5,3,10,9,9.374611799526237
5,3,11,9,9.283192472854392
5,3,12,9,9.282547798268201
5,3,13,9,9.335773310546257
5,3,14,9,9.273553892102372
5,3,0,10,9.383144552933901
5,3,1,10,9.41436373739784
5,3,2,10,9.24341926934432
5,3,3,10,9.263246059642082
5,3,4,10,9.327568642429894
5,3,5,10,9.308336187279355
5,3,6,10,9.305315456489803
5,3,7,10,9.31321966064792
5,3,8,10,9.223751773748797
5,3,9,10,9.32466921927563
5,3,10,10,9.290698281069842
5,3,11,10,9.32204670858405
5,3,12,10,9.2952600108492
5,3,13,10,9.352913900392986
5,3,14,10,9.351480639580526
5,3,0,11,9.439691552143577
5,3,1,11,9.401503472477497
5,3,2,11,9.27221095655142
5,3,3,11,9.234315925789167
5,3,4,11,9.325830150283872
5,3,5,11,9.341346140511778
5,3,6,11,9.262070246717975
5,3,7,11,9.280736277469911
5,3,8,11,9.294044796244114
5,3,9,11,9.402360136110842
5,3,10,11,9.225902481626731
5,3,11,11,9.324848992565856
5,3,12,11,9.275403967893604
5,3,13,11,9.380095428269467
5,3,14,11,9.359152373352975
5,3,0,12,9.371267706868839
5,3,1,12,9.408189391024212
5,3,2,12,9.411822292708843
5,3,3,12,9.193745030020567
5,3,4,12,9.358484411229494
5,3,5,12,9.387491710123124
5,3,6,12,9.273603413249196
5,3,7,12,9.344008606694924
5,3,8,12,9.30356628347382
5,3,9,12,9.407045483091087
5,3,10,12,9.316265442903896
5,3,11,12,9.334469226827103
5,3,12,12,9.31584074427123
5,3,13,12,9.324867241725476
5,3,14,12,9.328314675794054
5,3,0,13,9.327355100236062
5,3,1,13,9.345632948984033
5,3,2,13,9.357294099568984
5,3,3,13,9.261576027864628
5,3,4,13,9.437805667270082
5,3,5,13,9.404824298618669
5,3,6,13,9.33457841999081
5,3,7,13,9.366907979002082
5,3,8,13,9.349000665079437
5,3,9,13,9.274083797173263
5,3,10,13,9.305364397867098
5,3,11,13,9.363881704449092
5,3,12,13,9.286226953785787
5,3,13,13,9.221767045916767
5,3,14,13,9.365260204470454
5,3,0,14,9.322409709653911
5,3,1,14,9.308566723479903
5,3,2,14,9.32538457883882
5,3,3,14,9.33699897263353
5,3,4,14,9.351226116059742
5,3,5,14,9.288892474079795
5,3,6,14,9.347570510660347
5,3,7,14,9.396011756373865
5,3,8,14,9.30093614678455
5,3,9,14,9.344807147121317
5,3,10,14,9.419285589765444
5,3,11,14,9.383430989555062
5,3,12,14,9.28777710794054
5,3,13,14,9.21707323384616
5,3,14,14,9.370221893016513
5,3,0,15,9.248523243227618
5,3,1,15,9.262074450402823
5,3,2,15,9.297788376500705
5,3,3,15,9.386583728720398
5,3,4,15,9.304562990088623
5,3,5,15,9.275465578365333
5,3,6,15,9.347952826765052
5,3,7,15,9.37242059208871
5,3,8,15,9.327308630164808
5,3,9,15,9.35363035867065
5,3,10,15,9.343816692684648
5,3,11,15,9.273993989636525
5,3,12,15,9.164050505105035
5,3,13,15,9.34152883742283
5,3,14,15,9.412640961824813
5,3,0,16,9.305126954337185
5,3,1,16,9.21116635849409
5,3,2,16,9.25952024900248
5,3,3,16,9.323915428805108
5,3,4,16,9.266791361225327
5,3,5,16,9.304756392814353
5,3,6,16,9.369376837366719
5,3,7,16,9.35168511692478
5,3,8,16,9.37975056387935
5,3,9,16,9.29083308114556
5,3,10,16,9.3086171392753
5,3,11,16,9.301227842285533
5,3,12,16,9.191895353095733
5,3,13,16,9.247104613803403
5,3,14,16,9.290599049868634
5,3,0,17,9.355034307289793
5,3,1,17,9.252211853590616
5,3,2,17,9.22963518831955
5,3,3,17,9.366959556080506
5,3,4,17,9.314231731965073
5,3,5,17,9.303293823397908
5,3,6,17,9.378031186073294
5,3,7,17,9.300889517393674
5,3,8,17,9.277895427886603
5,3,9,17,9.312667867994428
5,3,10,17,9.347877717588576
5,3,11,17,9.367942095142558
5,3,12,17,9.275696982539753
5,3,13,17,9.21670445269865
5,3,14,17,9.315500109983255
5,3,0,18,9.29765143060248
5,3,1,18,9.36719452818204
5,3,2,18,9.27475754100829
5,3,3,18,9.345881747125276
5,3,4,18,9.29704531399049
5,3,5,18,9.272407441467273
5,3,6,18,9.377450079737427
5,3,7,18,9.315360601322359
5,3,8,18,9.219154882722021
5,3,9,18,9.221601887459242
5,3,10,18,9.315882543720582
5,3,11,18,9.386483598755001
5,3,12,18,9.347293204477827
5,3,13,18,9.287420557184499
5,3,14,18,9.210963340351501
5,3,0,19,9.30323009324087
5,3,1,19,9.334282625190465
5,3,2,19,9.229075065523979
5,3,3,19,9.429792239750352
5,3,4,19,9.318816972022574
5,3,5,19,9.190643519324263
5,3,6,19,9.382905025793768
5,3,7,19,9.336522132237294
5,3,8,19,9.188914344315991
5,3,9,19,9.18360728671585
5,3,10,19,9.423867015716608
5,3,11,19,9.42269447994955
5,3,12,19,9.351704403790489
5,3,13,19,9.41486779843206
5,3,14,19,9.398882451565187
5,3,0,20,9.278924317631638
5,3,1,20,9.378830299414819
5,3,2,20,9.292760064524202
5,3,3,20,9.407763040062326
5,3,4,20,9.263302797337666
5,3,5,20,9.246069036414138
5,3,6,20,9.222079554593293
5,3,7,20,9.338410970779961
5,3,8,20,9.16860327760669
5,3,9,20,9.198833952283442
5,3,10,20,9.26608258132293
5,3,11,20,9.316591032896001
5,3,12,20,9.34644431372814
5,3,13,20,9.358363164602123
5,3,14,20,9.419959408799384
5,3,0,21,9.201524866033193
5,3,1,21,9.279249804011227
5,3,2,21,9.303301321828739
5,3,3,21,9.36547400980271
5,3,4,21,9.165715914085117
5,3,5,21,9.260456254043904
5,3,6,21,9.22442494660173
5,3,7,21,9.339470705020643
5,3,8,21,9.190104156373115
5,3,9,21,9.148102086556237
5,3,10,21,8.962705390856346
5,3,11,21,9.291995118972672
5,3,12,21,9.277808774498023
5,3,13,21,9.27021466332424
5,3,14,21,9.316030060706835
5,3,0,22,9.065735258195573
5,3,1,22,9.207011546180357
5,3,2,22,9.313793828744373
5,3,3,22,8.969619828130588
5,3,4,22,9.131303905469416
5,3,5,22,9.266433680011284
5,3,6,22,9.225412573587816
5,3,7,22,9.280298520356148
5,3,8,22,9.149895967432654
5,3,9,22,9.0490458723086
5,3,10,22,7.6930645328852485
5,3,11,22,9.090824933488344
5,3,12,22,9.160603086559128
5,3,13,22,9.014838989080319
5,3,14,22,9.15928391302257
5,4,0,0,9.2605792650858
5,4,1,0,9.26166409126644
5,4,2,0,9.209694639739897
5,4,3,0,9.270813946654762
5,4,4,0,9.258247689103104
5,4,5,0,9.289622875112494
5,4,6,0,9.266824496619074
5,4,7,0,9.280232667727718
5,4,8,0,9.292203493003475
5,4,9,0,9.227560306527856
5,4,10,0,9.235801280649527
5,4,11,0,9.252744411120299
5,4,12,0,9.505755807751532
5,4,13,0,9.374400223716025
5,4,14,0,9.391063809194172
5,4,0,1,9.313120238452438
5,4,1,1,9.365838218194616
5,4,2,1,9.1789533205277
5,4,3,1,9.28458864616364
5,4,4,1,9.394016915756145
5,4,5,1,9.291494171047471
5,4,6,1,9.272739065800517
5,4,7,1,9.320146217372248
5,4,8,1,9.347392847003269
5,4,9,1,9.24165826142256
5,4,10,1,9.262987529095245
5,4,11,1,9.230798593088178
5,4,12,1,9.386168638626303
5,4,13,1,9.306155538178388
5,4,14,1,9.331143437259867
5,4,0,2,9.254292439202635
5,4,1,2,9.279724903915401
5,4,2,2,9.214294085785134
5,4,3,2,9.280011303087914
5,4,4,2,9.3947632799475
5,4,5,2,9.308421729323177
5,4,6,2,9.23643995232103
5,4,7,2,9.243024452902166
5,4,8,2,9.40161154770898
5,4,9,2,9.217285312461298
5,4,10,2,9.284614241511239
5,4,11,2,9.32233066232356
5,4,12,2,9.255333370507856
5,4,13,2,9.345440574376509
5,4,14,2,9.441340547558374
5,4,0,3,9.29832525374185
5,4,1,3,9.21443474585896
5,4,2,3,9.256436166556783
5,4,3,3,9.393447775351921
5,4,4,3,9.379750755869278
5,4,5,3,9.344096343234938
5,4,6,3,9.232574892293322
5,4,7,3,9.265391949523394
5,4,8,3,9.404670141049404
5,4,9,3,9.33986814711141
5,4,10,3,9.356520181153712
5,4,11,3,9.354626446864604
5,4,12,3,9.159996529067133
5,4,13,3,9.299122501095122
5,4,14,3,9.34935099902857
5,4,0,4,9.357295105150474
5,4,1,4,9.184244619872668
5,4,2,4,9.234900161387293
5,4,3,4,9.340678744807523
5,4,4,4,9.47272452991919
5,4,5,4,9.387749565890084
5,4,6,4,9.285872123735931
5,4,7,4,9.296671190165076
5,4,8,4,9.346356116851863
5,4,9,4,9.316034520809447
5,4,10,4,9.307637310255956
5,4,11,4,9.37978147905809
5,4,12,4,9.247341849121662
5,4,13,4,9.362922639250307
5,4,14,4,9.339075056870993
5,4,0,5,9.31464773429013
5,4,1,5,9.299186617716405
5,4,2,5,9.293031706548604
5,4,3,5,9.274954887970592
5,4,4,5,9.382452529732534
5,4,5,5,9.267542463791276
5,4,6,5,9.295649737396806
5,4,7,5,9.384449932099164
5,4,8,5,9.268648261730336
5,4,9,5,9.29185671125326
5,4,10,5,9.333731323488854
5,4,11,5,9.378764326224442
5,4,12,5,9.203961552916304
5,4,13,5,9.333238138921546
5,4,14,5,9.256926349391753
5,4,0,6,9.238219520090276
5,4,1,6,9.383893813257654
5,4,2,6,9.312967797898542
5,4,3,6,9.34290220653755
5,4,4,6,9.376571016913822
5,4,5,6,9.330707034651546
5,4,6,6,9.342089083630743
5,4,7,6,9.39713011986612
5,4,8,6,9.216595451277492
5,4,9,6,9.293293334152963
5,4,10,6,9.3377422309716
5,4,11,6,9.408655372234586
5,4,12,6,9.263166041620389
5,4,13,6,9.27261955306767
5,4,14,6,9.267160956850974
5,4,0,7,9.209657485979577
5,4,1,7,9.366911916197907
5,4,2,7,9.197034472906616
5,4,3,7,9.458372571019579
5,4,4,7,9.280767236054704
5,4,5,7,9.296520692226936
5,4,6,7,9.387791037153388
5,4,7,7,9.421412538607704
5,4,8,7,9.240887157518383
5,4,9,7,9.304115250818073
5,4,10,7,9.347831105793178
5,4,11,7,9.4150099690572
5,4,12,7,9.280284625682107
5,4,13,7,9.280079268866338
5,4,14,7,9.236731322018766
5,4,0,8,9.254153969704232
5,4,1,8,9.330545987389755
5,4,2,8,9.327320281065475
5,4,3,8,9.391762477634963
5,4,4,8,9.249141407864629
5,4,5,8,9.320990058202229
5,4,6,8,9.484163192934439
5,4,7,8,9.340208866312482
5,4,8,8,9.322679682980212
5,4,9,8,9.343357628372644
5,4,10,8,9.403919265878457
5,4,11,8,9.33960683907593
5,4,12,8,9.402297949598383
5,4,13,8,9.28072727308362
5,4,14,8,9.248857275330241
5,4,0,9,9.373449231643576
5,4,1,9,9.24962434682975
5,4,2,9,9.319831067108803
5,4,3,9,9.46543307670679
5,4,4,9,9.296817594429344
5,4,5,9,9.336465368155023
5,4,6,9,9.445691477319778
5,4,7,9,9.294557710570409
5,4,8,9,9.476132429215411
5,4,9,9,9.270718634445066
5,4,10,9,9.435579291334887
5,4,11,9,9.332874635938762
5,4,12,9,9.341690809773656
5,4,13,9,9.408917715677463
5,4,14,9,9.215441031983392
5,4,0,10,9.372621413289204
5,4,1,10,9.20669646908603
5,4,2,10,9.221017368243123
5,4,3,10,9.487679694335561
5,4,4,10,9.269913928694821
5,4,5,10,9.369935291280575
5,4,6,10,9.36090639946115
5,4,7,10,9.307250297365329
5,4,8,10,9.40363754052437
5,4,9,10,9.336150548884998
5,4,10,10,9.355014973086384
5,4,11,10,9.323225879232888
5,4,12,10,9.334810395705405
5,4,13,10,9.360722829933703
5,4,14,10,9.237805762999217
5,4,0,11,9.411826711011557
5,4,1,11,9.26743777669404
5,4,2,11,9.292638293565195
5,4,3,11,9.32963282539775
5,4,4,11,9.247923228711988
5,4,5,11,9.291015075008142
5,4,6,11,9.307819714601983
5,4,7,11,9.29336945136791
5,4,8,11,9.367877479102761
5,4,9,11,9.321872325924216
5,4,10,11,9.34128701471913
5,4,11,11,9.196040285760478
5,4,12,11,9.32029002157035
5,4,13,11,9.301073858550579
5,4,14,11,9.343166441168908
5,4,0,12,9.408905097369502
5,4,1,12,9.19782633180564
5,4,2,12,9.21769307294645
5,4,3,12,9.286709807234782
5,4,4,12,9.258168314492485
5,4,5,12,9.259750972153185
5,4,6,12,9.203893893892328
5,4,7,12,9.356014586927879
5,4,8,12,9.298698997380704
5,4,9,12,9.204535944841261
5,4,10,12,9.295654818773588
5,4,11,12,9.308967187733524
5,4,12,12,9.29019660975897
5,4,13,12,9.32867019044686
5,4,14,12,9.297002951753338
5,4,0,13,9.46423359920367
5,4,1,13,9.302855074525157
5,4,2,13,9.30832039847262
5,4,3,13,9.340909840582698
5,4,4,13,9.335480408793314
5,4,5,13,9.226898854018268
5,4,6,13,9.190963824624749
5,4,7,13,9.219982931952563
5,4,8,13,9.362222444168518
5,4,9,13,9.230790507542372
5,4,10,13,9.361734775146413
5,4,11,13,9.296080079589172
5,4,12,13,9.257174392522733
5,4,13,13,9.25418514576215
5,4,14,13,9.369771417014588
5,4,0,14,9.409260561517085
5,4,1,14,9.201669103036178
5,4,2,14,9.33137155972212
5,4,3,14,9.232479773416252
5,4,4,14,9.335762251130614
5,4,5,14,9.366114476619478
5,4,6,14,9.188741324611485
5,4,7,14,9.363899540131472
5,4,8,14,9.325626752214852
5,4,9,14,9.28495487214568
5,4,10,14,9.44351830817863
5,4,11,14,9.271932640916118
5,4,12,14,9.288609111565354
5,4,13,14,9.255947059870666
5,4,14,14,9.300181094800001
5,4,0,15,9.448544930166726
5,4,1,15,9.328607963980831
5,4,2,15,9.221625219735653
5,4,3,15,9.25467305918561
5,4,4,15,9.289762613889897
5,4,5,15,9.22535586707595
5,4,6,15,9.25267933337805
5,4,7,15,9.304993168519816
5,4,8,15,9.404134708595489
5,4,9,15,9.278119940648926
5,4,10,15,9.376757410643755
5,4,11,15,9.352457798987263
5,4,12,15,9.262060748548548
5,4,13,15,9.343158492812147
5,4,14,15,9.34508479783136
5,4,0,16,9.42683702586713
5,4,1,16,9.362559134365615
5,4,2,16,9.236156633414621
5,4,3,16,9.290915799456442
5,4,4,16,9.427596194369391
5,4,5,16,9.244414193875077
5,4,6,16,9.282704764553237
5,4,7,16,9.42606915851147
5,4,8,16,9.265695627624762
5,4,9,16,9.247384494840633
5,4,10,16,9.37171944494838
5,4,11,16,9.37930333088213
5,4,12,16,9.32523590817297
5,4,13,16,9.297037789337653
5,4,14,16,9.347775493125223
5,4,0,17,9.350608699160558
5,4,1,17,9.327149412335245
5,4,2,17,9.233996534283285
5,4,3,17,9.222340708974743
5,4,4,17,9.317983854556637
5,4,5,17,9.306090625617282
5,4,6,17,9.429557272312232
5,4,7,17,9.412540621044121
5,4,8,17,9.284446271201189
5,4,9,17,9.295601828207118
5,4,10,17,9.33148629947691
5,4,11,17,9.25441803497559
5,4,12,17,9.337213511755454
5,4,13,17,9.296891980174196
5,4,14,17,9.299663241337017
5,4,0,18,9.290234548687595
5,4,1,18,9.359964026688523
5,4,2,18,9.270920347256935
5,4,3,18,9.328746193821289
5,4,4,18,9.341760159471017
5,4,5,18,9.376427369547248
5,4,6,18,9.384939508796547
5,4,7,18,9.412731654826556
5,4,8,18,9.332557821148137
5,4,9,18,9.292348235278997
5,4,10,18,9.386032457719956
5,4,11,18,9.28023272697563
5,4,12,18,9.261271156645572
5,4,13,18,9.332508997423615
5,4,14,18,9.311633218459047
5,4,0,19,9.270546373165653
5,4,1,19,9.337611898606504
5,4,2,19,9.24540241977987
5,4,3,19,9.227987423834072
5,4,4,19,9.343727559152487
5,4,5,19,9.42938537355469
5,4,6,19,9.288948506086417
5,4,7,19,9.348442204656413
5,4,8,19,9.219963916973288
5,4,9,19,9.376566488839671
5,4,10,19,9.479861228061216
5,4,11,19,9.221166569486861
5,4,12,19,9.3071769646413
5,4,13,19,9.38309479051646
5,4,14,19,9.303912235696982
5,4,0,20,9.317028670539116
5,4,1,20,9.430124209030847
5,4,2,20,9.314200068424118
5,4,3,20,9.111529087163815
5,4,4,20,9.233499521077716
5,4,5,20,9.365447341964899
5,4,6,20,9.380080457601016
5,4,7,20,9.28924095781156
5,4,8,20,9.270747337360632
5,4,9,20,9.38751310039913
5,4,10,20,9.438594233708486
5,4,11,20,9.28548714222843
5,4,12,20,9.25876675922176
5,4,13,20,9.245221189221033
5,4,14,20,9.319513612905446
5,4,0,21,9.290018800608731
5,4,1,21,9.35983163629619
5,4,2,21,9.210499099880636
5,4,3,21,8.524919478947723
5,4,4,21,9.2779712116829
5,4,5,21,9.466103423874586
5,4,6,21,9.296751058275033
5,4,7,21,9.217705667163418
5,4,8,21,9.235212923249824
5,4,9,21,9.402477247065617
5,4,10,21,9.346865554049257
5,4,11,21,9.24735181565005
5,4,12,21,9.29890546714337
5,4,13,21,9.340844162932006
5,4,14,21,9.200695352437886
5,4,0,22,9.237722618452347
5,4,1,22,9.212559955026894
5,4,2,22,9.163363359767388
5,4,3,22,6.57168180966798
5,4,4,22,9.236383176390868
5,4,5,22,9.295923332834565
5,4,6,22,9.169836936862485
5,4,7,22,9.120287078709719
5,4,8,22,9.203521838669836
5,4,9,22,9.035190606137885
5,4,10,22,9.332193405896845
5,4,11,22,8.697113202992876
5,4,12,22,9.112267155278548
5,4,13,22,9.132062603840858
5,4,14,22,8.812093496222216
5,5,0,0,9.270466428745834
5,5,1,0,9.367501631284336
5,5,2,0,9.226395327024324
5,5,3,0,9.406969013430716
5,5,4,0,9.16810466578385
5,5,5,0,9.327307171446368
5,5,6,0,9.139513349624579
5,5,7,0,9.360394123203433
5,5,8,0,9.346330662338659
5,5,9,0,9.270546157554529
5,5,10,0,9.311914293739694
5,5,11,0,9.19814278326566
5,5,12,0,9.33282903708416
5,5,13,0,9.36571588784698
5,5,14,0,9.2580409825371
5,5,0,1,9.363791613580833
5,5,1,1,9.276759257027166
5,5,2,1,9.268830196214662
5,5,3,1,9.414402148503862
5,5,4,1,9.248741995145375
5,5,5,1,9.348084120239742
5,5,6,1,9.254643985455017
5,5,7,1,9.353981192762927
5,5,8,1,9.266019710118876
5,5,9,1,9.215026540551326
5,5,10,1,9.33620980022493
5,5,11,1,9.388621648034283
5,5,12,1,9.311824625738545
5,5,13,1,9.327616560197848
5,5,14,1,9.160895597770622
5,5,0,2,9.417150493970913
5,5,1,2,9.420514749094712
5,5,2,2,9.239577976759668
5,5,3,2,9.394146319955436
5,5,4,2,9.195569253648948
5,5,5,2,9.380778552939592
5,5,6,2,9.45981930089802
5,5,7,2,9.242039831614088
5,5,8,2,9.327633187219286
5,5,9,2,9.312434947118152
5,5,10,2,9.344088750507126
5,5,11,2,9.348260793000923
5,5,12,2,9.262865606360588
5,5,13,2,9.310098604238568
5,5,14,2,9.20385586564702
5,5,0,3,9.39294743793749
5,5,1,3,9.4580544595978
5,5,2,3,9.363546078618075
5,5,3,3,9.499598231985901
5,5,4,3,9.255940298381516
5,5,5,3,9.333068188212419
5,5,6,3,9.452947396359832
5,5,7,3,9.331486936310394
5,5,8,3,9.236478958442936
5,5,9,3,9.452769341825649
5,5,10,3,9.335325760482926
5,5,11,3,9.360072203741238
5,5,12,3,9.330716140984986
5,5,13,3,9.21755604241475
5,5,14,3,9.328895456778177
5,5,0,4,9.288884422349527
5,5,1,4,9.416970010930656
5,5,2,4,9.347045381147627
5,5,3,4,9.372198592255591
5,5,4,4,9.25963647736794
5,5,5,4,9.396868166051497
5,5,6,4,9.484952237118108
5,5,7,4,9.275022577525407
5,5,8,4,9.244033706793102
5,5,9,4,9.32905454056625
5,5,10,4,9.286308213810612
5,5,11,4,9.29064064990434
5,5,12,4,9.2684993134195
5,5,13,4,9.275535097974583
5,5,14,4,9.300404562891925
5,5,0,5,9.287112194835034
5,5,1,5,9.337906508459143
5,5,2,5,9.377141960990059
5,5,3,5,9.37814588632626
5,5,4,5,9.114998216246066
5,5,5,5,9.305885940414312
5,5,6,5,9.386566175401615
5,5,7,5,9.445620388736181
5,5,8,5,9.284556596353397
5,5,9,5,9.355032125987435
5,5,10,5,9.293146099346583
5,5,11,5,9.33009349186805
5,5,12,5,9.345234039412102
5,5,13,5,9.346280755536053
5,5,14,5,9.198969314354366
5,5,0,6,9.364481015923886
5,5,1,6,9.248942871570039
5,5,2,6,9.292256881758806
5,5,3,6,9.338745111741247
5,5,4,6,9.262599375647254
5,5,5,6,9.241595174693666
5,5,6,6,9.361398268956783
5,5,7,6,9.408690859037089
5,5,8,6,9.392098806971564
5,5,9,6,9.38874324366136
5,5,10,6,9.330367207593076
5,5,11,6,9.212043804055995
5,5,12,6,9.289005810617496
5,5,13,6,9.363531097832803
5,5,14,6,9.219204618868924
5,5,0,7,9.33582677059702
5,5,1,7,9.406019005956438
5,5,2,7,9.263973519037012
5,5,3,7,9.181648472611872
5,5,4,7,9.337924870701915
5,5,5,7,9.376918644906308
5,5,6,7,9.343321169440376
5,5,7,7,9.246490210251519
5,5,8,7,9.365426106791682
5,5,9,7,9.281486833996862
5,5,10,7,9.252755381569326
5,5,11,7,9.246469436248745
5,5,12,7,9.31301929995824
5,5,13,7,9.247109532332018
5,5,14,7,9.207368816830737
5,5,0,8,9.322870283748019
5,5,1,8,9.23255432993601
5,5,2,8,9.223693787105306
5,5,3,8,9.27007717072863
5,5,4,8,9.303462469676576
5,5,5,8,9.23613340683911
5,5,6,8,9.361428236406242
5,5,7,8,9.223346568077636
5,5,8,8,9.43089020255288
5,5,9,8,9.303316356171788
5,5,10,8,9.350817065333592
5,5,11,8,9.251443218550532
5,5,12,8,9.247010660315
5,5,13,8,9.29539829694592
5,5,14,8,9.392285870381835
5,5,0,9,9.279887970369881
5,5,1,9,9.234171163772551
5,5,2,9,9.372906653891357
5,5,3,9,9.266416495658353
5,5,4,9,9.305117262048375
5,5,5,9,9.231378061963847
5,5,6,9,9.399867676147014
5,5,7,9,9.254361035546761
5,5,8,9,9.268349829390678
5,5,9,9,9.327008448861834
5,5,10,9,9.309015089338276
5,5,11,9,9.301329475532592
5,5,12,9,9.234667944893406
5,5,13,9,9.297306056538666
5,5,14,9,9.384166189136316
5,5,0,10,9.33722978193462
5,5,1,10,9.192551124195578
5,5,2,10,9.419623282693227
5,5,3,10,9.31295316662785
5,5,4,10,9.293293045903958
5,5,5,10,9.396852956504384
5,5,6,10,9.41333812943564
5,5,7,10,9.23303369197464
5,5,8,10,9.275107847170727
5,5,9,10,9.308424563414235
5,5,10,10,9.384857176025971
5,5,11,10,9.33952214928996
5,5,12,10,9.358036992183875
5,5,13,10,9.360595881076323
5,5,14,10,9.441818914346147
5,5,0,11,9.445377751452439
5,5,1,11,9.19442984086822
5,5,2,11,9.414028085909743
5,5,3,11,9.340254585594971
5,5,4,11,9.360853083655718
5,5,5,11,9.334394111949605
5,5,6,11,9.37718380131631
5,5,7,11,9.168991705426238
5,5,8,11,9.267372655142013
5,5,9,11,9.346590510246465
5,5,10,11,9.361492079754512
5,5,11,11,9.419570150079249
5,5,12,11,9.2776352641915
5,5,13,11,9.436816769095914
5,5,14,11,9.450175394116851
5,5,0,12,9.479368582894855
5,5,1,12,9.170937864843394
5,5,2,12,9.355381103165788
5,5,3,12,9.411522678069213
5,5,4,12,9.26990109292191
5,5,5,12,9.353399507569154
5,5,6,12,9.300584608090732
5,5,7,12,9.22177795962348
5,5,8,12,9.265685872754874
5,5,9,12,9.327199176223397
5,5,10,12,9.421583920454559
5,5,11,12,9.365769405649985
5,5,12,12,9.248933704219223
5,5,13,12,9.359438292740881
5,5,14,12,9.350288183621018
5,5,0,13,9.489420767047394
5,5,1,13,9.234810732020735
5,5,2,13,9.337926498115744
5,5,3,13,9.318546987370175
5,5,4,13,9.231968225282968
5,5,5,13,9.328158483478363
5,5,6,13,9.320488083485468
5,5,7,13,9.32695556826407
5,5,8,13,9.227180384935066
5,5,9,13,9.430778049441388
5,5,10,13,9.359497924075415
5,5,11,13,9.318785961053903
5,5,12,13,9.286696337096076
5,5,13,13,9.276721443636808
5,5,14,13,9.33054451792485
5,5,0,14,9.467918305110977
5,5,1,14,9.283254588273156
5,5,2,14,9.295969258230718
5,5,3,14,9.34017667536038
5,5,4,14,9.258391636806351
5,5,5,14,9.30346803707201
5,5,6,14,9.305036853328279
5,5,7,14,9.334948880267685
5,5,8,14,9.19857543391908
5,5,9,14,9.205131094370522
5,5,10,14,9.335341132874964
5,5,11,14,9.372689510508955
5,5,12,14,9.28487803307912
5,5,13,14,9.30144689547983
5,5,14,14,9.380631542401664
5,5,0,15,9.348823149589021
5,5,1,15,9.300357399835034
5,5,2,15,9.320187781958793
5,5,3,15,9.24610200671233
5,5,4,15,9.307790699305304
5,5,5,15,9.351336942418556
5,5,6,15,9.319866499007238
5,5,7,15,9.32411471381219
5,5,8,15,9.196565840019923
5,5,9,15,9.359603840174975
5,5,10,15,9.287261999265189
5,5,11,15,9.274018106800487
5,5,12,15,9.290455299017928
5,5,13,15,9.284668079973512
5,5,14,15,9.263162492174374
5,5,0,16,9.334873735133863
5,5,1,16,9.282814944742128
5,5,2,16,9.356519316483414
5,5,3,16,9.262605799192544
5,5,4,16,9.385665963435445
5,5,5,16,9.25364821025711
5,5,6,16,9.265245425560193
5,5,7,16,9.359655488810652
5,5,8,16,9.196936790731986
5,5,9,16,9.348806237077833
5,5,10,16,9.25727780015808
5,5,11,16,9.254049765050585
5,5,12,16,9.324668313444475
5,5,13,16,9.3650000899749
5,5,14,16,9.351002545270115
5,5,0,17,9.278096254543765
5,5,1,17,9.336635086668784
5,5,2,17,9.313261358742876
5,5,3,17,9.214015101167435
5,5,4,17,9.338229581236225
5,5,5,17,9.267968711871065
5,5,6,17,9.327489521302228
5,5,7,17,9.346599047480016
5,5,8,17,9.247677132942664
5,5,9,17,9.316762914265915
5,5,10,17,9.260795043687752
5,5,11,17,9.264508529291767
5,5,12,17,9.288675642235761
5,5,13,17,9.34537317036371
5,5,14,17,9.40298431316448
5,5,0,18,9.270978460930989
5,5,1,18,9.276446973308737
5,5,2,18,9.299157480935015
5,5,3,18,9.327280345937263
5,5,4,18,9.323794674092019
5,5,5,18,9.326600118356106
5,5,6,18,9.412287836170611
5,5,7,18,9.192052579556334
5,5,8,18,9.306024224265826
5,5,9,18,9.33097299907065
5,5,10,18,9.324924649172742
5,5,11,18,9.249206020770671
5,5,12,18,9.246281628233522
5,5,13,18,9.387470323121432
5,5,14,18,9.427878434826313
5,5,0,19,9.3799213357954
5,5,1,19,9.471068187052193
5,5,2,19,9.202762717066935
5,5,3,19,9.22894406675818
5,5,4,19,9.223986924850244
5,5,5,19,9.258852205201272
5,5,6,19,9.453832274636556
5,5,7,19,9.248896027279056
5,5,8,19,9.308222136070805
5,5,9,19,9.128044261673473
5,5,10,19,9.255949063691506
5,5,11,19,9.231184951329618
5,5,12,19,9.233245201818834
5,5,13,19,9.233120402330375
5,5,14,19,9.446135945930047
5,5,0,20,9.424261436037282
5,5,1,20,9.348286787007822
5,5,2,20,9.09195776187681
5,5,3,20,9.333152417928934
5,5,4,20,9.242014868699151
5,5,5,20,9.202635028798982
5,5,6,20,9.313079136463209
5,5,7,20,9.256201188507392
5,5,8,20,9.2339104995721
5,5,9,20,9.301040694100461
5,5,10,20,9.332557716556904
5,5,11,20,9.281299129798954
5,5,12,20,9.236407390725878
5,5,13,20,9.111193756393455
5,5,14,20,9.252991533538983
5,5,0,21,9.286456431342874
5,5,1,21,9.372249523077087
5,5,2,21,9.076453169981546
5,5,3,21,9.22274150118771
5,5,4,21,9.218643789534616
5,5,5,21,9.198743759139752
5,5,6,21,9.332618030679058
5,5,7,21,9.238340349419023
5,5,8,21,9.407854162168217
5,5,9,21,9.297907386010914
5,5,10,21,9.275334451501191
5,5,11,21,9.16458559351667
5,5,12,21,9.347155665405966
5,5,13,21,8.375555552535756
5,5,14,21,9.329451891754065
5,5,0,22,9.230409275968519
5,5,1,22,9.189445285777124
5,5,2,22,9.109943245643688
5,5,3,22,8.928807627149977
5,5,4,22,9.059747819996572
5,5,5,22,9.042944618702142
5,5,6,22,9.034942269859068
5,5,7,22,9.208173889744007
5,5,8,22,9.207825643674358
5,5,9,22,9.151730849476742
5,5,10,22,9.174056791826635
5,5,11,22,8.889013542948108
5,5,12,22,9.215670985438948
5,5,13,22,5.845227763089615
5,5,14,22,9.313608525472452
5,6,0,0,9.347684800662838
5,6,1,0,9.45649440219719
5,6,2,0,9.409136295531145
5,6,3,0,9.315547586445186
5,6,4,0,9.071395692690862
5,6,5,0,9.21239297550249
5,6,6,0,9.301638549597987
5,6,7,0,9.237066307016386
5,6,8,0,9.323281694403354
5,6,9,0,9.384143113991385
5,6,10,0,9.149135064688101
5,6,11,0,9.383208050232659
5,6,12,0,9.334597395629988
5,6,13,0,9.437982287688946
5,6,14,0,9.352890955254399
5,6,0,1,9.32888193535897
5,6,1,1,9.387752034670802
5,6,2,1,9.469833549040164
5,6,3,1,9.286893267701755
5,6,4,1,9.253814335632988
5,6,5,1,9.242948341335886
5,6,6,1,9.286102515592031
5,6,7,1,9.187862826588772
5,6,8,1,9.292079846149441
5,6,9,1,9.315697238795057
5,6,10,1,9.105646918614394
5,6,11,1,9.44282911291549
5,6,12,1,9.163862142525979
5,6,13,1,9.446856536198403
5,6,14,1,9.268248586021297
5,6,0,2,9.386456054133092
5,6,1,2,9.405006876836907
5,6,2,2,9.477592392158945
5,6,3,2,9.417916287537048
5,6,4,2,9.242426732404205
5,6,5,2,9.248256719328587
5,6,6,2,9.261722639694247
5,6,7,2,9.303846574103593
5,6,8,2,9.354286928866737
5,6,9,2,9.226995664470666
5,6,10,2,9.304163218009027
5,6,11,2,9.423169715141468
5,6,12,2,9.167232770589612
5,6,13,2,9.30972149841378
5,6,14,2,9.38027008549375
5,6,0,3,9.3933407027099
5,6,1,3,9.316848304945081
5,6,2,3,9.466402694310053
5,6,3,3,9.366060577414098
5,6,4,3,9.311257568072303
5,6,5,3,9.330646718168294
5,6,6,3,9.32853784704729
5,6,7,3,9.186219837628432
5,6,8,3,9.398284458687792
5,6,9,3,9.244479406644087
5,6,10,3,9.30907855607611
5,6,11,3,9.34597108666889
5,6,12,3,9.148566302371876
5,6,13,3,9.287408629556445
5,6,14,3,9.388273377037772
5,6,0,4,9.468293813743687
5,6,1,4,9.234045052245374
5,6,2,4,9.43089198800563
5,6,3,4,9.412913195396627
5,6,4,4,9.317604114162998
5,6,5,4,9.322812815380876
5,6,6,4,9.321527139799214
5,6,7,4,9.273881591028932
5,6,8,4,9.290507038855676
5,6,9,4,9.35209389578339
5,6,10,4,9.218309315342626
5,6,11,4,9.272077421881459
5,6,12,4,9.184189138067962
5,6,13,4,9.246286507292979
5,6,14,4,9.287671692120151
5,6,0,5,9.256360792831634
5,6,1,5,9.241383071218758
5,6,2,5,9.266000668966404
5,6,3,5,9.39636681364021
5,6,4,5,9.243624830050587
5,6,5,5,9.274106565960455
5,6,6,5,9.369075145313527
5,6,7,5,9.343403433906154
5,6,8,5,9.276986961391325
5,6,9,5,9.277008304853153
5,6,10,5,9.335184657995738
5,6,11,5,9.211512464014676
5,6,12,5,9.334885309324132
5,6,13,5,9.241833852745161
5,6,14,5,9.251100290519659
5,6,0,6,9.32443879292163
5,6,1,6,9.178136026601043
5,6,2,6,9.439240236281643
5,6,3,6,9.223325915832545
5,6,4,6,9.261511323763994
5,6,5,6,9.235758598520063
5,6,6,6,9.205494891806978
5,6,7,6,9.26863995617701
5,6,8,6,9.283671091937446
5,6,9,6,9.290138322014364
5,6,10,6,9.363830015423263
5,6,11,6,9.209866051920498
5,6,12,6,9.326000253938766
5,6,13,6,9.235406536415526
5,6,14,6,9.286237507719589
5,6,0,7,9.326453667351174
5,6,1,7,9.207641674057465
5,6,2,7,9.1756428296653
5,6,3,7,9.298706526175318
5,6,4,7,9.331986081271069
5,6,5,7,9.11980119006792
5,6,6,7,9.18190626447922
5,6,7,7,9.431483080572443
5,6,8,7,9.34943647411339
5,6,9,7,9.265561123652738
5,6,10,7,9.21542046100548
5,6,11,7,9.278026963603237
5,6,12,7,9.273993451122436
5,6,13,7,9.274791141557648
5,6,14,7,9.36311039958583
5,6,0,8,9.33938966628302
5,6,1,8,9.139872479292672
5,6,2,8,9.208289810386102
5,6,3,8,9.250208749077402
5,6,4,8,9.244400244288954
5,6,5,8,9.212338581037463
5,6,6,8,9.274349339484143
5,6,7,8,9.301199725236406
5,6,8,8,9.259001131894008
5,6,9,8,9.322847395384294
5,6,10,8,9.375086770374121
5,6,11,8,9.297222674679325
5,6,12,8,9.267860900342699
5,6,13,8,9.321468101856485
5,6,14,8,9.40160255927445
5,6,0,9,9.28939814228532
5,6,1,9,9.280506707882916
5,6,2,9,9.310153436759348
5,6,3,9,9.231198962123003
5,6,4,9,9.291339662705205
5,6,5,9,9.218491914645384
5,6,6,9,9.355041012195402
5,6,7,9,9.274942862351091
5,6,8,9,9.319518301552305
5,6,9,9,9.37762909099651
5,6,10,9,9.317518124724435
5,6,11,9,9.337717329267392
5,6,12,9,9.273374623816247
5,6,13,9,9.377549973342015
5,6,14,9,9.30746156984597
5,6,0,10,9.41193085166073
5,6,1,10,9.310712970574945
5,6,2,10,9.246350660118708
5,6,3,10,9.273861664400718
5,6,4,10,9.356908512900949
5,6,5,10,9.267164103356365
5,6,6,10,9.390440153633145
5,6,7,10,9.234458333168934
5,6,8,10,9.23818356022725
5,6,9,10,9.437923778398124
5,6,10,10,9.287801496844326
5,6,11,10,9.330762807276388
5,6,12,10,9.320744591575735
5,6,13,10,9.388217579187565
5,6,14,10,9.293193406619041
5,6,0,11,9.251308579855095
5,6,1,11,9.284282796305265
5,6,2,11,9.208969551254565
5,6,3,11,9.28595576123052
5,6,4,11,9.321756792291632
5,6,5,11,9.271570264853835
5,6,6,11,9.317510949718379
5,6,7,11,9.31601938961689
5,6,8,11,9.379619792391196
5,6,9,11,9.293271960313088
5,6,10,11,9.278693178547657
5,6,11,11,9.2539338728329
5,6,12,11,9.188234328347146
5,6,13,11,9.308270751356494
5,6,14,11,9.231127844089816
5,6,0,12,9.321122457426439
5,6,1,12,9.199108185269557
5,6,2,12,9.149207741437555
5,6,3,12,9.269232114967224
5,6,4,12,9.355523807578932
5,6,5,12,9.420339155269033
5,6,6,12,9.312242799023146
5,6,7,12,9.385449412821835
5,6,8,12,9.494575076935277
5,6,9,12,9.310603031569702
5,6,10,12,9.218153069215882
5,6,11,12,9.210990325992533
5,6,12,12,9.097811885130414
5,6,13,12,9.276568374080412
5,6,14,12,9.326654823826926
5,6,0,13,9.312477453762993
5,6,1,13,9.297450783010142
5,6,2,13,9.183136504155952
5,6,3,13,9.340248785792438
5,6,4,13,9.399774544064881
5,6,5,13,9.363590735943871
5,6,6,13,9.223942490859658
5,6,7,13,9.362208471895219
5,6,8,13,9.428361192683916
5,6,9,13,9.280917079710235
5,6,10,13,9.345870902304645
5,6,11,13,9.256298836397152
5,6,12,13,9.22366974624709
5,6,13,13,9.319486448962946
5,6,14,13,9.282586514517595
5,6,0,14,9.378074600163256
5,6,1,14,9.299088291188616
5,6,2,14,9.192596926552174
5,6,3,14,9.229974478429636
5,6,4,14,9.342971881932565
5,6,5,14,9.363320210265547
5,6,6,14,9.269890112605202
5,6,7,14,9.263903487902526
5,6,8,14,9.46883372085889
5,6,9,14,9.268592983614136
5,6,10,14,9.271115069704361
5,6,11,14,9.224348419591697
5,6,12,14,9.287566075199218
5,6,13,14,9.35563000957044
5,6,14,14,9.31387291627647
5,6,0,15,9.374244806927432
5,6,1,15,9.292384086079212
5,6,2,15,9.232748286126526
5,6,3,15,9.337247610549905
5,6,4,15,9.369603354125422
5,6,5,15,9.312306572162973
5,6,6,15,9.362067670064597
5,6,7,15,9.394288883925721
5,6,8,15,9.359049747235796
5,6,9,15,9.208679405293323
5,6,10,15,9.194760488214358
5,6,11,15,9.273522266601848
5,6,12,15,9.376935368677234
5,6,13,15,9.25247375016236
5,6,14,15,9.369753408502095
5,6,0,16,9.29797988708184
5,6,1,16,9.348116809890842
5,6,2,16,9.352810650910133
5,6,3,16,9.239331069250845
5,6,4,16,9.327637695340664
5,6,5,16,9.208564641645733
5,6,6,16,9.298862359569927
5,6,7,16,9.369582173145101
5,6,8,16,9.302243578883523
5,6,9,16,9.136562486658455
5,6,10,16,9.170367207462277
5,6,11,16,9.232658959941693
5,6,12,16,9.312553329799007
5,6,13,16,9.312633649331511
5,6,14,16,9.313071054748468
5,6,0,17,9.220623710022487
5,6,1,17,9.253587247757698
5,6,2,17,9.230558943283748
5,6,3,17,9.31880729970442
5,6,4,17,9.391202797543347
5,6,5,17,9.284991025285025
5,6,6,17,9.34222913312654
5,6,7,17,9.427071052891261
5,6,8,17,9.352480043586217
5,6,9,17,9.253547123017343
5,6,10,17,9.263644378741821
5,6,11,17,9.171635725316465
5,6,12,17,9.191118717283114
5,6,13,17,9.26079825052893
5,6,14,17,9.318487021738164
5,6,0,18,9.094321850444244
5,6,1,18,9.370496919543807
5,6,2,18,9.242793044834288
5,6,3,18,9.275533699929293
5,6,4,18,9.413936210461976
5,6,5,18,9.254210952298942
5,6,6,18,9.292827565982982
5,6,7,18,9.441823267563876
5,6,8,18,9.305867565180614
5,6,9,18,9.20690360021774
5,6,10,18,9.277227747606219
5,6,11,18,9.316657801799487
5,6,12,18,9.354362005438915
5,6,13,18,9.313735069548827
5,6,14,18,9.27499390905705
5,6,0,19,9.195141045467107
5,6,1,19,9.397132291413945
5,6,2,19,9.189909129557885
5,6,3,19,9.189109830355726
5,6,4,19,9.301503998157747
5,6,5,19,9.25609551238794
5,6,6,19,9.33164840522087
5,6,7,19,9.32953154067884
5,6,8,19,9.266835213288084
5,6,9,19,9.226369689984432
5,6,10,19,9.30585586200628
5,6,11,19,9.347849310988257
5,6,12,19,9.32792998975035
5,6,13,19,9.405218241346434
5,6,14,19,9.322048405178226
5,6,0,20,9.364508456505904
5,6,1,20,9.316072232471264
5,6,2,20,9.232746096795236
5,6,3,20,9.25317930276911
5,6,4,20,9.01455768288596
5,6,5,20,9.301705384391381
5,6,6,20,9.309409142846151
5,6,7,20,9.42357627222744
5,6,8,20,9.350046803060508
5,6,9,20,9.254644943961734
5,6,10,20,9.412185277939251
5,6,11,20,9.381269481233483
5,6,12,20,9.229718997039548
5,6,13,20,9.352853927280389
5,6,14,20,9.154961150572037
5,6,0,21,9.365571562212622
5,6,1,21,9.25230695066284
5,6,2,21,9.252583057957679
5,6,3,21,8.955840409651683
5,6,4,21,8.956654088139963
5,6,5,21,9.233981011784085
5,6,6,21,9.25336239358518
5,6,7,21,9.324522738615114
5,6,8,21,9.316440066759524
5,6,9,21,9.306373920814934
5,6,10,21,9.269890888756136
5,6,11,21,9.262958014587355
5,6,12,21,9.290979400863435
5,6,13,21,9.294182410517765
5,6,14,21,8.652110222310379
5,6,0,22,9.186108496583618
5,6,1,22,8.908155321287284
5,6,2,22,9.113761805191691
5,6,3,22,8.015658345365143
5,6,4,22,8.389590688691397
5,6,5,22,9.00379142210294
5,6,6,22,8.962358564137677
5,6,7,22,9.17287672510353
5,6,8,22,9.182960869554474
5,6,9,22,9.08809440280297
5,6,10,22,9.199075482101879
5,6,11,22,8.992024241405225
5,6,12,22,9.22733234498699
5,6,13,22,9.338646969758804
5,6,14,22,6.942845361335786
5,7,0,0,9.311147469264736
5,7,1,0,9.25571151335945
5,7,2,0,9.356348836966832
5,7,3,0,9.256544886749225
5,7,4,0,9.250148229026644
5,7,5,0,9.334284190853822
5,7,6,0,9.256295010762225
5,7,7,0,9.332244399496142
5,7,8,0,9.255014180680314
5,7,9,0,9.276591251180532
5,7,10,0,9.300083978786137
5,7,11,0,9.288923867754741
5,7,12,0,9.262774653854125
5,7,13,0,9.327866675426765
5,7,14,0,9.237131391928095
5,7,0,1,9.115552683654363
5,7,1,1,9.243394199092277
5,7,2,1,9.243544026396307
5,7,3,1,9.130728418131891
5,7,4,1,9.30300963127029
5,7,5,1,9.352828129577155
5,7,6,1,9.361603359132394
5,7,7,1,9.39540704116983
5,7,8,1,9.332901688916536
5,7,9,1,9.192909168230361
5,7,10,1,9.348214174269097
5,7,11,1,9.315014331651172
5,7,12,1,9.31863912405843
5,7,13,1,9.381952619599605
5,7,14,1,9.297112315601348
5,7,0,2,9.06969602435818
5,7,1,2,9.371828036719073
5,7,2,2,9.333009323108403
5,7,3,2,9.164597177679804
5,7,4,2,9.384292107807923
5,7,5,2,9.339325817515807
5,7,6,2,9.340914646572678
5,7,7,2,9.313112795139148
5,7,8,2,9.17109906476198
5,7,9,2,9.325881350548435
5,7,10,2,9.392610386500928
5,7,11,2,9.405348253398154
5,7,12,2,9.386414626148907
5,7,13,2,9.387244686704229
5,7,14,2,9.30885491779877
5,7,0,3,9.134376185492279
5,7,1,3,9.346314429428313
5,7,2,3,9.301934865311981
5,7,3,3,9.21598334606439
5,7,4,3,9.30855881529493
5,7,5,3,9.257280314166987
5,7,6,3,9.150117418645591
5,7,7,3,9.365465458884504
5,7,8,3,9.3756782014793
5,7,9,3,9.25581104774051
5,7,10,3,9.323156089966055
5,7,11,3,9.360082068463758
5,7,12,3,9.413218819330996
5,7,13,3,9.28128659301201
5,7,14,3,9.245676942854558
5,7,0,4,9.260469097932729
5,7,1,4,9.450625050493372
5,7,2,4,9.293813942872985
5,7,3,4,9.202553035421248
5,7,4,4,9.351387346269172
5,7,5,4,9.236579949699392
5,7,6,4,9.347568180022275
5,7,7,4,9.395504402223528
5,7,8,4,9.311027360723543
5,7,9,4,9.245990203228692
5,7,10,4,9.384430277783645
5,7,11,4,9.287864880347096
5,7,12,4,9.36486616703384
5,7,13,4,9.180076702443015
5,7,14,4,9.308310787374985
5,7,0,5,9.352933224597477
5,7,1,5,9.405737771204521
5,7,2,5,9.350842858724286
5,7,3,5,9.26116365132603
5,7,4,5,9.28132478758733
5,7,5,5,9.408430712903256
5,7,6,5,9.336705882737855
5,7,7,5,9.310000829319991
5,7,8,5,9.225647032930732
5,7,9,5,9.270793712478964
5,7,10,5,9.49011740101122
5,7,11,5,9.371556056468823
5,7,12,5,9.30623815777986
5,7,13,5,9.19491262136304
5,7,14,5,9.444681514613096
5,7,0,6,9.30618981763216
5,7,1,6,9.387966273804622
5,7,2,6,9.221411671701835
5,7,3,6,9.207379678483967
5,7,4,6,9.317381328057369
5,7,5,6,9.309286793127523
5,7,6,6,9.339371338999868
5,7,7,6,9.274879027021514
5,7,8,6,9.254121100719715
5,7,9,6,9.217038016514406
5,7,10,6,9.360057261573589
5,7,11,6,9.42943069327031
5,7,12,6,9.30070681325018
5,7,13,6,9.344028778576552
5,7,14,6,9.386243884919477
5,7,0,7,9.337847884597867
5,7,1,7,9.386554759500331
5,7,2,7,9.120144086201133
5,7,3,7,9.290394604429974
5,7,4,7,9.435390421023515
5,7,5,7,9.389485798314723
5,7,6,7,9.33046238551556
5,7,7,7,9.264806107091198
5,7,8,7,9.285453142667244
5,7,9,7,9.276988091357795
5,7,10,7,9.363245763632658
5,7,11,7,9.284028412815244
5,7,12,7,9.370583870140544
5,7,13,7,9.345560063020848
5,7,14,7,9.390176921781483
5,7,0,8,9.34620366035528
5,7,1,8,9.394264169050908
5,7,2,8,9.114347762165766
5,7,3,8,9.2707502250015
5,7,4,8,9.31519811094651
5,7,5,8,9.232192854488119
5,7,6,8,9.294468686713351
5,7,7,8,9.241501759607175
5,7,8,8,9.347395864217248
5,7,9,8,9.358283158193062
5,7,10,8,9.281650165469665
5,7,11,8,9.285376033769868
5,7,12,8,9.35229210611357
5,7,13,8,9.2622942653075
5,7,14,8,9.381736183798484
5,7,0,9,9.19951451058968
5,7,1,9,9.287858495382565
5,7,2,9,9.250963896020602
5,7,3,9,9.362028896088193
5,7,4,9,9.301520277840016
5,7,5,9,9.14133908017222
5,7,6,9,9.411235125896813
5,7,7,9,9.234182299265642
5,7,8,9,9.323118761204457
5,7,9,9,9.191649880790024
5,7,10,9,9.217100961207352
5,7,11,9,9.296632357690715
5,7,12,9,9.291631653067695
5,7,13,9,9.29979407563004
5,7,14,9,9.263966535913493
5,7,0,10,9.40765351656011
5,7,1,10,9.292980420930345
5,7,2,10,9.173815239266771
5,7,3,10,9.35683667308267
5,7,4,10,9.158840377662587
5,7,5,10,9.181763597735603
5,7,6,10,9.402832982505311
5,7,7,10,9.328797498496714
5,7,8,10,9.298795311106423
5,7,9,10,9.303528377484971
5,7,10,10,9.383609248435633
5,7,11,10,9.288624041264777
5,7,12,10,9.311751123730813
5,7,13,10,9.247866950319478
5,7,14,10,9.392627112408684
5,7,0,11,9.281307407728828
5,7,1,11,9.28009018169404
5,7,2,11,9.264636963024138
5,7,3,11,9.301484958408198
5,7,4,11,9.13758264238236
5,7,5,11,9.223372622557166
5,7,6,11,9.32471884515849
5,7,7,11,9.31419996187258
5,7,8,11,9.234948981205807
5,7,9,11,9.306927338663868
5,7,10,11,9.402949801815934
5,7,11,11,9.324747052785249
5,7,12,11,9.30259064366169
5,7,13,11,9.331635054907252
5,7,14,11,9.19375791171602
5,7,0,12,9.33896003598295
5,7,1,12,9.170119927036913
5,7,2,12,9.345979022403377
5,7,3,12,9.340356314113407
5,7,4,12,9.20738563772086
5,7,5,12,9.240662719919044
5,7,6,12,9.281166652595854
5,7,7,12,9.368584671305426
5,7,8,12,9.31458605303015
5,7,9,12,9.343765689054106
5,7,10,12,9.38957895201218
5,7,11,12,9.395150507373002
5,7,12,12,9.314123300367878
5,7,13,12,9.203507881470996
5,7,14,12,9.292718254933671
5,7,0,13,9.301322478427878
5,7,1,13,9.174858965370525
5,7,2,13,9.232656128163782
5,7,3,13,9.317227795046236
5,7,4,13,9.308616545146393
5,7,5,13,9.289980793452193
5,7,6,13,9.217158845218941
5,7,7,13,9.213926015043171
5,7,8,13,9.325978003912684
5,7,9,13,9.318515319823945
5,7,10,13,9.467868627560296
5,7,11,13,9.425789072189419
5,7,12,13,9.298752224513597
5,7,13,13,9.195260327557541
5,7,14,13,9.400491499076999
5,7,0,14,9.248327346591168
5,7,1,14,9.255617893525953
5,7,2,14,9.283637424241185
5,7,3,14,9.337770679566015
5,7,4,14,9.411910358770033
5,7,5,14,9.365651924771512
5,7,6,14,9.163718322812757
5,7,7,14,9.134228069914142
5,7,8,14,9.256746299490352
5,7,9,14,9.355148523505244
5,7,10,14,9.431869133131672
5,7,11,14,9.252531494283767
5,7,12,14,9.357447002930146
5,7,13,14,9.29526094747263
5,7,14,14,9.400617749985106
5,7,0,15,9.33952326413138
5,7,1,15,9.319328277853778
5,7,2,15,9.37639631346321
5,7,3,15,9.37837585258993
5,7,4,15,9.259538651146235
5,7,5,15,9.412974816629559
5,7,6,15,9.227506265946356
5,7,7,15,9.309353875709293
5,7,8,15,9.387878221273146
5,7,9,15,9.358727593868784
5,7,10,15,9.426109447722988
5,7,11,15,9.160053719650012
5,7,12,15,9.313922372615753
5,7,13,15,9.35907280345937
5,7,14,15,9.320102163268261
5,7,0,16,9.359042570138257
5,7,1,16,9.26868115163246
5,7,2,16,9.395862892673243
5,7,3,16,9.308349523242063
5,7,4,16,9.33559045172961
5,7,5,16,9.251958596353331
5,7,6,16,9.19704517771845
5,7,7,16,9.108117987461354
5,7,8,16,9.273268680013812
5,7,9,16,9.268544486945258
5,7,10,16,9.309351233149469
5,7,11,16,9.243169823980889
5,7,12,16,9.314863602122593
5,7,13,16,9.417197613192233
5,7,14,16,9.312257212389632
5,7,0,17,9.359483808250143
5,7,1,17,9.4308186527385
5,7,2,17,9.376412781666719
5,7,3,17,9.252660725453358
5,7,4,17,9.254595366214346
5,7,5,17,9.304685885935886
5,7,6,17,9.221501483460257
5,7,7,17,9.188775855177441
5,7,8,17,9.29726311479867
5,7,9,17,9.363393166936072
5,7,10,17,9.287542209448121
5,7,11,17,9.248948978992424
5,7,12,17,9.212901079338817
5,7,13,17,9.376113905032572
5,7,14,17,9.211887817904849
5,7,0,18,9.22615425082633
5,7,1,18,9.40541848572631
5,7,2,18,9.295482317669883
5,7,3,18,9.244487337107074
5,7,4,18,9.25525247766318
5,7,5,18,9.377961231222752
5,7,6,18,9.248552033919456
5,7,7,18,9.345007151966794
5,7,8,18,9.287510322115908
5,7,9,18,9.157216922136287
5,7,10,18,9.32482009333319
5,7,11,18,9.26477687193042
5,7,12,18,9.27068688134053
5,7,13,18,9.380685462302909
5,7,14,18,9.391489717009371
5,7,0,19,9.32522487968749
5,7,1,19,9.36354007061866
5,7,2,19,9.319781789457311
5,7,3,19,9.39232487496216
5,7,4,19,9.241759961880353
5,7,5,19,9.280717627427695
5,7,6,19,9.303117192587953
5,7,7,19,9.348735442388158
5,7,8,19,9.261058364110449
5,7,9,19,9.319319156560514
5,7,10,19,9.299081313512083
5,7,11,19,9.312152977058131
5,7,12,19,9.303589978281847
5,7,13,19,9.348873899181939
5,7,14,19,9.247103906990073
5,7,0,20,9.253399789620042
5,7,1,20,9.433165580419676
5,7,2,20,9.324882975450972
5,7,3,20,9.40182741652662
5,7,4,20,9.19440742017708
5,7,5,20,9.256149781539083
5,7,6,20,9.354145308666649
5,7,7,20,9.206479807597178
5,7,8,20,9.154683477394252
5,7,9,20,9.325980545025981
5,7,10,20,9.254975885505637
5,7,11,20,9.398039759071972
5,7,12,20,9.190537587096275
5,7,13,20,9.233040476998175
5,7,14,20,9.224304679261653
5,7,0,21,9.169299304933654
5,7,1,21,9.41347860559716
5,7,2,21,9.270029647687823
5,7,3,21,9.262334944704639
5,7,4,21,9.214669368794192
5,7,5,21,9.04262305306437
5,7,6,21,9.312730088202633
5,7,7,21,9.237413978450139
5,7,8,21,8.608657102853499
5,7,9,21,9.27466150378326
5,7,10,21,9.20209260331013
5,7,11,21,9.206984705060872
5,7,12,21,9.084479872699514
5,7,13,21,9.256006577733705
5,7,14,21,9.246972155856929
5,7,0,22,8.896706819552957
5,7,1,22,9.231659067866216
5,7,2,22,9.107424388176884
5,7,3,22,8.946181264050136
5,7,4,22,9.20781511079839
5,7,5,22,8.14331501433423
5,7,6,22,9.03952996174781
5,7,7,22,9.160327895035236
5,7,8,22,6.376158365230355
5,7,9,22,9.175329269661127
5,7,10,22,8.913944330879165
5,7,11,22,8.315085865801814
5,7,12,22,8.856124495255878
5,7,13,22,9.169668616271846
5,7,14,22,8.847885693343168
5,8,0,0,9.340125848963318
5,8,1,0,9.381871695645128
5,8,2,0,9.292062306234092
5,8,3,0,9.364206975975883
5,8,4,0,9.3007725256707
5,8,5,0,9.219341233938744
5,8,6,0,9.269874657621555
5,8,7,0,9.249073438535055
5,8,8,0,9.25837692212519
5,8,9,0,9.302196526465519
5,8,10,0,9.242801568168566
5,8,11,0,9.384467189332126
5,8,12,0,9.234157116868884
5,8,13,0,9.293303852382284
5,8,14,0,9.423752837936927
5,8,0,1,9.461806753177347
5,8,1,1,9.386991976722571
5,8,2,1,9.272060988811758
5,8,3,1,9.332236913815928
5,8,4,1,9.24455142316399
5,8,5,1,9.388487893402557
5,8,6,1,9.317173144907985
5,8,7,1,9.147515157856908
5,8,8,1,9.456319892463544
5,8,9,1,9.267980814160834
5,8,10,1,9.2681967658133
5,8,11,1,9.408474253991665
5,8,12,1,9.308013163586898
5,8,13,1,9.319658904441205
5,8,14,1,9.19336920208489
5,8,0,2,9.282099801530324
5,8,1,2,9.242587076598566
5,8,2,2,9.366256189099138
5,8,3,2,9.348267072716443
5,8,4,2,9.177497614866475
5,8,5,2,9.331558904973601
5,8,6,2,9.267591957426111
5,8,7,2,9.33044363849516
5,8,8,2,9.373031266659982
5,8,9,2,9.251336274343302
5,8,10,2,9.290403144354483
5,8,11,2,9.381160942876907
5,8,12,2,9.198515069299328
5,8,13,2,9.231695500054418
5,8,14,2,9.357012854760336
5,8,0,3,9.350611008645522
5,8,1,3,9.22269826758656
5,8,2,3,9.308565109131408
5,8,3,3,9.286513362833032
5,8,4,3,9.314134632463615
5,8,5,3,9.357749018437227
5,8,6,3,9.184101137163026
5,8,7,3,9.218521826492823
5,8,8,3,9.344807511795294
5,8,9,3,9.222124228012131
5,8,10,3,9.312366271426495
5,8,11,3,9.358808597097203
5,8,12,3,9.25622654450825
5,8,13,3,9.297609281023766
5,8,14,3,9.301374139279162
5,8,0,4,9.123809268390634
5,8,1,4,9.28232244055812
5,8,2,4,9.315438989130946
5,8,3,4,9.209838229107117
5,8,4,4,9.340373914104763
5,8,5,4,9.373115435158955
5,8,6,4,9.290236880829298
5,8,7,4,9.35860345388036
5,8,8,4,9.435840499118674
5,8,9,4,9.303831339129546
5,8,10,4,9.329718368707603
5,8,11,4,9.361508346065115
5,8,12,4,9.287196536670233
5,8,13,4,9.286463499181437
5,8,14,4,9.377553673347192
5,8,0,5,9.20293575249236
5,8,1,5,9.143712376928146
5,8,2,5,9.462096597612978
5,8,3,5,9.307486992570537
5,8,4,5,9.221966828092613
5,8,5,5,9.21468421716669
5,8,6,5,9.286974570541929
5,8,7,5,9.30243515854312
5,8,8,5,9.268845263429501
5,8,9,5,9.227033442037538
5,8,10,5,9.32261980193298
5,8,11,5,9.10029117702508
5,8,12,5,9.263463196245363
5,8,13,5,9.36394754435825
5,8,14,5,9.267428392153395
5,8,0,6,9.13702455773158
5,8,1,6,9.17666109624047
5,8,2,6,9.403290227406028
5,8,3,6,9.290094467469885
5,8,4,6,9.399875779402574
5,8,5,6,9.290036529065045
5,8,6,6,9.313452858403503
5,8,7,6,9.26773425088458
5,8,8,6,9.272688338593866
5,8,9,6,9.298968153492467
5,8,10,6,9.283232048541516
5,8,11,6,9.357623243600377
5,8,12,6,9.351533562047555
5,8,13,6,9.156990982049786
5,8,14,6,9.117690731792772
5,8,0,7,9.117670982637332
5,8,1,7,9.267389085779731
5,8,2,7,9.39799705416813
5,8,3,7,9.362747167610257
5,8,4,7,9.311880584611007
5,8,5,7,9.367292066674137
5,8,6,7,9.284443072496794
5,8,7,7,9.1714699974364
5,8,8,7,9.365892919494472
5,8,9,7,9.270608149013572
5,8,10,7,9.355180024812848
5,8,11,7,9.26106808043009
5,8,12,7,9.345452363644402
5,8,13,7,9.305968291039552
5,8,14,7,9.211750832493662
5,8,0,8,9.208755930700285
5,8,1,8,9.193961124570615
5,8,2,8,9.24993796838768
5,8,3,8,9.215841223407988
5,8,4,8,9.230864372562898
5,8,5,8,9.325340275084272
5,8,6,8,9.331747129333
5,8,7,8,9.252008619072104
5,8,8,8,9.370846924588657
5,8,9,8,9.344054612798312
5,8,10,8,9.22253927141563
5,8,11,8,9.21023968796289
5,8,12,8,9.342932717901867
5,8,13,8,9.382721751781913
5,8,14,8,9.194982168718822
5,8,0,9,9.239118793892445
5,8,1,9,9.28296208042796
5,8,2,9,9.22174282475863
5,8,3,9,9.226937682587645
5,8,4,9,9.324215393277933
5,8,5,9,9.39622302995709
5,8,6,9,9.374297954991968
5,8,7,9,9.261347519413464
5,8,8,9,9.343489557276056
5,8,9,9,9.331972557154826
5,8,10,9,9.225587598639324
5,8,11,9,9.310073516347364
5,8,12,9,9.226511878562322
5,8,13,9,9.215216835017925
5,8,14,9,9.236716004537419
5,8,0,10,9.259285690043727
5,8,1,10,9.154762058511599
5,8,2,10,9.175375112432445
5,8,3,10,9.213457653448684
5,8,4,10,9.353975487476244
5,8,5,10,9.29050175275605
5,8,6,10,9.457412272742747
5,8,7,10,9.270290463953195
5,8,8,10,9.381475287227119
5,8,9,10,9.293241327604676
5,8,10,10,9.250736327926466
5,8,11,10,9.27854577209679
5,8,12,10,9.243840632527505
5,8,13,10,9.29250346043256
5,8,14,10,9.188715023277542
5,8,0,11,9.314188027094783
5,8,1,11,9.299402659927184
5,8,2,11,9.236764857482484
5,8,3,11,9.17568057273406
5,8,4,11,9.336621446326523
5,8,5,11,9.293331483978646
5,8,6,11,9.404683468811516
5,8,7,11,9.165619338051613
5,8,8,11,9.308004506089516
5,8,9,11,9.387135255982
5,8,10,11,9.324186472296764
5,8,11,11,9.28810577922813
5,8,12,11,9.314220962650747
5,8,13,11,9.28360608739119
5,8,14,11,9.024306486426918
5,8,0,12,9.35130638159712
5,8,1,12,9.307380843047712
5,8,2,12,9.284635090485423
5,8,3,12,9.295619216861732
5,8,4,12,9.375636496053167
5,8,5,12,9.246587238215929
5,8,6,12,9.420843415251646
5,8,7,12,9.2356009990014
5,8,8,12,9.319505871998134
5,8,9,12,9.38549713993834
5,8,10,12,9.411228197322977
5,8,11,12,9.253395547653907
5,8,12,12,9.30741135077734
5,8,13,12,9.217327293849994
5,8,14,12,9.277413815016317
5,8,0,13,9.256500586719884
5,8,1,13,9.375784520706997
5,8,2,13,9.302234667252613
5,8,3,13,9.321623645393151
5,8,4,13,9.43415890567664
5,8,5,13,9.36437110833703
5,8,6,13,9.410695746870497
5,8,7,13,9.290367148520994
5,8,8,13,9.237306446863794
5,8,9,13,9.322509501333192
5,8,10,13,9.471976862009248
5,8,11,13,9.290447362420052
5,8,12,13,9.233258841030318
5,8,13,13,9.317436126514979
5,8,14,13,9.234059045850323
5,8,0,14,9.242967267802502
5,8,1,14,9.337000521650712
5,8,2,14,9.276009210034948
5,8,3,14,9.340483297366422
5,8,4,14,9.474481116032289
5,8,5,14,9.283826368456234
5,8,6,14,9.386900949368135
5,8,7,14,9.327824539866894
5,8,8,14,9.271002931789388
5,8,9,14,9.236636420748122
5,8,10,14,9.408034846917603
5,8,11,14,9.28629140396201
5,8,12,14,9.300524519649764
5,8,13,14,9.341919270139774
5,8,14,14,9.300464412268942
5,8,0,15,9.20114405086433
5,8,1,15,9.39490265317844
5,8,2,15,9.190562306582127
5,8,3,15,9.430525060524959
5,8,4,15,9.427177647860187
5,8,5,15,9.296177206149071
5,8,6,15,9.173631723834104
5,8,7,15,9.399252542196539
5,8,8,15,9.191488337580179
5,8,9,15,9.345875999407657
5,8,10,15,9.317585400100413
5,8,11,15,9.369061400756618
5,8,12,15,9.391042406982839
5,8,13,15,9.326746630663807
5,8,14,15,9.28799015602701
5,8,0,16,9.283906491799609
5,8,1,16,9.300672806645615
5,8,2,16,9.135252698546351
5,8,3,16,9.428124433000288
5,8,4,16,9.418718543930149
5,8,5,16,9.241612699919312
5,8,6,16,9.270308985158623
5,8,7,16,9.264222786339602
5,8,8,16,9.24191018802241
5,8,9,16,9.438379564064737
5,8,10,16,9.359690049937972
5,8,11,16,9.315161434037913
5,8,12,16,9.240952273697511
5,8,13,16,9.210593631583103
5,8,14,16,9.33664898627201
5,8,0,17,9.29214093010269
5,8,1,17,9.263720140998467
5,8,2,17,9.19213048214386
5,8,3,17,9.53419540756786
5,8,4,17,9.399708095726973
5,8,5,17,9.192949738123207
5,8,6,17,9.283625536856892
5,8,7,17,9.280690145406815
5,8,8,17,9.213172215618325
5,8,9,17,9.373806504310828
5,8,10,17,9.38653135715104
5,8,11,17,9.305940932866172
5,8,12,17,9.287486371020309
5,8,13,17,9.19006339352302
5,8,14,17,9.29344865849344
5,8,0,18,9.249780273446659
5,8,1,18,9.211338679210801
5,8,2,18,9.333546045748873
5,8,3,18,9.403168671335834
5,8,4,18,9.233724141557238
5,8,5,18,9.336389947437672
5,8,6,18,9.386668622258389
5,8,7,18,9.141272843398216
5,8,8,18,9.299402597072836
5,8,9,18,9.223024589036871
5,8,10,18,9.282643962390862
5,8,11,18,9.240337954019493
5,8,12,18,9.212931928658678
5,8,13,18,9.238480866347313
5,8,14,18,9.338315865321883
5,8,0,19,9.196451664968631
5,8,1,19,9.14558918077385
5,8,2,19,9.434781196187185
5,8,3,19,9.340421606025258
5,8,4,19,9.29150108794932
5,8,5,19,9.382798375917915
5,8,6,19,9.3255741533221
5,8,7,19,9.183290691527898
5,8,8,19,9.282499813323023
5,8,9,19,9.255849870769634
5,8,10,19,9.26405254011319
5,8,11,19,9.151369841849585
5,8,12,19,9.294059016553247
5,8,13,19,9.244837938037799
5,8,14,19,9.197453203953039
5,8,0,20,9.305235904141394
5,8,1,20,9.099758960584
5,8,2,20,9.258314049491515
5,8,3,20,9.428655936191847
5,8,4,20,9.1989762328498
5,8,5,20,9.311692293700256
5,8,6,20,9.332593819210894
5,8,7,20,9.167884539940376
5,8,8,20,9.230703168989693
5,8,9,20,9.248183202549699
5,8,10,20,9.112605359252035
5,8,11,20,9.289341997678243
5,8,12,20,9.272907044947162
5,8,13,20,9.193662775229972
5,8,14,20,9.229493105920632
5,8,0,21,9.092487276283457
5,8,1,21,8.902092279115971
5,8,2,21,9.332072651824333
5,8,3,21,9.172216466864837
5,8,4,21,9.206767817416027
5,8,5,21,9.215442342428824
5,8,6,21,9.295417499617495
5,8,7,21,9.227676019956352
5,8,8,21,9.065873980578687
5,8,9,21,9.018727280190348
5,8,10,21,9.047473082923112
5,8,11,21,9.053440402426235
5,8,12,21,9.140692280661114
5,8,13,21,9.259697182266727
5,8,14,21,9.260855611186948
5,8,0,22,9.220306194134649
5,8,1,22,8.022355092193456
5,8,2,22,9.188549308886733
5,8,3,22,8.301452678941592
5,8,4,22,9.020443270144964
5,8,5,22,8.899171856140606
5,8,6,22,8.735225175750452
5,8,7,22,9.212034217336594
5,8,8,22,8.292253758118981
5,8,9,22,8.166247265905037
5,8,10,22,8.10321830619248
5,8,11,22,8.672430523530773
5,8,12,22,8.863209232088385
5,8,13,22,8.966690044501775
5,8,14,22,9.06809887450071
5,9,0,0,9.410461494328178
5,9,1,0,9.373173506323239
5,9,2,0,9.319193872100266
5,9,3,0,9.267089667711705
5,9,4,0,9.220365352852617
5,9,5,0,9.263378521146876
5,9,6,0,9.253013179406237
5,9,7,0,9.167555801671408
5,9,8,0,9.275724757341072
5,9,9,0,9.305431981580645
5,9,10,0,9.304909026467389
5,9,11,0,9.329984211734422
5,9,12,0,9.275466244272833
5,9,13,0,9.404245322508777
5,9,14,0,9.357707663619012
5,9,0,1,9.282309295684675
5,9,1,1,9.332816283863218
5,9,2,1,9.240787419400514
5,9,3,1,9.245850039256926
5,9,4,1,9.327552288625716
5,9,5,1,9.341509997851261
5,9,6,1,9.206379322854156
5,9,7,1,9.203675971840632
5,9,8,1,9.244685001576535
5,9,9,1,9.279695437559553
5,9,10,1,9.320854165583048
5,9,11,1,9.38816173646649
5,9,12,1,9.31715148751703
5,9,13,1,9.273323514587988
5,9,14,1,9.268440969058972
5,9,0,2,9.382968320174436
5,9,1,2,9.348786526071708
5,9,2,2,9.319562048176754
5,9,3,2,9.213552627335046
5,9,4,2,9.311644006460167
5,9,5,2,9.262092037059316
5,9,6,2,9.327620332090113
5,9,7,2,9.175537550288146
5,9,8,2,9.240589379419843
5,9,9,2,9.300725888940004
5,9,10,2,9.368502919716848
5,9,11,2,9.20170321603
5,9,12,2,9.347636485440518
5,9,13,2,9.24710151515277
5,9,14,2,9.244782642748
5,9,0,3,9.264643038092538
5,9,1,3,9.417907866618197
5,9,2,3,9.419845387758551
5,9,3,3,9.31130757614679
5,9,4,3,9.370464761891478
5,9,5,3,9.286399778713655
5,9,6,3,9.169028924370052
5,9,7,3,9.378492108340689
5,9,8,3,9.211671980475172
5,9,9,3,9.303939055903056
5,9,10,3,9.282917069104021
5,9,11,3,9.194385307743785
5,9,12,3,9.156127390084432
5,9,13,3,9.290308528814059
5,9,14,3,9.334991365922132
5,9,0,4,9.334403856454568
5,9,1,4,9.336823497899024
5,9,2,4,9.281920878594265
5,9,3,4,9.456433926079642
5,9,4,4,9.304030305470354
5,9,5,4,9.347662005782215
5,9,6,4,9.219025930183033
5,9,7,4,9.318912777302783
5,9,8,4,9.235331774450035
5,9,9,4,9.355691165026863
5,9,10,4,9.240889366134116
5,9,11,4,9.218531338868821
5,9,12,4,9.297410614652257
5,9,13,4,9.275223234011394
5,9,14,4,9.340269439191676
5,9,0,5,9.129958617526762
5,9,1,5,9.362330536850754
5,9,2,5,9.216925973593671
5,9,3,5,9.267412172741025
5,9,4,5,9.230990352406067
5,9,5,5,9.318105675152937
5,9,6,5,9.260641155850996
5,9,7,5,9.295297388881217
5,9,8,5,9.267974728776867
5,9,9,5,9.303993294754397
5,9,10,5,9.143869197688447
5,9,11,5,9.333231962025362
5,9,12,5,9.372613764672604
5,9,13,5,9.322889042727615
5,9,14,5,9.41515691557609
5,9,0,6,9.322893202106473
5,9,1,6,9.369914674462803
5,9,2,6,9.34206678437227
5,9,3,6,9.319026091562067
5,9,4,6,9.33272014029325
5,9,5,6,9.423783923285145
5,9,6,6,9.241205673818785
5,9,7,6,9.276853937897577
5,9,8,6,9.261559979360522
5,9,9,6,9.292124872897913
5,9,10,6,9.198415376921071
5,9,11,6,9.266580963641005
5,9,12,6,9.168786928031455
5,9,13,6,9.308872093940492
5,9,14,6,9.390080609115689
5,9,0,7,9.352836846000256
5,9,1,7,9.229769992866377
5,9,2,7,9.27247417959689
5,9,3,7,9.209354414946208
5,9,4,7,9.20889539244338
5,9,5,7,9.325184681685641
5,9,6,7,9.336488829842809
5,9,7,7,9.376930488663549
5,9,8,7,9.404810715608093
5,9,9,7,9.204292746054024
5,9,10,7,9.253632600017333
5,9,11,7,9.321654204059238
5,9,12,7,9.309977649213437
5,9,13,7,9.33045089955267
5,9,14,7,9.353307498586657
5,9,0,8,9.365987808615483
5,9,1,8,9.391770380768843
5,9,2,8,9.189878963019652
5,9,3,8,9.189758701313828
5,9,4,8,9.287591350321915
5,9,5,8,9.258233074287883
5,9,6,8,9.363354208322908
5,9,7,8,9.402133716149704
5,9,8,8,9.3739429696518
5,9,9,8,9.213210169174536
5,9,10,8,9.317947724456616
5,9,11,8,9.246014932879275
5,9,12,8,9.23270744430709
5,9,13,8,9.359987393691352
5,9,14,8,9.416994020779079
5,9,0,9,9.311004326827165
5,9,1,9,9.372042931084493
5,9,2,9,9.335315479787763
5,9,3,9,9.310909825853955
5,9,4,9,9.217790987189572
5,9,5,9,9.309817400731186
5,9,6,9,9.361836847746904
5,9,7,9,9.223486644040076
5,9,8,9,9.355818071528732
5,9,9,9,9.066530924925713
5,9,10,9,9.279621286613896
5,9,11,9,9.321016639668949
5,9,12,9,9.233558608771078
5,9,13,9,9.148010426999257
5,9,14,9,9.492483316642762
5,9,0,10,9.358060058990787
5,9,1,10,9.478858761453544
5,9,2,10,9.318610637010586
5,9,3,10,9.37746405418747
5,9,4,10,9.149844460880306
5,9,5,10,9.293497765856964
5,9,6,10,9.461687442911424
5,9,7,10,9.336148819256561
5,9,8,10,9.227240232750178
5,9,9,10,9.283203973077145
5,9,10,10,9.258390592024936
5,9,11,10,9.398681057092018
5,9,12,10,9.353427400464232
5,9,13,10,9.042375341058607
5,9,14,10,9.289668079659567
5,9,0,11,9.183867059958859
5,9,1,11,9.310706317297191
5,9,2,11,9.245699453645777
5,9,3,11,9.378945064058312
5,9,4,11,9.213261786383653
5,9,5,11,9.355984570924814
5,9,6,11,9.354627823596918
5,9,7,11,9.250871731313255
5,9,8,11,9.261029797718127
5,9,9,11,9.272491485747969
5,9,10,11,9.094117293912218
5,9,11,11,9.275378143770999
5,9,12,11,9.25427700374669
5,9,13,11,9.165349663727344
5,9,14,11,9.34157366546713
5,9,0,12,9.26634328302841
5,9,1,12,9.309124595303388
5,9,2,12,9.269885704410559
5,9,3,12,9.334487803440824
5,9,4,12,9.180122629230409
5,9,5,12,9.268752669586425
5,9,6,12,9.331825473900551
5,9,7,12,9.290846289962682
5,9,8,12,9.187005421078256
5,9,9,12,9.295455816086397
5,9,10,12,9.143383286984728
5,9,11,12,9.287984693438673
5,9,12,12,9.280630951271913
5,9,13,12,9.227016314636323
5,9,14,12,9.283140259466558
5,9,0,13,9.218370274049006
5,9,1,13,9.334854536895458
5,9,2,13,9.313768969912667
5,9,3,13,9.332603036891221
5,9,4,13,9.182260123519887
5,9,5,13,9.224502410485453
5,9,6,13,9.317491778022465
5,9,7,13,9.311621128378892
5,9,8,13,9.215564738793343
5,9,9,13,9.34433577701229
5,9,10,13,9.182868191028838
5,9,11,13,9.266193552618978
5,9,12,13,9.330614136656077
5,9,13,13,9.2399708131335
5,9,14,13,9.265043491131662
5,9,0,14,9.181298839107342
5,9,1,14,9.194015773890088
5,9,2,14,9.438060167463279
5,9,3,14,9.21698542001444
5,9,4,14,9.315460374732488
5,9,5,14,9.321465560838506
5,9,6,14,9.378067815497358
5,9,7,14,9.296889058510816
5,9,8,14,9.22157444179599
5,9,9,14,9.31924197680773
5,9,10,14,9.226445904648237
5,9,11,14,9.313469333400667
5,9,12,14,9.28077282967164
5,9,13,14,9.331933686381333
5,9,14,14,9.349513812799337
5,9,0,15,9.2073444277588
5,9,1,15,9.11757453465679
5,9,2,15,9.230689719842442
5,9,3,15,9.186942189415776
5,9,4,15,9.300417029900153
5,9,5,15,9.355574743080725
5,9,6,15,9.301509205662772
5,9,7,15,9.252494461281437
5,9,8,15,9.334164646857486
5,9,9,15,9.193711509689237
5,9,10,15,9.309449786598668
5,9,11,15,9.332350596879841
5,9,12,15,9.281006623216234
5,9,13,15,9.249575372947886
5,9,14,15,9.353133673929786
5,9,0,16,9.206937995073062
5,9,1,16,9.298792785807708
5,9,2,16,9.224829612149064
5,9,3,16,9.162389648372876
5,9,4,16,9.223115452553483
5,9,5,16,9.252101289265621
5,9,6,16,9.244467532779145
5,9,7,16,9.336064534571046
5,9,8,16,9.267199502973611
5,9,9,16,9.55217441960446
5,9,10,16,9.349763405943333
5,9,11,16,9.467637407155143
5,9,12,16,9.334225595093882
5,9,13,16,9.302479723438553
5,9,14,16,9.330356722910425
5,9,0,17,9.366981812031941
5,9,1,17,9.369055285781709
5,9,2,17,9.191838837525381
5,9,3,17,9.257287165347302
5,9,4,17,9.101180632325072
5,9,5,17,9.314138683568123
5,9,6,17,9.318589085178907
5,9,7,17,9.275864905977373
5,9,8,17,9.223024269515316
5,9,9,17,9.270121241512165
5,9,10,17,9.348925015318741
5,9,11,17,9.287400915002987
5,9,12,17,9.185723778062576
5,9,13,17,9.28666405005353
5,9,14,17,9.351343892675716
5,9,0,18,9.311258961343254
5,9,1,18,9.258525961526894
5,9,2,18,9.25665804478945
5,9,3,18,9.43224347935499
5,9,4,18,9.35570273198301
5,9,5,18,9.38152633706018
5,9,6,18,9.225655638101914
5,9,7,18,9.219794786671844
5,9,8,18,9.184363662192558
5,9,9,18,9.240478331441114
5,9,10,18,9.13683805082703
5,9,11,18,9.337079879534961
5,9,12,18,9.27717767185727
5,9,13,18,9.332758519949584
5,9,14,18,9.206789574027376
5,9,0,19,9.303040454173896
5,9,1,19,9.25950646600638
5,9,2,19,9.202649150442193
5,9,3,19,9.328861518197929
5,9,4,19,9.228385849921052
5,9,5,19,9.38446295507266
5,9,6,19,9.258072195680088
5,9,7,19,9.318825505374893
5,9,8,19,9.18540201566213
5,9,9,19,9.309575612004199
5,9,10,19,9.360673720639058
5,9,11,19,9.345711982308282
5,9,12,19,9.224635204762865
5,9,13,19,9.343304888785447
5,9,14,19,9.259179384469148
5,9,0,20,9.176003314541763
5,9,1,20,9.16713152186771
5,9,2,20,9.171276349713482
5,9,3,20,9.223600449139198
5,9,4,20,9.288531876589088
5,9,5,20,9.263872696441808
5,9,6,20,9.194950921821752
5,9,7,20,9.219967814024338
5,9,8,20,9.112133377610776
5,9,9,20,9.268410949027325
5,9,10,20,9.126585324589232
5,9,11,20,9.364412828658235
5,9,12,20,9.067429047062584
5,9,13,20,9.255898731529296
5,9,14,20,9.286634503328761
5,9,0,21,9.122534935899246
5,9,1,21,9.166946239517577
5,9,2,21,8.879787513206175
5,9,3,21,9.005780720222903
5,9,4,21,9.38260343333127
5,9,5,21,9.066533778325676
5,9,6,21,9.256277415525965
5,9,7,21,9.066524603017783
5,9,8,21,8.58220498879259
5,9,9,21,9.284789029133627
5,9,10,21,8.735722866890654
5,9,11,21,9.028287215953501
5,9,12,21,8.448198462714634
5,9,13,21,9.026099110821912
5,9,14,21,9.294321391428154
5,9,0,22,8.637759094325556
5,9,1,22,8.907396761367524
5,9,2,22,8.078944273580136
5,9,3,22,8.023214123712089
5,9,4,22,9.31271421752568
5,9,5,22,8.407439314543694
5,9,6,22,9.20086237249407
5,9,7,22,8.333686224309245
5,9,8,22,6.985162519834103
5,9,9,22,9.02213622843698
5,9,10,22,7.317894015622463
5,9,11,22,8.342705040408992
5,9,12,22,6.5416899732164016
5,9,13,22,8.004781925949151
5,9,14,22,9.045009724007768
5,10,0,0,9.403290417756292
5,10,1,0,9.243502498635833
5,10,2,0,9.027278781446679
5,10,3,0,9.30326138537508
5,10,4,0,9.182435820022468
5,10,5,0,9.113538783422223
5,10,6,0,9.314096401102148
5,10,7,0,9.336463134168207
5,10,8,0,9.338305667203446
5,10,9,0,9.321360145848038
5,10,10,0,9.273190686737584
5,10,11,0,9.218365718498106
5,10,12,0,9.140238737055176
5,10,13,0,9.348736252139553
5,10,14,0,9.341072797351915
5,10,0,1,9.517797464502662
5,10,1,1,9.277726463572296
5,10,2,1,9.356384206066613
5,10,3,1,9.382900314445525
5,10,4,1,9.334045272047634
5,10,5,1,9.283988269767608
5,10,6,1,9.33614432155142
5,10,7,1,9.291806333327292
5,10,8,1,9.318581609474345
5,10,9,1,9.330302667112504
5,10,10,1,9.299668584430988
5,10,11,1,9.337625593322388
5,10,12,1,9.25776474452618
5,10,13,1,9.198324492610174
5,10,14,1,9.382787483291578
5,10,0,2,9.426882482669
5,10,1,2,9.24862613250803
5,10,2,2,9.22953106575574
5,10,3,2,9.383140756284261
5,10,4,2,9.229859518715898
5,10,5,2,9.272471815882122
5,10,6,2,9.3049390375593
5,10,7,2,9.306089782151668
5,10,8,2,9.37414336844184
5,10,9,2,9.25651917800039
5,10,10,2,9.205760312970593
5,10,11,2,9.318066841885052
5,10,12,2,9.237766147255856
5,10,13,2,9.300880368522966
5,10,14,2,9.338762752046264
5,10,0,3,9.26708920721167
5,10,1,3,9.283024361392377
5,10,2,3,9.416663092941294
5,10,3,3,9.268156992396934
5,10,4,3,9.295309206638787
5,10,5,3,9.255137688950889
5,10,6,3,9.450833478281169
5,10,7,3,9.346831359101934
5,10,8,3,9.327589696202448
5,10,9,3,9.316426299133468
5,10,10,3,9.257085023036288
5,10,11,3,9.130464169571255
5,10,12,3,9.14889131147026
5,10,13,3,9.27634134241099
5,10,14,3,9.363441271859394
5,10,0,4,9.333283579799678
5,10,1,4,9.28538873220031
5,10,2,4,9.421672969029373
5,10,3,4,9.206368938485246
5,10,4,4,9.282699177603195
5,10,5,4,9.25244777625973
5,10,6,4,9.40686962589608
5,10,7,4,9.382798415836815
5,10,8,4,9.390275715610764
5,10,9,4,9.334523667095091
5,10,10,4,9.513097717778257
5,10,11,4,9.13194351878959
5,10,12,4,9.392879591951514
5,10,13,4,9.355671925743538
5,10,14,4,9.357541789437759
5,10,0,5,9.310906678562995
5,10,1,5,9.318670933617108
5,10,2,5,9.383565712639093
5,10,3,5,9.180548339341854
5,10,4,5,9.308286554290225
5,10,5,5,9.332137885064471
5,10,6,5,9.418107073928393
5,10,7,5,9.378273855809816
5,10,8,5,9.348755238338294
5,10,9,5,9.22265159050444
5,10,10,5,9.103563320813924
5,10,11,5,9.178679280788504
5,10,12,5,9.218505238735315
5,10,13,5,9.338733726382143
5,10,14,5,9.273985950820226
5,10,0,6,9.248908707047702
5,10,1,6,9.231703652292756
5,10,2,6,9.258500120796299
5,10,3,6,9.272301942863614
5,10,4,6,9.376088187416991
5,10,5,6,9.318265575382247
5,10,6,6,9.358228049120548
5,10,7,6,9.288748224502495
5,10,8,6,9.236920895380122
5,10,9,6,9.378039848269522
5,10,10,6,9.439289082238753
5,10,11,6,9.254367677266673
5,10,12,6,9.208364841304642
5,10,13,6,9.301795309057725
5,10,14,6,9.275786021278464
5,10,0,7,9.265289088475372
5,10,1,7,9.352418924465399
5,10,2,7,9.268110918364172
5,10,3,7,9.279088362553654
5,10,4,7,9.27177732981457
5,10,5,7,9.28497467247318
5,10,6,7,9.178160914891038
5,10,7,7,9.264462577200488
5,10,8,7,9.264087813400131
5,10,9,7,9.282996316606651
5,10,10,7,9.376542699657374
5,10,11,7,9.189663202087141
5,10,12,7,9.144719512821162
5,10,13,7,9.259768737837335
5,10,14,7,9.316186509542279
5,10,0,8,9.34867858746685
5,10,1,8,9.385848818488956
5,10,2,8,9.214567848344156
5,10,3,8,9.374750300009138
5,10,4,8,9.306627504498879
5,10,5,8,9.276288849617002
5,10,6,8,9.223198762786371
5,10,7,8,9.350491221208966
5,10,8,8,9.197613397741863
5,10,9,8,9.339483005159845
5,10,10,8,9.256522214858455
5,10,11,8,9.216017194656953
5,10,12,8,9.216138586309768
5,10,13,8,9.313320015460368
5,10,14,8,9.128955643318568
5,10,0,9,9.271490686482405
5,10,1,9,9.449829145986811
5,10,2,9,9.286146339970152
5,10,3,9,9.267542380269639
5,10,4,9,9.18620349767681
5,10,5,9,9.139760987898422
5,10,6,9,9.24280363556402
5,10,7,9,9.354758503642318
5,10,8,9,9.199529082713394
5,10,9,9,9.371071894747079
5,10,10,9,9.285380639382598
5,10,11,9,9.346947592689828
5,10,12,9,9.121271509808565
5,10,13,9,9.218175545002328
5,10,14,9,9.282874745967295
5,10,0,10,9.344160928725962
5,10,1,10,9.423321987318932
5,10,2,10,9.2756867858572
5,10,3,10,9.25310645551997
5,10,4,10,9.191950256909063
5,10,5,10,9.237371923462387
5,10,6,10,9.292806902891211
5,10,7,10,9.332074987898208
5,10,8,10,9.158466443425732
5,10,9,10,9.289221375255071
5,10,10,10,9.301598915829635
5,10,11,10,9.402046494340302
5,10,12,10,9.160919774736515
5,10,13,10,9.165998982208244
5,10,14,10,9.321024848077252
5,10,0,11,9.30675720074183
5,10,1,11,9.341729276150668
5,10,2,11,9.322272094553528
5,10,3,11,9.250190625416023
5,10,4,11,9.19637771285332
5,10,5,11,9.309937335842017
5,10,6,11,9.240208484392946
5,10,7,11,9.406911376709374
5,10,8,11,9.18562598616626
5,10,9,11,9.265527444570937
5,10,10,11,9.36403673311765
5,10,11,11,9.339638747077958
5,10,12,11,9.25599857307273
5,10,13,11,9.260063222388668
5,10,14,11,9.340013912558085
5,10,0,12,9.370992214716667
5,10,1,12,9.33182180033193
5,10,2,12,9.170386016435152
5,10,3,12,9.312912574139983
5,10,4,12,9.288727182392476
5,10,5,12,9.330277574200728
5,10,6,12,9.352321913975336
5,10,7,12,9.333469587204599
5,10,8,12,9.208014373142296
5,10,9,12,9.379915852178383
5,10,10,12,9.404006184107176
5,10,11,12,9.309766167870993
5,10,12,12,9.259990871403453
5,10,13,12,9.290908055288527
5,10,14,12,9.193713145803825
5,10,0,13,9.177717841447642
5,10,1,13,9.277966882834503
5,10,2,13,9.265695094496094
5,10,3,13,9.315809679491977
5,10,4,13,9.277346040441088
5,10,5,13,9.429507645273118
5,10,6,13,9.246352972925662
5,10,7,13,9.320752497201198
5,10,8,13,9.440861060762998
5,10,9,13,9.241801578999983
5,10,10,13,9.305718022882493
5,10,11,13,9.373111462625477
5,10,12,13,9.179822324877616
5,10,13,13,9.127138562723685
5,10,14,13,9.277140818503
5,10,0,14,9.22615073633508
5,10,1,14,9.244266725574478
5,10,2,14,9.24978427567271
5,10,3,14,9.21061971398534
5,10,4,14,9.406222388230079
5,10,5,14,9.387794398539153
5,10,6,14,9.31152924376514
5,10,7,14,9.251396551945549
5,10,8,14,9.36873541318117
5,10,9,14,9.055667205411067
5,10,10,14,9.397474408439148
5,10,11,14,9.298707484461099
5,10,12,14,9.36468810971949
5,10,13,14,9.400717806657052
5,10,14,14,9.35944886900804
5,10,0,15,9.334198343854961
5,10,1,15,9.328337736246347
5,10,2,15,9.408409992616448
5,10,3,15,9.156539501493487
5,10,4,15,9.331317160237969
5,10,5,15,9.377876933013269
5,10,6,15,9.286599583353729
5,10,7,15,9.203839791368797
5,10,8,15,9.472850313506422
5,10,9,15,9.373425023299903
5,10,10,15,9.378482606108719
5,10,11,15,9.309297951572994
5,10,12,15,9.253738780749929
5,10,13,15,9.108012054310358
5,10,14,15,9.294500825308223
5,10,0,16,9.306179988045278
5,10,1,16,9.245725476178423
5,10,2,16,9.084610941860666
5,10,3,16,9.092516418936825
5,10,4,16,9.35417010515835
5,10,5,16,9.364040739561496
5,10,6,16,9.161297361526323
5,10,7,16,9.088596616063054
5,10,8,16,9.28705872219173
5,10,9,16,9.21459221319223
5,10,10,16,9.443515861033559
5,10,11,16,9.316226387580315
5,10,12,16,9.286226094913271
5,10,13,16,9.24939648377218
5,10,14,16,9.23664589942749
5,10,0,17,9.239392902066312
5,10,1,17,9.226504133658127
5,10,2,17,9.2794985418513
5,10,3,17,9.28351097943945
5,10,4,17,9.27791744456812
5,10,5,17,9.291551670560583
5,10,6,17,9.328737199191247
5,10,7,17,9.283863998335635
5,10,8,17,9.374585689854008
5,10,9,17,9.28502167169944
5,10,10,17,9.388184076722855
5,10,11,17,9.264927299666352
5,10,12,17,9.333061631659577
5,10,13,17,9.310791712513677
5,10,14,17,9.23418050999281
5,10,0,18,9.326934943189093
5,10,1,18,9.331178835697587
5,10,2,18,9.221538287482115
5,10,3,18,9.253816360699439
5,10,4,18,9.16189066875143
5,10,5,18,9.303439059466875
5,10,6,18,9.31991526047218
5,10,7,18,9.313878777258497
5,10,8,18,9.238764072555837
5,10,9,18,9.259139618015272
5,10,10,18,9.454595875872268
5,10,11,18,9.173027476858135
5,10,12,18,9.213038440586798
5,10,13,18,9.072433824359333
5,10,14,18,9.323046043842831
5,10,0,19,9.287612722131922
5,10,1,19,9.332444756238054
5,10,2,19,9.189941101384132
5,10,3,19,9.331574655187964
5,10,4,19,9.240445407602142
5,10,5,19,9.351975782891163
5,10,6,19,9.2324006044448
5,10,7,19,9.23409963864346
5,10,8,19,9.222803141202721
5,10,9,19,8.941184192046016
5,10,10,19,9.282457293598478
5,10,11,19,9.095083826522135
5,10,12,19,9.309229518260858
5,10,13,19,9.237107037282186
5,10,14,19,9.417999959526835
5,10,0,20,9.296488955602328
5,10,1,20,9.351177215438879
5,10,2,20,9.27090830678032
5,10,3,20,9.314625245153666
5,10,4,20,9.209707063646883
5,10,5,20,9.346270103496684
5,10,6,20,9.333103994034518
5,10,7,20,9.290287185964095
5,10,8,20,9.145034661383775
5,10,9,20,8.06914072745624
5,10,10,20,9.186412210995961
5,10,11,20,8.93988442244238
5,10,12,20,9.216437189928197
5,10,13,20,9.266336123412698
5,10,14,20,9.30425125145656
5,10,0,21,9.25339662563045
5,10,1,21,9.295222232316187
5,10,2,21,9.287172679722161
5,10,3,21,9.280390385774014
5,10,4,21,9.224210466191753
5,10,5,21,9.371235191275646
5,10,6,21,9.03104962795699
5,10,7,21,9.092191457141052
5,10,8,21,8.298927212990753
5,10,9,21,4.926222971990845
5,10,10,21,8.698502030195742
5,10,11,21,9.032808601350018
5,10,12,21,9.192839007030365
5,10,13,21,8.942167008945653
5,10,14,21,9.03955372086821
5,10,0,22,9.143897505223734
5,10,1,22,9.032758296043752
5,10,2,22,9.120208748156012
5,10,3,22,9.144248015727735
5,10,4,22,8.968086556798587
5,10,5,22,9.245668045118013
5,10,6,22,8.399500555695154
5,10,7,22,8.669097218890105
5,10,8,22,5.23269063603983
5,10,9,22,0.7723306830604411
5,10,10,22,7.075166898163751
5,10,11,22,8.619359401519864
5,10,12,22,8.78136322694486
5,10,13,22,7.852382396203518
5,10,14,22,8.274818068823263
